Dataset,Target,Condition,Run,Model,RMSE,PICP80_%,n_windows
anomaly_free,Accelerometer1RMS,Clean,0,Chronos-2,0.0018001205221431066,75.20547945205479,73
anomaly_free,Accelerometer1RMS,Clean,0,TimesFM-2.5,0.0017957696698679216,77.37442922374429,73
anomaly_free,Accelerometer1RMS,Clean,0,TiRex,0.0018331875328478158,79.68036529680366,73
anomaly_free,Accelerometer1RMS,RPM 5%,0,Chronos-2,0.0018089514665755471,74.81735159817352,73
anomaly_free,Accelerometer1RMS,RPM 5%,0,TimesFM-2.5,0.0017934209995835197,77.71689497716895,73
anomaly_free,Accelerometer1RMS,RPM 5%,0,TiRex,0.0018469613221913195,78.51598173515981,73
anomaly_free,Accelerometer1RMS,RPM 5%,1,Chronos-2,0.001802410253077479,74.61187214611871,73
anomaly_free,Accelerometer1RMS,RPM 5%,1,TimesFM-2.5,0.001809473866813476,77.30593607305936,73
anomaly_free,Accelerometer1RMS,RPM 5%,1,TiRex,0.0018552475112602268,78.65296803652969,73
anomaly_free,Accelerometer1RMS,RPM 5%,2,Chronos-2,0.0018125619587261348,74.22374429223744,73
anomaly_free,Accelerometer1RMS,RPM 5%,2,TimesFM-2.5,0.001813547495855278,76.98630136986301,73
anomaly_free,Accelerometer1RMS,RPM 5%,2,TiRex,0.0018553352889294514,78.67579908675799,73
anomaly_free,Accelerometer1RMS,RPM 5%,3,Chronos-2,0.0017761842959975818,74.45205479452055,73
anomaly_free,Accelerometer1RMS,RPM 5%,3,TimesFM-2.5,0.0018130989893534236,77.26027397260275,73
anomaly_free,Accelerometer1RMS,RPM 5%,3,TiRex,0.0018408328268193516,77.99086757990867,73
anomaly_free,Accelerometer1RMS,RPM 5%,4,Chronos-2,0.0017807296053839424,75.0,73
anomaly_free,Accelerometer1RMS,RPM 5%,4,TimesFM-2.5,0.0018045645097219901,77.42009132420091,73
anomaly_free,Accelerometer1RMS,RPM 5%,4,TiRex,0.0018242687082319817,79.40639269406392,73
anomaly_free,Accelerometer1RMS,RPM 5%,5,Chronos-2,0.0018428597235541097,74.40639269406392,73
anomaly_free,Accelerometer1RMS,RPM 5%,5,TimesFM-2.5,0.0018107542043610397,77.32876712328766,73
anomaly_free,Accelerometer1RMS,RPM 5%,5,TiRex,0.0018724298619760547,77.8082191780822,73
anomaly_free,Accelerometer1RMS,RPM 5%,6,Chronos-2,0.001777073941818707,75.38812785388129,73
anomaly_free,Accelerometer1RMS,RPM 5%,6,TimesFM-2.5,0.0018006020472977025,77.42009132420091,73
anomaly_free,Accelerometer1RMS,RPM 5%,6,TiRex,0.0018137849981616808,78.94977168949772,73
anomaly_free,Accelerometer1RMS,RPM 5%,7,Chronos-2,0.001817605834096133,74.74885844748859,73
anomaly_free,Accelerometer1RMS,RPM 5%,7,TimesFM-2.5,0.0018446632228935787,76.91780821917808,73
anomaly_free,Accelerometer1RMS,RPM 5%,7,TiRex,0.0018676058418900373,78.67579908675799,73
anomaly_free,Accelerometer1RMS,RPM 5%,8,Chronos-2,0.0018047676405042769,74.9771689497717,73
anomaly_free,Accelerometer1RMS,RPM 5%,8,TimesFM-2.5,0.0018207164463526187,76.80365296803653,73
anomaly_free,Accelerometer1RMS,RPM 5%,8,TiRex,0.0018447131499434027,78.35616438356165,73
anomaly_free,Accelerometer1RMS,RPM 5%,9,Chronos-2,0.0018293518630767016,74.26940639269407,73
anomaly_free,Accelerometer1RMS,RPM 5%,9,TimesFM-2.5,0.0018041072405374984,77.26027397260275,73
anomaly_free,Accelerometer1RMS,RPM 5%,9,TiRex,0.001843670454517966,78.67579908675799,73
anomaly_free,Accelerometer1RMS,RPM 10%,0,Chronos-2,0.0017987030436077316,75.50228310502283,73
anomaly_free,Accelerometer1RMS,RPM 10%,0,TimesFM-2.5,0.001810193259368819,77.03196347031962,73
anomaly_free,Accelerometer1RMS,RPM 10%,0,TiRex,0.0018530427497131267,77.12328767123287,73
anomaly_free,Accelerometer1RMS,RPM 10%,1,Chronos-2,0.0018295399045468981,74.42922374429224,73
anomaly_free,Accelerometer1RMS,RPM 10%,1,TimesFM-2.5,0.0018218909981016697,76.78082191780821,73
anomaly_free,Accelerometer1RMS,RPM 10%,1,TiRex,0.0018564265556270797,76.98630136986301,73
anomaly_free,Accelerometer1RMS,RPM 10%,2,Chronos-2,0.0018431655118020995,74.29223744292237,73
anomaly_free,Accelerometer1RMS,RPM 10%,2,TimesFM-2.5,0.0018141943314770408,76.5296803652968,73
anomaly_free,Accelerometer1RMS,RPM 10%,2,TiRex,0.0018878395304495255,76.25570776255708,73
anomaly_free,Accelerometer1RMS,RPM 10%,3,Chronos-2,0.0018225226482594867,74.29223744292237,73
anomaly_free,Accelerometer1RMS,RPM 10%,3,TimesFM-2.5,0.001827469850853609,76.68949771689498,73
anomaly_free,Accelerometer1RMS,RPM 10%,3,TiRex,0.0018502680332328674,77.19178082191782,73
anomaly_free,Accelerometer1RMS,RPM 10%,4,Chronos-2,0.0018091933507084434,75.34246575342466,73
anomaly_free,Accelerometer1RMS,RPM 10%,4,TimesFM-2.5,0.001806585730899213,76.98630136986301,73
anomaly_free,Accelerometer1RMS,RPM 10%,4,TiRex,0.0018802165117196437,77.12328767123287,73
anomaly_free,Accelerometer1RMS,RPM 10%,5,Chronos-2,0.0017787631103774342,75.15981735159816,73
anomaly_free,Accelerometer1RMS,RPM 10%,5,TimesFM-2.5,0.0018070371561786879,76.55251141552512,73
anomaly_free,Accelerometer1RMS,RPM 10%,5,TiRex,0.0018508559041968348,77.42009132420091,73
anomaly_free,Accelerometer1RMS,RPM 10%,6,Chronos-2,0.0017810260051250237,74.72602739726028,73
anomaly_free,Accelerometer1RMS,RPM 10%,6,TimesFM-2.5,0.001795584452282399,76.9406392694064,73
anomaly_free,Accelerometer1RMS,RPM 10%,6,TiRex,0.0018582320971642582,77.48858447488584,73
anomaly_free,Accelerometer1RMS,RPM 10%,7,Chronos-2,0.0018029700587781513,75.0,73
anomaly_free,Accelerometer1RMS,RPM 10%,7,TimesFM-2.5,0.001814426715951052,76.62100456621005,73
anomaly_free,Accelerometer1RMS,RPM 10%,7,TiRex,0.0018691566175012572,76.89497716894978,73
anomaly_free,Accelerometer1RMS,RPM 10%,8,Chronos-2,0.0018127599158443697,75.18264840182648,73
anomaly_free,Accelerometer1RMS,RPM 10%,8,TimesFM-2.5,0.001827114974029402,77.03196347031962,73
anomaly_free,Accelerometer1RMS,RPM 10%,8,TiRex,0.0018692354545362434,76.7579908675799,73
anomaly_free,Accelerometer1RMS,RPM 10%,9,Chronos-2,0.0017855594402872625,75.0228310502283,73
anomaly_free,Accelerometer1RMS,RPM 10%,9,TimesFM-2.5,0.0017928998564391738,76.82648401826484,73
anomaly_free,Accelerometer1RMS,RPM 10%,9,TiRex,0.0018490734607535522,76.7579908675799,73
anomaly_free,Accelerometer1RMS,RPM 20%,0,Chronos-2,0.001830378508360134,74.15525114155251,73
anomaly_free,Accelerometer1RMS,RPM 20%,0,TimesFM-2.5,0.0018331828061586932,76.64383561643837,73
anomaly_free,Accelerometer1RMS,RPM 20%,0,TiRex,0.001873210160219633,76.9406392694064,73
anomaly_free,Accelerometer1RMS,RPM 20%,1,Chronos-2,0.0018081210780197012,73.9041095890411,73
anomaly_free,Accelerometer1RMS,RPM 20%,1,TimesFM-2.5,0.001817678991461357,75.79908675799086,73
anomaly_free,Accelerometer1RMS,RPM 20%,1,TiRex,0.001840611531579462,75.75342465753425,73
anomaly_free,Accelerometer1RMS,RPM 20%,2,Chronos-2,0.0018680144844059725,74.20091324200914,73
anomaly_free,Accelerometer1RMS,RPM 20%,2,TimesFM-2.5,0.0018568153651170659,76.36986301369863,73
anomaly_free,Accelerometer1RMS,RPM 20%,2,TiRex,0.0018215687817937129,76.43835616438356,73
anomaly_free,Accelerometer1RMS,RPM 20%,3,Chronos-2,0.0018342159376487884,74.47488584474885,73
anomaly_free,Accelerometer1RMS,RPM 20%,3,TimesFM-2.5,0.0018795535732784776,76.02739726027397,73
anomaly_free,Accelerometer1RMS,RPM 20%,3,TiRex,0.0019147985177964692,74.93150684931507,73
anomaly_free,Accelerometer1RMS,RPM 20%,4,Chronos-2,0.0018387883223405794,74.68036529680366,73
anomaly_free,Accelerometer1RMS,RPM 20%,4,TimesFM-2.5,0.0017984568186452607,76.05022831050229,73
anomaly_free,Accelerometer1RMS,RPM 20%,4,TiRex,0.0018656296296906468,76.00456621004567,73
anomaly_free,Accelerometer1RMS,RPM 20%,5,Chronos-2,0.0018206329312350719,75.77625570776256,73
anomaly_free,Accelerometer1RMS,RPM 20%,5,TimesFM-2.5,0.0018346763198876207,76.68949771689498,73
anomaly_free,Accelerometer1RMS,RPM 20%,5,TiRex,0.001847980143496289,76.84931506849315,73
anomaly_free,Accelerometer1RMS,RPM 20%,6,Chronos-2,0.001820625458046639,75.06849315068493,73
anomaly_free,Accelerometer1RMS,RPM 20%,6,TimesFM-2.5,0.0018339452207591957,76.34703196347033,73
anomaly_free,Accelerometer1RMS,RPM 20%,6,TiRex,0.001863968137229557,76.5068493150685,73
anomaly_free,Accelerometer1RMS,RPM 20%,7,Chronos-2,0.0018561741399666409,74.06392694063926,73
anomaly_free,Accelerometer1RMS,RPM 20%,7,TimesFM-2.5,0.001901477026239011,75.61643835616438,73
anomaly_free,Accelerometer1RMS,RPM 20%,7,TiRex,0.0019136944551270774,75.38812785388129,73
anomaly_free,Accelerometer1RMS,RPM 20%,8,Chronos-2,0.0017955911159913745,75.04566210045662,73
anomaly_free,Accelerometer1RMS,RPM 20%,8,TimesFM-2.5,0.001843212297813606,75.61643835616438,73
anomaly_free,Accelerometer1RMS,RPM 20%,8,TiRex,0.0018444071821188909,76.62100456621005,73
anomaly_free,Accelerometer1RMS,RPM 20%,9,Chronos-2,0.0018031059125638426,74.72602739726028,73
anomaly_free,Accelerometer1RMS,RPM 20%,9,TimesFM-2.5,0.0018947848893760024,75.8675799086758,73
anomaly_free,Accelerometer1RMS,RPM 20%,9,TiRex,0.0018907698041100193,75.13698630136987,73
anomaly_free,Accelerometer1RMS,CBM 100,0,Chronos-2,0.001801151702467032,75.0,73
anomaly_free,Accelerometer1RMS,CBM 100,0,TimesFM-2.5,0.0018216273553727678,80.57077625570777,73
anomaly_free,Accelerometer1RMS,CBM 100,0,TiRex,0.0018548308455250309,79.31506849315069,73
anomaly_free,Accelerometer1RMS,CBM 100,1,Chronos-2,0.001787121509933007,76.07305936073058,73
anomaly_free,Accelerometer1RMS,CBM 100,1,TimesFM-2.5,0.0018226566778693828,80.68493150684931,73
anomaly_free,Accelerometer1RMS,CBM 100,1,TiRex,0.001817448929844448,80.36529680365297,73
anomaly_free,Accelerometer1RMS,CBM 100,2,Chronos-2,0.001807301316294586,75.50228310502283,73
anomaly_free,Accelerometer1RMS,CBM 100,2,TimesFM-2.5,0.0018143588563870842,79.47488584474885,73
anomaly_free,Accelerometer1RMS,CBM 100,2,TiRex,0.001839422074554761,79.93150684931507,73
anomaly_free,Accelerometer1RMS,CBM 100,3,Chronos-2,0.0017931446620293367,76.05022831050229,73
anomaly_free,Accelerometer1RMS,CBM 100,3,TimesFM-2.5,0.0018320468737631286,80.79908675799086,73
anomaly_free,Accelerometer1RMS,CBM 100,3,TiRex,0.0018494324728795604,80.11415525114155,73
anomaly_free,Accelerometer1RMS,CBM 100,4,Chronos-2,0.001828191045921225,74.61187214611871,73
anomaly_free,Accelerometer1RMS,CBM 100,4,TimesFM-2.5,0.0018682853914513617,80.47945205479452,73
anomaly_free,Accelerometer1RMS,CBM 100,4,TiRex,0.0019065634456492471,79.42922374429223,73
anomaly_free,Accelerometer1RMS,CBM 100,5,Chronos-2,0.0018054283448911896,75.93607305936074,73
anomaly_free,Accelerometer1RMS,CBM 100,5,TimesFM-2.5,0.0018408755564320708,80.45662100456622,73
anomaly_free,Accelerometer1RMS,CBM 100,5,TiRex,0.0018486274682309606,80.54794520547945,73
anomaly_free,Accelerometer1RMS,CBM 100,6,Chronos-2,0.0018049863437521211,75.04566210045662,73
anomaly_free,Accelerometer1RMS,CBM 100,6,TimesFM-2.5,0.0018065192472698503,80.73059360730593,73
anomaly_free,Accelerometer1RMS,CBM 100,6,TiRex,0.0018100292383321582,80.68493150684931,73
anomaly_free,Accelerometer1RMS,CBM 100,7,Chronos-2,0.0017293469847731262,77.55707762557078,73
anomaly_free,Accelerometer1RMS,CBM 100,7,TimesFM-2.5,0.0018042344973655611,79.22374429223744,73
anomaly_free,Accelerometer1RMS,CBM 100,7,TiRex,0.0017598850147934812,80.75342465753424,73
anomaly_free,Accelerometer1RMS,CBM 100,8,Chronos-2,0.0017961493259267501,76.23287671232876,73
anomaly_free,Accelerometer1RMS,CBM 100,8,TimesFM-2.5,0.0018997482943217566,79.49771689497716,73
anomaly_free,Accelerometer1RMS,CBM 100,8,TiRex,0.001819799894433329,80.09132420091323,73
anomaly_free,Accelerometer1RMS,CBM 100,9,Chronos-2,0.0018385463560204637,75.31963470319634,73
anomaly_free,Accelerometer1RMS,CBM 100,9,TimesFM-2.5,0.0018615806526833016,80.11415525114155,73
anomaly_free,Accelerometer1RMS,CBM 100,9,TiRex,0.001817904017983124,80.04566210045661,73
anomaly_free,Accelerometer1RMS,CBM 200,0,Chronos-2,0.0018403650779081366,75.25114155251141,73
anomaly_free,Accelerometer1RMS,CBM 200,0,TimesFM-2.5,0.0018487829073618098,79.15525114155251,73
anomaly_free,Accelerometer1RMS,CBM 200,0,TiRex,0.0018697060875060405,80.22831050228311,73
anomaly_free,Accelerometer1RMS,CBM 200,1,Chronos-2,0.0018184215128294885,75.20547945205479,73
anomaly_free,Accelerometer1RMS,CBM 200,1,TimesFM-2.5,0.0018236662472814835,81.52968036529681,73
anomaly_free,Accelerometer1RMS,CBM 200,1,TiRex,0.0018709745579200037,79.84018264840182,73
anomaly_free,Accelerometer1RMS,CBM 200,2,Chronos-2,0.0018865645258559528,76.02739726027397,73
anomaly_free,Accelerometer1RMS,CBM 200,2,TimesFM-2.5,0.0018881947379929792,81.7579908675799,73
anomaly_free,Accelerometer1RMS,CBM 200,2,TiRex,0.0018699829778484277,80.47945205479452,73
anomaly_free,Accelerometer1RMS,CBM 200,3,Chronos-2,0.0018577690279046068,74.20091324200914,73
anomaly_free,Accelerometer1RMS,CBM 200,3,TimesFM-2.5,0.0019044278930238417,80.6164383561644,73
anomaly_free,Accelerometer1RMS,CBM 200,3,TiRex,0.001881626389951409,79.86301369863014,73
anomaly_free,Accelerometer1RMS,CBM 200,4,Chronos-2,0.0018217083066702344,75.52511415525115,73
anomaly_free,Accelerometer1RMS,CBM 200,4,TimesFM-2.5,0.0018247522388429637,81.68949771689498,73
anomaly_free,Accelerometer1RMS,CBM 200,4,TiRex,0.0018549467492903677,79.95433789954338,73
anomaly_free,Accelerometer1RMS,CBM 200,5,Chronos-2,0.0018586557428917384,75.0,73
anomaly_free,Accelerometer1RMS,CBM 200,5,TimesFM-2.5,0.0018421241002387735,82.05479452054794,73
anomaly_free,Accelerometer1RMS,CBM 200,5,TiRex,0.0018500431836855138,79.1095890410959,73
anomaly_free,Accelerometer1RMS,CBM 200,6,Chronos-2,0.0018062833182977795,75.47945205479452,73
anomaly_free,Accelerometer1RMS,CBM 200,6,TimesFM-2.5,0.0018291835549310502,81.87214611872146,73
anomaly_free,Accelerometer1RMS,CBM 200,6,TiRex,0.0018470343527851939,79.95433789954338,73
anomaly_free,Accelerometer1RMS,CBM 200,7,Chronos-2,0.001849967511743094,75.31963470319634,73
anomaly_free,Accelerometer1RMS,CBM 200,7,TimesFM-2.5,0.0018565427008434942,81.23287671232877,73
anomaly_free,Accelerometer1RMS,CBM 200,7,TiRex,0.0018486200918173049,80.57077625570777,73
anomaly_free,Accelerometer1RMS,CBM 200,8,Chronos-2,0.0018794005849814986,76.0958904109589,73
anomaly_free,Accelerometer1RMS,CBM 200,8,TimesFM-2.5,0.0018806353587414674,81.78082191780823,73
anomaly_free,Accelerometer1RMS,CBM 200,8,TiRex,0.0019077810940562002,79.17808219178082,73
anomaly_free,Accelerometer1RMS,CBM 200,9,Chronos-2,0.0018763564431342461,76.27853881278538,73
anomaly_free,Accelerometer1RMS,CBM 200,9,TimesFM-2.5,0.0018459244210076425,82.3744292237443,73
anomaly_free,Accelerometer1RMS,CBM 200,9,TiRex,0.0018793160297229993,79.9771689497717,73
anomaly_free,Accelerometer1RMS,CBM 400,0,Chronos-2,0.00197428808519023,76.07305936073058,73
anomaly_free,Accelerometer1RMS,CBM 400,0,TimesFM-2.5,0.001958283096588712,81.80365296803653,73
anomaly_free,Accelerometer1RMS,CBM 400,0,TiRex,0.0019653117905808013,79.72602739726027,73
anomaly_free,Accelerometer1RMS,CBM 400,1,Chronos-2,0.0018839389220902617,75.50228310502283,73
anomaly_free,Accelerometer1RMS,CBM 400,1,TimesFM-2.5,0.0019089705868036752,81.91780821917808,73
anomaly_free,Accelerometer1RMS,CBM 400,1,TiRex,0.0019105155617088734,81.21004566210046,73
anomaly_free,Accelerometer1RMS,CBM 400,2,Chronos-2,0.0018735725463637993,76.66666666666667,73
anomaly_free,Accelerometer1RMS,CBM 400,2,TimesFM-2.5,0.0018630577976690781,83.0365296803653,73
anomaly_free,Accelerometer1RMS,CBM 400,2,TiRex,0.0019019256739811012,79.84018264840182,73
anomaly_free,Accelerometer1RMS,CBM 400,3,Chronos-2,0.0019536935062338437,77.26027397260275,73
anomaly_free,Accelerometer1RMS,CBM 400,3,TimesFM-2.5,0.0018638648149363667,82.99086757990868,73
anomaly_free,Accelerometer1RMS,CBM 400,3,TiRex,0.0018853829789385297,80.75342465753424,73
anomaly_free,Accelerometer1RMS,CBM 400,4,Chronos-2,0.0018588508944646408,76.27853881278538,73
anomaly_free,Accelerometer1RMS,CBM 400,4,TimesFM-2.5,0.0019219032918324655,83.31050228310502,73
anomaly_free,Accelerometer1RMS,CBM 400,4,TiRex,0.0018616487196350627,80.84474885844749,73
anomaly_free,Accelerometer1RMS,CBM 400,5,Chronos-2,0.0017769389264613179,78.51598173515981,73
anomaly_free,Accelerometer1RMS,CBM 400,5,TimesFM-2.5,0.001842373741058641,83.67579908675799,73
anomaly_free,Accelerometer1RMS,CBM 400,5,TiRex,0.0019179636629297855,81.32420091324201,73
anomaly_free,Accelerometer1RMS,CBM 400,6,Chronos-2,0.0019168573822749473,77.28310502283105,73
anomaly_free,Accelerometer1RMS,CBM 400,6,TimesFM-2.5,0.0020166362094435944,79.04109589041096,73
anomaly_free,Accelerometer1RMS,CBM 400,6,TiRex,0.001916547339962957,80.73059360730593,73
anomaly_free,Accelerometer1RMS,CBM 400,7,Chronos-2,0.0018562244958837506,75.91324200913242,73
anomaly_free,Accelerometer1RMS,CBM 400,7,TimesFM-2.5,0.0019917445478724156,82.28310502283105,73
anomaly_free,Accelerometer1RMS,CBM 400,7,TiRex,0.0019183173978637343,80.38812785388127,73
anomaly_free,Accelerometer1RMS,CBM 400,8,Chronos-2,0.0017949380706714843,76.3013698630137,73
anomaly_free,Accelerometer1RMS,CBM 400,8,TimesFM-2.5,0.0019280890691771274,82.30593607305936,73
anomaly_free,Accelerometer1RMS,CBM 400,8,TiRex,0.0019427683225769347,80.75342465753424,73
anomaly_free,Accelerometer1RMS,CBM 400,9,Chronos-2,0.001896852237297431,75.31963470319634,73
anomaly_free,Accelerometer1RMS,CBM 400,9,TimesFM-2.5,0.0019096891511267194,82.21461187214612,73
anomaly_free,Accelerometer1RMS,CBM 400,9,TiRex,0.0018867662746500703,78.78995433789954,73
anomaly_free,Accelerometer1RMS,PAI +2σ at 1%,0,Chronos-2,0.0018051964041710892,75.84474885844749,73
anomaly_free,Accelerometer1RMS,PAI +2σ at 1%,0,TimesFM-2.5,0.0018199235190828444,78.63013698630137,73
anomaly_free,Accelerometer1RMS,PAI +2σ at 1%,0,TiRex,0.0018358876529634704,80.27397260273973,73
anomaly_free,Accelerometer1RMS,PAI +2σ at 1%,1,Chronos-2,0.001794547551739274,76.32420091324201,73
anomaly_free,Accelerometer1RMS,PAI +2σ at 1%,1,TimesFM-2.5,0.001821348441909273,78.85844748858447,73
anomaly_free,Accelerometer1RMS,PAI +2σ at 1%,1,TiRex,0.0018294400679343694,80.15981735159818,73
anomaly_free,Accelerometer1RMS,PAI +2σ at 1%,2,Chronos-2,0.0018069503981098145,75.82191780821917,73
anomaly_free,Accelerometer1RMS,PAI +2σ at 1%,2,TimesFM-2.5,0.0018316946106284443,78.85844748858447,73
anomaly_free,Accelerometer1RMS,PAI +2σ at 1%,2,TiRex,0.0018404463450862093,79.72602739726027,73
anomaly_free,Accelerometer1RMS,PAI +2σ at 1%,3,Chronos-2,0.0017947815003562578,76.23287671232876,73
anomaly_free,Accelerometer1RMS,PAI +2σ at 1%,3,TimesFM-2.5,0.0018260208439971617,78.58447488584474,73
anomaly_free,Accelerometer1RMS,PAI +2σ at 1%,3,TiRex,0.0018351285909882621,80.22831050228311,73
anomaly_free,Accelerometer1RMS,PAI +2σ at 1%,4,Chronos-2,0.0017830941889739177,76.39269406392694,73
anomaly_free,Accelerometer1RMS,PAI +2σ at 1%,4,TimesFM-2.5,0.0018174986885432676,79.31506849315069,73
anomaly_free,Accelerometer1RMS,PAI +2σ at 1%,4,TiRex,0.0018395478539507207,80.15981735159818,73
anomaly_free,Accelerometer1RMS,PAI +2σ at 1%,5,Chronos-2,0.0017995009612279283,76.27853881278538,73
anomaly_free,Accelerometer1RMS,PAI +2σ at 1%,5,TimesFM-2.5,0.0018250793664561823,78.81278538812785,73
anomaly_free,Accelerometer1RMS,PAI +2σ at 1%,5,TiRex,0.0018373520400302675,79.88584474885845,73
anomaly_free,Accelerometer1RMS,PAI +2σ at 1%,6,Chronos-2,0.0017980304004601001,75.98173515981735,73
anomaly_free,Accelerometer1RMS,PAI +2σ at 1%,6,TimesFM-2.5,0.0018254688319821867,78.88127853881278,73
anomaly_free,Accelerometer1RMS,PAI +2σ at 1%,6,TiRex,0.0018429376276389397,79.93150684931507,73
anomaly_free,Accelerometer1RMS,PAI +2σ at 1%,7,Chronos-2,0.0018184778936593054,76.68949771689498,73
anomaly_free,Accelerometer1RMS,PAI +2σ at 1%,7,TimesFM-2.5,0.0018434364973276625,79.01826484018265,73
anomaly_free,Accelerometer1RMS,PAI +2σ at 1%,7,TiRex,0.0018634547577821867,80.54794520547945,73
anomaly_free,Accelerometer1RMS,PAI +2σ at 1%,8,Chronos-2,0.001798103024375651,76.64383561643837,73
anomaly_free,Accelerometer1RMS,PAI +2σ at 1%,8,TimesFM-2.5,0.0018299236409590096,78.35616438356165,73
anomaly_free,Accelerometer1RMS,PAI +2σ at 1%,8,TiRex,0.0018384171482332505,80.31963470319636,73
anomaly_free,Accelerometer1RMS,PAI +2σ at 1%,9,Chronos-2,0.0017834616217419518,77.35159817351598,73
anomaly_free,Accelerometer1RMS,PAI +2σ at 1%,9,TimesFM-2.5,0.0018068796774783162,79.74885844748857,73
anomaly_free,Accelerometer1RMS,PAI +2σ at 1%,9,TiRex,0.001816961332871931,80.57077625570777,73
anomaly_free,Accelerometer1RMS,PAI +3σ at 1%,0,Chronos-2,0.0017827478912725882,77.00913242009132,73
anomaly_free,Accelerometer1RMS,PAI +3σ at 1%,0,TimesFM-2.5,0.001841132405350608,80.6164383561644,73
anomaly_free,Accelerometer1RMS,PAI +3σ at 1%,0,TiRex,0.001862637593033634,80.31963470319636,73
anomaly_free,Accelerometer1RMS,PAI +3σ at 1%,1,Chronos-2,0.001799081383420066,76.7351598173516,73
anomaly_free,Accelerometer1RMS,PAI +3σ at 1%,1,TimesFM-2.5,0.0018400860144556178,80.29680365296804,73
anomaly_free,Accelerometer1RMS,PAI +3σ at 1%,1,TiRex,0.0018476347582111825,80.06849315068493,73
anomaly_free,Accelerometer1RMS,PAI +3σ at 1%,2,Chronos-2,0.0018118001321549121,75.79908675799086,73
anomaly_free,Accelerometer1RMS,PAI +3σ at 1%,2,TimesFM-2.5,0.0018523073431640725,79.74885844748857,73
anomaly_free,Accelerometer1RMS,PAI +3σ at 1%,2,TiRex,0.0018466972557516033,79.81735159817352,73
anomaly_free,Accelerometer1RMS,PAI +3σ at 1%,3,Chronos-2,0.0017939383778894375,76.91780821917808,73
anomaly_free,Accelerometer1RMS,PAI +3σ at 1%,3,TimesFM-2.5,0.0018181741503560174,80.31963470319636,73
anomaly_free,Accelerometer1RMS,PAI +3σ at 1%,3,TiRex,0.0018378197986586972,80.38812785388127,73
anomaly_free,Accelerometer1RMS,PAI +3σ at 1%,4,Chronos-2,0.0018079516046612557,77.12328767123287,73
anomaly_free,Accelerometer1RMS,PAI +3σ at 1%,4,TimesFM-2.5,0.001837417929044814,80.4337899543379,73
anomaly_free,Accelerometer1RMS,PAI +3σ at 1%,4,TiRex,0.0018461540071011927,80.59360730593608,73
anomaly_free,Accelerometer1RMS,PAI +3σ at 1%,5,Chronos-2,0.0018126655792045775,76.16438356164383,73
anomaly_free,Accelerometer1RMS,PAI +3σ at 1%,5,TimesFM-2.5,0.0018608879283018812,80.52511415525115,73
anomaly_free,Accelerometer1RMS,PAI +3σ at 1%,5,TiRex,0.001847372483781113,81.21004566210046,73
anomaly_free,Accelerometer1RMS,PAI +3σ at 1%,6,Chronos-2,0.0017768773532567735,77.14611872146119,73
anomaly_free,Accelerometer1RMS,PAI +3σ at 1%,6,TimesFM-2.5,0.0018347998869585418,80.27397260273973,73
anomaly_free,Accelerometer1RMS,PAI +3σ at 1%,6,TiRex,0.0018554901693742074,80.57077625570777,73
anomaly_free,Accelerometer1RMS,PAI +3σ at 1%,7,Chronos-2,0.0017969247507592567,76.48401826484019,73
anomaly_free,Accelerometer1RMS,PAI +3σ at 1%,7,TimesFM-2.5,0.0018411901458294086,80.31963470319636,73
anomaly_free,Accelerometer1RMS,PAI +3σ at 1%,7,TiRex,0.0018451910878296961,80.59360730593608,73
anomaly_free,Accelerometer1RMS,PAI +3σ at 1%,8,Chronos-2,0.0018108078276613414,76.87214611872146,73
anomaly_free,Accelerometer1RMS,PAI +3σ at 1%,8,TimesFM-2.5,0.00184685932079266,79.9771689497717,73
anomaly_free,Accelerometer1RMS,PAI +3σ at 1%,8,TiRex,0.0018516517411378758,80.47945205479452,73
anomaly_free,Accelerometer1RMS,PAI +3σ at 1%,9,Chronos-2,0.0018022353884568647,77.1689497716895,73
anomaly_free,Accelerometer1RMS,PAI +3σ at 1%,9,TimesFM-2.5,0.0018487143899849456,81.02739726027397,73
anomaly_free,Accelerometer1RMS,PAI +3σ at 1%,9,TiRex,0.0018497487810047548,80.91324200913242,73
anomaly_free,Accelerometer1RMS,PAI +5σ at 1%,0,Chronos-2,0.0018358204333441194,76.14155251141553,73
anomaly_free,Accelerometer1RMS,PAI +5σ at 1%,0,TimesFM-2.5,0.001877864625805396,80.27397260273973,73
anomaly_free,Accelerometer1RMS,PAI +5σ at 1%,0,TiRex,0.001861481934966645,79.7945205479452,73
anomaly_free,Accelerometer1RMS,PAI +5σ at 1%,1,Chronos-2,0.0017931980780070786,76.36986301369863,73
anomaly_free,Accelerometer1RMS,PAI +5σ at 1%,1,TimesFM-2.5,0.0018541694411348803,81.41552511415526,73
anomaly_free,Accelerometer1RMS,PAI +5σ at 1%,1,TiRex,0.0018565288513115504,80.70776255707763,73
anomaly_free,Accelerometer1RMS,PAI +5σ at 1%,2,Chronos-2,0.001785584418145598,77.44292237442923,73
anomaly_free,Accelerometer1RMS,PAI +5σ at 1%,2,TimesFM-2.5,0.0018462222891540857,81.00456621004565,73
anomaly_free,Accelerometer1RMS,PAI +5σ at 1%,2,TiRex,0.0018473363632789536,80.50228310502283,73
anomaly_free,Accelerometer1RMS,PAI +5σ at 1%,3,Chronos-2,0.001788749307468288,76.57534246575342,73
anomaly_free,Accelerometer1RMS,PAI +5σ at 1%,3,TimesFM-2.5,0.001854312609268073,80.20547945205479,73
anomaly_free,Accelerometer1RMS,PAI +5σ at 1%,3,TiRex,0.0018445893093217436,79.95433789954338,73
anomaly_free,Accelerometer1RMS,PAI +5σ at 1%,4,Chronos-2,0.0017770653485500241,77.99086757990867,73
anomaly_free,Accelerometer1RMS,PAI +5σ at 1%,4,TimesFM-2.5,0.0018315082527554961,80.57077625570777,73
anomaly_free,Accelerometer1RMS,PAI +5σ at 1%,4,TiRex,0.0018384632237322695,80.20547945205479,73
anomaly_free,Accelerometer1RMS,PAI +5σ at 1%,5,Chronos-2,0.0017844846776205031,77.28310502283105,73
anomaly_free,Accelerometer1RMS,PAI +5σ at 1%,5,TimesFM-2.5,0.0018512495562418374,81.55251141552512,73
anomaly_free,Accelerometer1RMS,PAI +5σ at 1%,5,TiRex,0.001853816470646075,80.89041095890411,73
anomaly_free,Accelerometer1RMS,PAI +5σ at 1%,6,Chronos-2,0.001786574012235615,76.68949771689498,73
anomaly_free,Accelerometer1RMS,PAI +5σ at 1%,6,TimesFM-2.5,0.0018412075518217468,81.0958904109589,73
anomaly_free,Accelerometer1RMS,PAI +5σ at 1%,6,TiRex,0.001846468443571572,80.50228310502283,73
anomaly_free,Accelerometer1RMS,PAI +5σ at 1%,7,Chronos-2,0.0018180549906109118,77.32876712328766,73
anomaly_free,Accelerometer1RMS,PAI +5σ at 1%,7,TimesFM-2.5,0.001848813492026296,81.71232876712328,73
anomaly_free,Accelerometer1RMS,PAI +5σ at 1%,7,TiRex,0.0018612569060336348,80.75342465753424,73
anomaly_free,Accelerometer1RMS,PAI +5σ at 1%,8,Chronos-2,0.0017882092163783632,77.30593607305936,73
anomaly_free,Accelerometer1RMS,PAI +5σ at 1%,8,TimesFM-2.5,0.001855368017835844,80.91324200913242,73
anomaly_free,Accelerometer1RMS,PAI +5σ at 1%,8,TiRex,0.0018372263482559705,80.89041095890411,73
anomaly_free,Accelerometer1RMS,PAI +5σ at 1%,9,Chronos-2,0.0018391110367561164,76.41552511415524,73
anomaly_free,Accelerometer1RMS,PAI +5σ at 1%,9,TimesFM-2.5,0.0018712255240326305,80.09132420091323,73
anomaly_free,Accelerometer1RMS,PAI +5σ at 1%,9,TiRex,0.001890414923295451,79.24657534246575,73
anomaly_free,Accelerometer2RMS,Clean,0,Chronos-2,0.0014039906700381711,77.67123287671232,73
anomaly_free,Accelerometer2RMS,Clean,0,TimesFM-2.5,0.001404606938488001,78.83561643835615,73
anomaly_free,Accelerometer2RMS,Clean,0,TiRex,0.0013976320318414258,82.3744292237443,73
anomaly_free,Accelerometer2RMS,RPM 5%,0,Chronos-2,0.0013995111216786112,77.67123287671232,73
anomaly_free,Accelerometer2RMS,RPM 5%,0,TimesFM-2.5,0.0014015572161097144,78.67579908675799,73
anomaly_free,Accelerometer2RMS,RPM 5%,0,TiRex,0.0014025400117871562,82.00913242009132,73
anomaly_free,Accelerometer2RMS,RPM 5%,1,Chronos-2,0.001402324449282297,77.53424657534246,73
anomaly_free,Accelerometer2RMS,RPM 5%,1,TimesFM-2.5,0.001417835785116109,78.31050228310502,73
anomaly_free,Accelerometer2RMS,RPM 5%,1,TiRex,0.001403118243920278,81.7579908675799,73
anomaly_free,Accelerometer2RMS,RPM 5%,2,Chronos-2,0.0014002448147082773,77.78538812785388,73
anomaly_free,Accelerometer2RMS,RPM 5%,2,TimesFM-2.5,0.0014082671767545406,78.37899543378995,73
anomaly_free,Accelerometer2RMS,RPM 5%,2,TiRex,0.001410676240458905,81.41552511415526,73
anomaly_free,Accelerometer2RMS,RPM 5%,3,Chronos-2,0.0013971428070539576,78.05936073059361,73
anomaly_free,Accelerometer2RMS,RPM 5%,3,TimesFM-2.5,0.001414111284877747,78.65296803652969,73
anomaly_free,Accelerometer2RMS,RPM 5%,3,TiRex,0.0014134266868330845,81.94063926940639,73
anomaly_free,Accelerometer2RMS,RPM 5%,4,Chronos-2,0.0014045519333178201,77.64840182648402,73
anomaly_free,Accelerometer2RMS,RPM 5%,4,TimesFM-2.5,0.0014207387147589746,78.58447488584474,73
anomaly_free,Accelerometer2RMS,RPM 5%,4,TiRex,0.0014058579642679356,81.7579908675799,73
anomaly_free,Accelerometer2RMS,RPM 5%,5,Chronos-2,0.0013999134337546796,77.35159817351598,73
anomaly_free,Accelerometer2RMS,RPM 5%,5,TimesFM-2.5,0.0014179356103908188,78.56164383561644,73
anomaly_free,Accelerometer2RMS,RPM 5%,5,TiRex,0.0014010401661656848,81.68949771689498,73
anomaly_free,Accelerometer2RMS,RPM 5%,6,Chronos-2,0.0014041476204129887,77.78538812785388,73
anomaly_free,Accelerometer2RMS,RPM 5%,6,TimesFM-2.5,0.00139992310929462,78.74429223744292,73
anomaly_free,Accelerometer2RMS,RPM 5%,6,TiRex,0.0013970332877648957,81.71232876712328,73
anomaly_free,Accelerometer2RMS,RPM 5%,7,Chronos-2,0.0014157264836437728,77.1689497716895,73
anomaly_free,Accelerometer2RMS,RPM 5%,7,TimesFM-2.5,0.00141353632812776,78.19634703196347,73
anomaly_free,Accelerometer2RMS,RPM 5%,7,TiRex,0.0014185952444487546,81.18721461187215,73
anomaly_free,Accelerometer2RMS,RPM 5%,8,Chronos-2,0.0014110954972694505,77.44292237442923,73
anomaly_free,Accelerometer2RMS,RPM 5%,8,TimesFM-2.5,0.0014129090204488375,78.76712328767124,73
anomaly_free,Accelerometer2RMS,RPM 5%,8,TiRex,0.0014087759785089639,81.34703196347031,73
anomaly_free,Accelerometer2RMS,RPM 5%,9,Chronos-2,0.0014049915392029808,77.57990867579909,73
anomaly_free,Accelerometer2RMS,RPM 5%,9,TimesFM-2.5,0.0013990123352820637,78.69863013698631,73
anomaly_free,Accelerometer2RMS,RPM 5%,9,TiRex,0.0014110726591559878,81.62100456621005,73
anomaly_free,Accelerometer2RMS,RPM 10%,0,Chronos-2,0.0014029416128000438,77.6027397260274,73
anomaly_free,Accelerometer2RMS,RPM 10%,0,TimesFM-2.5,0.0014118835013627207,77.89954337899543,73
anomaly_free,Accelerometer2RMS,RPM 10%,0,TiRex,0.0014185549724808988,80.54794520547945,73
anomaly_free,Accelerometer2RMS,RPM 10%,1,Chronos-2,0.001420389330962999,76.87214611872146,73
anomaly_free,Accelerometer2RMS,RPM 10%,1,TimesFM-2.5,0.0014413091737440892,77.6027397260274,73
anomaly_free,Accelerometer2RMS,RPM 10%,1,TiRex,0.0014281104625294514,80.06849315068493,73
anomaly_free,Accelerometer2RMS,RPM 10%,2,Chronos-2,0.0013852567445707365,77.94520547945206,73
anomaly_free,Accelerometer2RMS,RPM 10%,2,TimesFM-2.5,0.001426028235673658,78.10502283105023,73
anomaly_free,Accelerometer2RMS,RPM 10%,2,TiRex,0.0014147956728812084,80.15981735159818,73
anomaly_free,Accelerometer2RMS,RPM 10%,3,Chronos-2,0.001408263960904876,77.1689497716895,73
anomaly_free,Accelerometer2RMS,RPM 10%,3,TimesFM-2.5,0.0013842312246379709,78.85844748858447,73
anomaly_free,Accelerometer2RMS,RPM 10%,3,TiRex,0.0014212757610342162,80.06849315068493,73
anomaly_free,Accelerometer2RMS,RPM 10%,4,Chronos-2,0.0014018340813299725,77.85388127853882,73
anomaly_free,Accelerometer2RMS,RPM 10%,4,TimesFM-2.5,0.0014501327609374739,77.69406392694064,73
anomaly_free,Accelerometer2RMS,RPM 10%,4,TiRex,0.0014227210012008205,80.57077625570777,73
anomaly_free,Accelerometer2RMS,RPM 10%,5,Chronos-2,0.0014086673755246684,77.3972602739726,73
anomaly_free,Accelerometer2RMS,RPM 10%,5,TimesFM-2.5,0.0014309058720545407,78.2420091324201,73
anomaly_free,Accelerometer2RMS,RPM 10%,5,TiRex,0.0014261252166698657,80.79908675799086,73
anomaly_free,Accelerometer2RMS,RPM 10%,6,Chronos-2,0.0013950273229844713,77.6255707762557,73
anomaly_free,Accelerometer2RMS,RPM 10%,6,TimesFM-2.5,0.0014362707632456777,77.94520547945206,73
anomaly_free,Accelerometer2RMS,RPM 10%,6,TiRex,0.001435303823385162,79.84018264840182,73
anomaly_free,Accelerometer2RMS,RPM 10%,7,Chronos-2,0.0014032209472408272,77.64840182648402,73
anomaly_free,Accelerometer2RMS,RPM 10%,7,TimesFM-2.5,0.0014179662876482805,77.99086757990867,73
anomaly_free,Accelerometer2RMS,RPM 10%,7,TiRex,0.0014307529927383082,80.54794520547945,73
anomaly_free,Accelerometer2RMS,RPM 10%,8,Chronos-2,0.001414430395067811,76.1187214611872,73
anomaly_free,Accelerometer2RMS,RPM 10%,8,TimesFM-2.5,0.0014225657351231256,77.57990867579909,73
anomaly_free,Accelerometer2RMS,RPM 10%,8,TiRex,0.0014259810379023581,80.04566210045661,73
anomaly_free,Accelerometer2RMS,RPM 10%,9,Chronos-2,0.0014019383243509113,77.55707762557078,73
anomaly_free,Accelerometer2RMS,RPM 10%,9,TimesFM-2.5,0.0014004039708635277,78.2876712328767,73
anomaly_free,Accelerometer2RMS,RPM 10%,9,TiRex,0.001417977146931388,80.25114155251141,73
anomaly_free,Accelerometer2RMS,RPM 20%,0,Chronos-2,0.0013889920287270205,77.46575342465754,73
anomaly_free,Accelerometer2RMS,RPM 20%,0,TimesFM-2.5,0.0014512174693893554,77.30593607305936,73
anomaly_free,Accelerometer2RMS,RPM 20%,0,TiRex,0.0014552916180277152,79.7945205479452,73
anomaly_free,Accelerometer2RMS,RPM 20%,1,Chronos-2,0.001405720855886559,76.32420091324201,73
anomaly_free,Accelerometer2RMS,RPM 20%,1,TimesFM-2.5,0.0014193708789247026,76.9406392694064,73
anomaly_free,Accelerometer2RMS,RPM 20%,1,TiRex,0.0014493453724519257,79.17808219178082,73
anomaly_free,Accelerometer2RMS,RPM 20%,2,Chronos-2,0.0013990187229630982,77.1689497716895,73
anomaly_free,Accelerometer2RMS,RPM 20%,2,TimesFM-2.5,0.0014069564980883798,76.71232876712328,73
anomaly_free,Accelerometer2RMS,RPM 20%,2,TiRex,0.0014416143788651855,79.20091324200914,73
anomaly_free,Accelerometer2RMS,RPM 20%,3,Chronos-2,0.001394510597271913,77.48858447488584,73
anomaly_free,Accelerometer2RMS,RPM 20%,3,TimesFM-2.5,0.0014233705653233719,77.55707762557078,73
anomaly_free,Accelerometer2RMS,RPM 20%,3,TiRex,0.0014452747299590124,79.63470319634703,73
anomaly_free,Accelerometer2RMS,RPM 20%,4,Chronos-2,0.0013869558715122595,77.46575342465754,73
anomaly_free,Accelerometer2RMS,RPM 20%,4,TimesFM-2.5,0.0014182977661785984,77.76255707762557,73
anomaly_free,Accelerometer2RMS,RPM 20%,4,TiRex,0.0014405758279540698,79.81735159817352,73
anomaly_free,Accelerometer2RMS,RPM 20%,5,Chronos-2,0.0013824107977478636,77.55707762557078,73
anomaly_free,Accelerometer2RMS,RPM 20%,5,TimesFM-2.5,0.001409340429137721,77.57990867579909,73
anomaly_free,Accelerometer2RMS,RPM 20%,5,TiRex,0.0014342997662126892,79.72602739726027,73
anomaly_free,Accelerometer2RMS,RPM 20%,6,Chronos-2,0.0013830529518673081,77.10045662100457,73
anomaly_free,Accelerometer2RMS,RPM 20%,6,TimesFM-2.5,0.0014186938094445988,77.64840182648402,73
anomaly_free,Accelerometer2RMS,RPM 20%,6,TiRex,0.0014289460543989608,79.72602739726027,73
anomaly_free,Accelerometer2RMS,RPM 20%,7,Chronos-2,0.001405402644578145,77.14611872146119,73
anomaly_free,Accelerometer2RMS,RPM 20%,7,TimesFM-2.5,0.0014272164061046103,77.6255707762557,73
anomaly_free,Accelerometer2RMS,RPM 20%,7,TiRex,0.0014592523922168073,78.9269406392694,73
anomaly_free,Accelerometer2RMS,RPM 20%,8,Chronos-2,0.0014072191046978165,76.66666666666667,73
anomaly_free,Accelerometer2RMS,RPM 20%,8,TimesFM-2.5,0.0014094475582428218,77.23744292237443,73
anomaly_free,Accelerometer2RMS,RPM 20%,8,TiRex,0.001449819778060048,80.34246575342465,73
anomaly_free,Accelerometer2RMS,RPM 20%,9,Chronos-2,0.001399556889269395,76.91780821917808,73
anomaly_free,Accelerometer2RMS,RPM 20%,9,TimesFM-2.5,0.0014332853490196975,77.14611872146119,73
anomaly_free,Accelerometer2RMS,RPM 20%,9,TiRex,0.0014531272672241777,79.61187214611873,73
anomaly_free,Accelerometer2RMS,CBM 100,0,Chronos-2,0.0014182880955659507,78.05936073059361,73
anomaly_free,Accelerometer2RMS,CBM 100,0,TimesFM-2.5,0.0014128858020372545,82.99086757990868,73
anomaly_free,Accelerometer2RMS,CBM 100,0,TiRex,0.001406983877727578,81.66666666666667,73
anomaly_free,Accelerometer2RMS,CBM 100,1,Chronos-2,0.0014221716116837666,77.94520547945206,73
anomaly_free,Accelerometer2RMS,CBM 100,1,TimesFM-2.5,0.0014289199836681587,82.3744292237443,73
anomaly_free,Accelerometer2RMS,CBM 100,1,TiRex,0.001411086080198471,82.00913242009132,73
anomaly_free,Accelerometer2RMS,CBM 100,2,Chronos-2,0.0014157169281932668,77.69406392694064,73
anomaly_free,Accelerometer2RMS,CBM 100,2,TimesFM-2.5,0.001429981898536771,83.10502283105022,73
anomaly_free,Accelerometer2RMS,CBM 100,2,TiRex,0.0014182714833855744,81.82648401826485,73
anomaly_free,Accelerometer2RMS,CBM 100,3,Chronos-2,0.0014025087157321634,77.6255707762557,73
anomaly_free,Accelerometer2RMS,CBM 100,3,TimesFM-2.5,0.0014118244035636485,82.57990867579909,73
anomaly_free,Accelerometer2RMS,CBM 100,3,TiRex,0.0013858545123226454,83.0365296803653,73
anomaly_free,Accelerometer2RMS,CBM 100,4,Chronos-2,0.0014150093546751775,78.44748858447488,73
anomaly_free,Accelerometer2RMS,CBM 100,4,TimesFM-2.5,0.0014334252348616042,82.44292237442923,73
anomaly_free,Accelerometer2RMS,CBM 100,4,TiRex,0.0014123037956731488,82.26027397260273,73
anomaly_free,Accelerometer2RMS,CBM 100,5,Chronos-2,0.0014024867220643227,77.94520547945206,73
anomaly_free,Accelerometer2RMS,CBM 100,5,TimesFM-2.5,0.001413950800000184,82.21461187214612,73
anomaly_free,Accelerometer2RMS,CBM 100,5,TiRex,0.0013887497306656173,82.69406392694064,73
anomaly_free,Accelerometer2RMS,CBM 100,6,Chronos-2,0.0014287285842101095,77.48858447488584,73
anomaly_free,Accelerometer2RMS,CBM 100,6,TimesFM-2.5,0.0014416121548495903,82.3744292237443,73
anomaly_free,Accelerometer2RMS,CBM 100,6,TiRex,0.0014086950560136654,82.14611872146119,73
anomaly_free,Accelerometer2RMS,CBM 100,7,Chronos-2,0.001407723861334004,77.46575342465754,73
anomaly_free,Accelerometer2RMS,CBM 100,7,TimesFM-2.5,0.0014184258870062053,83.35616438356165,73
anomaly_free,Accelerometer2RMS,CBM 100,7,TiRex,0.0014000087615677473,81.84931506849315,73
anomaly_free,Accelerometer2RMS,CBM 100,8,Chronos-2,0.0014211943409036417,77.76255707762557,73
anomaly_free,Accelerometer2RMS,CBM 100,8,TimesFM-2.5,0.0014125817235501605,82.8310502283105,73
anomaly_free,Accelerometer2RMS,CBM 100,8,TiRex,0.0014120216666401756,82.10045662100457,73
anomaly_free,Accelerometer2RMS,CBM 100,9,Chronos-2,0.001410658445516059,76.96347031963471,73
anomaly_free,Accelerometer2RMS,CBM 100,9,TimesFM-2.5,0.001442490963759842,81.9634703196347,73
anomaly_free,Accelerometer2RMS,CBM 100,9,TiRex,0.0013996737009939,82.69406392694064,73
anomaly_free,Accelerometer2RMS,CBM 200,0,Chronos-2,0.001447502566576044,76.71232876712328,73
anomaly_free,Accelerometer2RMS,CBM 200,0,TimesFM-2.5,0.0014221764987049665,83.76712328767123,73
anomaly_free,Accelerometer2RMS,CBM 200,0,TiRex,0.001407386932487063,82.73972602739727,73
anomaly_free,Accelerometer2RMS,CBM 200,1,Chronos-2,0.001429148454564927,77.55707762557078,73
anomaly_free,Accelerometer2RMS,CBM 200,1,TimesFM-2.5,0.0014251783440238515,84.52054794520548,73
anomaly_free,Accelerometer2RMS,CBM 200,1,TiRex,0.0014002916273191353,82.26027397260273,73
anomaly_free,Accelerometer2RMS,CBM 200,2,Chronos-2,0.0014336581208146588,77.67123287671232,73
anomaly_free,Accelerometer2RMS,CBM 200,2,TimesFM-2.5,0.0014246833189287536,83.2420091324201,73
anomaly_free,Accelerometer2RMS,CBM 200,2,TiRex,0.0014396976968510259,82.64840182648402,73
anomaly_free,Accelerometer2RMS,CBM 200,3,Chronos-2,0.0014157180420132501,77.78538812785388,73
anomaly_free,Accelerometer2RMS,CBM 200,3,TimesFM-2.5,0.001425583248390629,84.04109589041096,73
anomaly_free,Accelerometer2RMS,CBM 200,3,TiRex,0.001402327387831383,82.21461187214612,73
anomaly_free,Accelerometer2RMS,CBM 200,4,Chronos-2,0.001404267288371953,77.23744292237443,73
anomaly_free,Accelerometer2RMS,CBM 200,4,TimesFM-2.5,0.001420598062631256,84.5662100456621,73
anomaly_free,Accelerometer2RMS,CBM 200,4,TiRex,0.0014134971930107108,82.57990867579909,73
anomaly_free,Accelerometer2RMS,CBM 200,5,Chronos-2,0.0014279647930354662,77.46575342465754,73
anomaly_free,Accelerometer2RMS,CBM 200,5,TimesFM-2.5,0.0014283515901377245,83.4931506849315,73
anomaly_free,Accelerometer2RMS,CBM 200,5,TiRex,0.0014216046823334182,82.07762557077626,73
anomaly_free,Accelerometer2RMS,CBM 200,6,Chronos-2,0.001430146732305562,77.6027397260274,73
anomaly_free,Accelerometer2RMS,CBM 200,6,TimesFM-2.5,0.00144256766939778,83.4931506849315,73
anomaly_free,Accelerometer2RMS,CBM 200,6,TiRex,0.00140764958819173,81.94063926940639,73
anomaly_free,Accelerometer2RMS,CBM 200,7,Chronos-2,0.0014303249490508544,77.26027397260275,73
anomaly_free,Accelerometer2RMS,CBM 200,7,TimesFM-2.5,0.001432869803776712,82.48858447488584,73
anomaly_free,Accelerometer2RMS,CBM 200,7,TiRex,0.0014422578745530662,81.78082191780823,73
anomaly_free,Accelerometer2RMS,CBM 200,8,Chronos-2,0.0014335816231209112,77.55707762557078,73
anomaly_free,Accelerometer2RMS,CBM 200,8,TimesFM-2.5,0.0014238758213444061,83.78995433789954,73
anomaly_free,Accelerometer2RMS,CBM 200,8,TiRex,0.0014360289280802585,81.98630136986301,73
anomaly_free,Accelerometer2RMS,CBM 200,9,Chronos-2,0.0014063954738858006,78.17351598173516,73
anomaly_free,Accelerometer2RMS,CBM 200,9,TimesFM-2.5,0.0014134035526723742,84.40639269406392,73
anomaly_free,Accelerometer2RMS,CBM 200,9,TiRex,0.0014164363896365304,82.1689497716895,73
anomaly_free,Accelerometer2RMS,CBM 400,0,Chronos-2,0.00144574858046131,77.53424657534246,73
anomaly_free,Accelerometer2RMS,CBM 400,0,TimesFM-2.5,0.0014417392288139392,85.36529680365297,73
anomaly_free,Accelerometer2RMS,CBM 400,0,TiRex,0.001489510504166298,82.55707762557077,73
anomaly_free,Accelerometer2RMS,CBM 400,1,Chronos-2,0.0014270675017036265,78.44748858447488,73
anomaly_free,Accelerometer2RMS,CBM 400,1,TimesFM-2.5,0.00145024326421738,84.63470319634703,73
anomaly_free,Accelerometer2RMS,CBM 400,1,TiRex,0.0014461029841645273,82.62557077625571,73
anomaly_free,Accelerometer2RMS,CBM 400,2,Chronos-2,0.0014576263434002235,77.46575342465754,73
anomaly_free,Accelerometer2RMS,CBM 400,2,TimesFM-2.5,0.0014232380779232313,84.42922374429223,73
anomaly_free,Accelerometer2RMS,CBM 400,2,TiRex,0.0014563578289011909,82.14611872146119,73
anomaly_free,Accelerometer2RMS,CBM 400,3,Chronos-2,0.001432568021780748,78.4703196347032,73
anomaly_free,Accelerometer2RMS,CBM 400,3,TimesFM-2.5,0.0014460394634286384,84.01826484018264,73
anomaly_free,Accelerometer2RMS,CBM 400,3,TiRex,0.0014393808025227762,83.60730593607306,73
anomaly_free,Accelerometer2RMS,CBM 400,4,Chronos-2,0.001431613983399269,79.06392694063928,73
anomaly_free,Accelerometer2RMS,CBM 400,4,TimesFM-2.5,0.0014457228574785866,84.24657534246576,73
anomaly_free,Accelerometer2RMS,CBM 400,4,TiRex,0.0014588574971810702,82.55707762557077,73
anomaly_free,Accelerometer2RMS,CBM 400,5,Chronos-2,0.0014205261421013147,78.15068493150686,73
anomaly_free,Accelerometer2RMS,CBM 400,5,TimesFM-2.5,0.0014276176644923313,85.2054794520548,73
anomaly_free,Accelerometer2RMS,CBM 400,5,TiRex,0.0014384223781328028,83.08219178082192,73
anomaly_free,Accelerometer2RMS,CBM 400,6,Chronos-2,0.0014223611582266016,78.94977168949772,73
anomaly_free,Accelerometer2RMS,CBM 400,6,TimesFM-2.5,0.0014282932008847968,85.29680365296804,73
anomaly_free,Accelerometer2RMS,CBM 400,6,TiRex,0.0014523169331308243,82.73972602739727,73
anomaly_free,Accelerometer2RMS,CBM 400,7,Chronos-2,0.0014184043984747784,78.31050228310502,73
anomaly_free,Accelerometer2RMS,CBM 400,7,TimesFM-2.5,0.0014391223019744527,85.70776255707763,73
anomaly_free,Accelerometer2RMS,CBM 400,7,TiRex,0.0014397636783982258,82.64840182648402,73
anomaly_free,Accelerometer2RMS,CBM 400,8,Chronos-2,0.0014474069640005077,78.31050228310502,73
anomaly_free,Accelerometer2RMS,CBM 400,8,TimesFM-2.5,0.0014331597570036699,82.76255707762557,73
anomaly_free,Accelerometer2RMS,CBM 400,8,TiRex,0.0014513283136919292,83.99543378995433,73
anomaly_free,Accelerometer2RMS,CBM 400,9,Chronos-2,0.0014368823948574597,78.94977168949772,73
anomaly_free,Accelerometer2RMS,CBM 400,9,TimesFM-2.5,0.0014361266067606147,86.36986301369863,73
anomaly_free,Accelerometer2RMS,CBM 400,9,TiRex,0.0014539320384426735,82.99086757990868,73
anomaly_free,Accelerometer2RMS,PAI +2σ at 1%,0,Chronos-2,0.0014039818036838084,78.31050228310502,73
anomaly_free,Accelerometer2RMS,PAI +2σ at 1%,0,TimesFM-2.5,0.0014221303236301522,79.36073059360731,73
anomaly_free,Accelerometer2RMS,PAI +2σ at 1%,0,TiRex,0.0013966938939417035,82.64840182648402,73
anomaly_free,Accelerometer2RMS,PAI +2σ at 1%,1,Chronos-2,0.0014005017143350338,78.2876712328767,73
anomaly_free,Accelerometer2RMS,PAI +2σ at 1%,1,TimesFM-2.5,0.001416686385686502,80.02283105022832,73
anomaly_free,Accelerometer2RMS,PAI +2σ at 1%,1,TiRex,0.0013956719264468483,82.94520547945206,73
anomaly_free,Accelerometer2RMS,PAI +2σ at 1%,2,Chronos-2,0.0014055703590858386,78.56164383561644,73
anomaly_free,Accelerometer2RMS,PAI +2σ at 1%,2,TimesFM-2.5,0.0014051971010946612,80.25114155251141,73
anomaly_free,Accelerometer2RMS,PAI +2σ at 1%,2,TiRex,0.0014045041036161669,83.21917808219177,73
anomaly_free,Accelerometer2RMS,PAI +2σ at 1%,3,Chronos-2,0.001402970840805679,78.53881278538812,73
anomaly_free,Accelerometer2RMS,PAI +2σ at 1%,3,TimesFM-2.5,0.001409475515061298,79.74885844748857,73
anomaly_free,Accelerometer2RMS,PAI +2σ at 1%,3,TiRex,0.0014019182515466679,82.46575342465754,73
anomaly_free,Accelerometer2RMS,PAI +2σ at 1%,4,Chronos-2,0.0014026175933169731,78.65296803652969,73
anomaly_free,Accelerometer2RMS,PAI +2σ at 1%,4,TimesFM-2.5,0.001418230155553454,79.88584474885845,73
anomaly_free,Accelerometer2RMS,PAI +2σ at 1%,4,TiRex,0.0013998335039135462,83.08219178082192,73
anomaly_free,Accelerometer2RMS,PAI +2σ at 1%,5,Chronos-2,0.001400879768146146,78.99543378995433,73
anomaly_free,Accelerometer2RMS,PAI +2σ at 1%,5,TimesFM-2.5,0.0014157221594712803,79.81735159817352,73
anomaly_free,Accelerometer2RMS,PAI +2σ at 1%,5,TiRex,0.0013917700830640924,83.08219178082192,73
anomaly_free,Accelerometer2RMS,PAI +2σ at 1%,6,Chronos-2,0.0014072388162347852,77.92237442922374,73
anomaly_free,Accelerometer2RMS,PAI +2σ at 1%,6,TimesFM-2.5,0.0014111429023040915,79.77168949771689,73
anomaly_free,Accelerometer2RMS,PAI +2σ at 1%,6,TiRex,0.001396583767472858,83.0365296803653,73
anomaly_free,Accelerometer2RMS,PAI +2σ at 1%,7,Chronos-2,0.0014156399197561252,78.40182648401827,73
anomaly_free,Accelerometer2RMS,PAI +2σ at 1%,7,TimesFM-2.5,0.0014270467810579466,79.81735159817352,73
anomaly_free,Accelerometer2RMS,PAI +2σ at 1%,7,TiRex,0.0014088322347859403,82.80821917808218,73
anomaly_free,Accelerometer2RMS,PAI +2σ at 1%,8,Chronos-2,0.0014019365173091123,78.51598173515981,73
anomaly_free,Accelerometer2RMS,PAI +2σ at 1%,8,TimesFM-2.5,0.0014174611535682671,80.0,73
anomaly_free,Accelerometer2RMS,PAI +2σ at 1%,8,TiRex,0.0013984183698093147,82.92237442922374,73
anomaly_free,Accelerometer2RMS,PAI +2σ at 1%,9,Chronos-2,0.0014022152165111476,78.37899543378995,73
anomaly_free,Accelerometer2RMS,PAI +2σ at 1%,9,TimesFM-2.5,0.0014168430120384008,79.86301369863014,73
anomaly_free,Accelerometer2RMS,PAI +2σ at 1%,9,TiRex,0.0014004640603969354,82.8310502283105,73
anomaly_free,Accelerometer2RMS,PAI +3σ at 1%,0,Chronos-2,0.0014000788252191176,79.13242009132419,73
anomaly_free,Accelerometer2RMS,PAI +3σ at 1%,0,TimesFM-2.5,0.0014292792850639133,81.25570776255707,73
anomaly_free,Accelerometer2RMS,PAI +3σ at 1%,0,TiRex,0.0014037549791799362,83.60730593607306,73
anomaly_free,Accelerometer2RMS,PAI +3σ at 1%,1,Chronos-2,0.0014113623096272876,78.83561643835615,73
anomaly_free,Accelerometer2RMS,PAI +3σ at 1%,1,TimesFM-2.5,0.0014262038534193762,81.21004566210046,73
anomaly_free,Accelerometer2RMS,PAI +3σ at 1%,1,TiRex,0.0014024635594983158,83.7214611872146,73
anomaly_free,Accelerometer2RMS,PAI +3σ at 1%,2,Chronos-2,0.0014094827201252891,78.88127853881278,73
anomaly_free,Accelerometer2RMS,PAI +3σ at 1%,2,TimesFM-2.5,0.001430275175539849,80.93607305936074,73
anomaly_free,Accelerometer2RMS,PAI +3σ at 1%,2,TiRex,0.001406799569362739,83.65296803652969,73
anomaly_free,Accelerometer2RMS,PAI +3σ at 1%,3,Chronos-2,0.0013996629508108357,78.53881278538812,73
anomaly_free,Accelerometer2RMS,PAI +3σ at 1%,3,TimesFM-2.5,0.0014227968218159788,81.11872146118722,73
anomaly_free,Accelerometer2RMS,PAI +3σ at 1%,3,TiRex,0.0013982957934715143,83.0365296803653,73
anomaly_free,Accelerometer2RMS,PAI +3σ at 1%,4,Chronos-2,0.0014042990648274118,79.04109589041096,73
anomaly_free,Accelerometer2RMS,PAI +3σ at 1%,4,TimesFM-2.5,0.001411592074798071,81.71232876712328,73
anomaly_free,Accelerometer2RMS,PAI +3σ at 1%,4,TiRex,0.0014055931280633313,83.21917808219177,73
anomaly_free,Accelerometer2RMS,PAI +3σ at 1%,5,Chronos-2,0.001409330597789631,78.33333333333333,73
anomaly_free,Accelerometer2RMS,PAI +3σ at 1%,5,TimesFM-2.5,0.0014320222805056166,80.77625570776256,73
anomaly_free,Accelerometer2RMS,PAI +3σ at 1%,5,TiRex,0.0014113163148076779,82.73972602739727,73
anomaly_free,Accelerometer2RMS,PAI +3σ at 1%,6,Chronos-2,0.0013980785054023947,79.08675799086758,73
anomaly_free,Accelerometer2RMS,PAI +3σ at 1%,6,TimesFM-2.5,0.0014301282456420108,81.14155251141553,73
anomaly_free,Accelerometer2RMS,PAI +3σ at 1%,6,TiRex,0.0014080693384842145,83.81278538812785,73
anomaly_free,Accelerometer2RMS,PAI +3σ at 1%,7,Chronos-2,0.0014121413952043816,78.40182648401827,73
anomaly_free,Accelerometer2RMS,PAI +3σ at 1%,7,TimesFM-2.5,0.001427283674212115,80.86757990867581,73
anomaly_free,Accelerometer2RMS,PAI +3σ at 1%,7,TiRex,0.0014107939879230988,83.17351598173516,73
anomaly_free,Accelerometer2RMS,PAI +3σ at 1%,8,Chronos-2,0.0014144231333952611,79.13242009132419,73
anomaly_free,Accelerometer2RMS,PAI +3σ at 1%,8,TimesFM-2.5,0.001432135475225369,81.25570776255707,73
anomaly_free,Accelerometer2RMS,PAI +3σ at 1%,8,TiRex,0.0014231721149007143,83.15068493150685,73
anomaly_free,Accelerometer2RMS,PAI +3σ at 1%,9,Chronos-2,0.0014028601698564366,79.1095890410959,73
anomaly_free,Accelerometer2RMS,PAI +3σ at 1%,9,TimesFM-2.5,0.0014255751121923436,80.86757990867581,73
anomaly_free,Accelerometer2RMS,PAI +3σ at 1%,9,TiRex,0.0014051146676552872,83.28767123287672,73
anomaly_free,Accelerometer2RMS,PAI +5σ at 1%,0,Chronos-2,0.0014017544686871937,79.04109589041096,73
anomaly_free,Accelerometer2RMS,PAI +5σ at 1%,0,TimesFM-2.5,0.0014165405379679603,82.85388127853881,73
anomaly_free,Accelerometer2RMS,PAI +5σ at 1%,0,TiRex,0.001409566253862252,83.40182648401826,73
anomaly_free,Accelerometer2RMS,PAI +5σ at 1%,1,Chronos-2,0.0014097815183818534,79.04109589041096,73
anomaly_free,Accelerometer2RMS,PAI +5σ at 1%,1,TimesFM-2.5,0.0014156074879719122,83.44748858447488,73
anomaly_free,Accelerometer2RMS,PAI +5σ at 1%,1,TiRex,0.0014142662879259272,83.12785388127854,73
anomaly_free,Accelerometer2RMS,PAI +5σ at 1%,2,Chronos-2,0.0014025379745442887,79.24657534246575,73
anomaly_free,Accelerometer2RMS,PAI +5σ at 1%,2,TimesFM-2.5,0.0014206895327471987,83.31050228310502,73
anomaly_free,Accelerometer2RMS,PAI +5σ at 1%,2,TiRex,0.0014036131514843086,83.21917808219177,73
anomaly_free,Accelerometer2RMS,PAI +5σ at 1%,3,Chronos-2,0.001410453388198501,78.9041095890411,73
anomaly_free,Accelerometer2RMS,PAI +5σ at 1%,3,TimesFM-2.5,0.0014241423693829502,82.89954337899543,73
anomaly_free,Accelerometer2RMS,PAI +5σ at 1%,3,TiRex,0.0014148610510141939,82.71689497716895,73
anomaly_free,Accelerometer2RMS,PAI +5σ at 1%,4,Chronos-2,0.001404146678616891,78.65296803652969,73
anomaly_free,Accelerometer2RMS,PAI +5σ at 1%,4,TimesFM-2.5,0.0014149607944622974,82.78538812785388,73
anomaly_free,Accelerometer2RMS,PAI +5σ at 1%,4,TiRex,0.001413879197859402,82.92237442922374,73
anomaly_free,Accelerometer2RMS,PAI +5σ at 1%,5,Chronos-2,0.0014012483643091888,79.63470319634703,73
anomaly_free,Accelerometer2RMS,PAI +5σ at 1%,5,TimesFM-2.5,0.001435136643659989,82.92237442922374,73
anomaly_free,Accelerometer2RMS,PAI +5σ at 1%,5,TiRex,0.0014167281195734114,83.21917808219177,73
anomaly_free,Accelerometer2RMS,PAI +5σ at 1%,6,Chronos-2,0.0014095070934562759,79.47488584474885,73
anomaly_free,Accelerometer2RMS,PAI +5σ at 1%,6,TimesFM-2.5,0.0014484173969158238,83.33333333333334,73
anomaly_free,Accelerometer2RMS,PAI +5σ at 1%,6,TiRex,0.0014195650303973901,83.2648401826484,73
anomaly_free,Accelerometer2RMS,PAI +5σ at 1%,7,Chronos-2,0.0014030975783303305,79.01826484018265,73
anomaly_free,Accelerometer2RMS,PAI +5σ at 1%,7,TimesFM-2.5,0.0014247171341410262,83.12785388127854,73
anomaly_free,Accelerometer2RMS,PAI +5σ at 1%,7,TiRex,0.0014163039471403241,83.51598173515981,73
anomaly_free,Accelerometer2RMS,PAI +5σ at 1%,8,Chronos-2,0.0014024868221736069,79.20091324200914,73
anomaly_free,Accelerometer2RMS,PAI +5σ at 1%,8,TimesFM-2.5,0.0014138655274647171,82.73972602739727,73
anomaly_free,Accelerometer2RMS,PAI +5σ at 1%,8,TiRex,0.001419839664214002,82.87671232876713,73
anomaly_free,Accelerometer2RMS,PAI +5σ at 1%,9,Chronos-2,0.001413243711523202,78.9269406392694,73
anomaly_free,Accelerometer2RMS,PAI +5σ at 1%,9,TimesFM-2.5,0.001448099194631516,82.85388127853881,73
anomaly_free,Accelerometer2RMS,PAI +5σ at 1%,9,TiRex,0.0014100818395162346,83.44748858447488,73
anomaly_free,Current,Clean,0,Chronos-2,0.5079989877142955,78.85844748858447,73
anomaly_free,Current,Clean,0,TimesFM-2.5,0.5078287087413406,80.68493150684931,73
anomaly_free,Current,Clean,0,TiRex,0.5102538753469033,81.23287671232877,73
anomaly_free,Current,RPM 5%,0,Chronos-2,0.5104707567575123,79.72602739726027,73
anomaly_free,Current,RPM 5%,0,TimesFM-2.5,0.506782599503409,80.27397260273973,73
anomaly_free,Current,RPM 5%,0,TiRex,0.5105302108105403,81.0958904109589,73
anomaly_free,Current,RPM 5%,1,Chronos-2,0.5105234642657509,80.02283105022832,73
anomaly_free,Current,RPM 5%,1,TimesFM-2.5,0.5071504882558483,80.47945205479452,73
anomaly_free,Current,RPM 5%,1,TiRex,0.5106089646875841,80.91324200913242,73
anomaly_free,Current,RPM 5%,2,Chronos-2,0.509899610914948,80.04566210045661,73
anomaly_free,Current,RPM 5%,2,TimesFM-2.5,0.5070695836438467,80.50228310502283,73
anomaly_free,Current,RPM 5%,2,TiRex,0.5108664474673797,80.6392694063927,73
anomaly_free,Current,RPM 5%,3,Chronos-2,0.510849429610649,79.81735159817352,73
anomaly_free,Current,RPM 5%,3,TimesFM-2.5,0.5064824933765756,80.6392694063927,73
anomaly_free,Current,RPM 5%,3,TiRex,0.511133116084757,80.84474885844749,73
anomaly_free,Current,RPM 5%,4,Chronos-2,0.5108825878440724,80.0,73
anomaly_free,Current,RPM 5%,4,TimesFM-2.5,0.5073343396349335,80.41095890410959,73
anomaly_free,Current,RPM 5%,4,TiRex,0.5114488077706083,81.18721461187215,73
anomaly_free,Current,RPM 5%,5,Chronos-2,0.511764044954978,79.88584474885845,73
anomaly_free,Current,RPM 5%,5,TimesFM-2.5,0.5066651307652019,80.29680365296804,73
anomaly_free,Current,RPM 5%,5,TiRex,0.5122463906769579,80.82191780821918,73
anomaly_free,Current,RPM 5%,6,Chronos-2,0.5111435726613462,79.86301369863014,73
anomaly_free,Current,RPM 5%,6,TimesFM-2.5,0.5063918882755787,80.45662100456622,73
anomaly_free,Current,RPM 5%,6,TiRex,0.5111487728667125,80.98173515981735,73
anomaly_free,Current,RPM 5%,7,Chronos-2,0.5129304261229876,80.04566210045661,73
anomaly_free,Current,RPM 5%,7,TimesFM-2.5,0.508064891571244,80.36529680365297,73
anomaly_free,Current,RPM 5%,7,TiRex,0.5128733076190929,80.6164383561644,73
anomaly_free,Current,RPM 5%,8,Chronos-2,0.5111633340357777,80.02283105022832,73
anomaly_free,Current,RPM 5%,8,TimesFM-2.5,0.5073089483444623,80.59360730593608,73
anomaly_free,Current,RPM 5%,8,TiRex,0.5104477787636723,81.02739726027397,73
anomaly_free,Current,RPM 5%,9,Chronos-2,0.5103580184054015,79.86301369863014,73
anomaly_free,Current,RPM 5%,9,TimesFM-2.5,0.5064559010688543,80.6164383561644,73
anomaly_free,Current,RPM 5%,9,TiRex,0.5094643202422807,80.77625570776256,73
anomaly_free,Current,RPM 10%,0,Chronos-2,0.5104968044588157,79.77168949771689,73
anomaly_free,Current,RPM 10%,0,TimesFM-2.5,0.5059489476714033,80.09132420091323,73
anomaly_free,Current,RPM 10%,0,TiRex,0.5134823692578203,80.36529680365297,73
anomaly_free,Current,RPM 10%,1,Chronos-2,0.5103492674661605,79.36073059360731,73
anomaly_free,Current,RPM 10%,1,TimesFM-2.5,0.5067354320899031,80.27397260273973,73
anomaly_free,Current,RPM 10%,1,TiRex,0.5113972832498714,80.4337899543379,73
anomaly_free,Current,RPM 10%,2,Chronos-2,0.5098873646730345,79.65753424657535,73
anomaly_free,Current,RPM 10%,2,TimesFM-2.5,0.5065117310566224,80.0,73
anomaly_free,Current,RPM 10%,2,TiRex,0.5122617652876107,80.52511415525115,73
anomaly_free,Current,RPM 10%,3,Chronos-2,0.5108020375185081,79.54337899543378,73
anomaly_free,Current,RPM 10%,3,TimesFM-2.5,0.5068738574271379,80.15981735159818,73
anomaly_free,Current,RPM 10%,3,TiRex,0.5132771953312215,80.31963470319636,73
anomaly_free,Current,RPM 10%,4,Chronos-2,0.5112762895663548,79.42922374429223,73
anomaly_free,Current,RPM 10%,4,TimesFM-2.5,0.5070558896093513,79.77168949771689,73
anomaly_free,Current,RPM 10%,4,TiRex,0.5127066960929731,80.09132420091323,73
anomaly_free,Current,RPM 10%,5,Chronos-2,0.5103233076745238,79.36073059360731,73
anomaly_free,Current,RPM 10%,5,TimesFM-2.5,0.5054225167083933,80.50228310502283,73
anomaly_free,Current,RPM 10%,5,TiRex,0.5132026784653327,80.15981735159818,73
anomaly_free,Current,RPM 10%,6,Chronos-2,0.5096865142223862,79.70319634703196,73
anomaly_free,Current,RPM 10%,6,TimesFM-2.5,0.5068483702805188,79.95433789954338,73
anomaly_free,Current,RPM 10%,6,TiRex,0.5108770200290612,80.31963470319636,73
anomaly_free,Current,RPM 10%,7,Chronos-2,0.5102398222971085,79.49771689497716,73
anomaly_free,Current,RPM 10%,7,TimesFM-2.5,0.5063879869769281,80.15981735159818,73
anomaly_free,Current,RPM 10%,7,TiRex,0.5120967817387282,80.41095890410959,73
anomaly_free,Current,RPM 10%,8,Chronos-2,0.5104601536521677,79.52054794520548,73
anomaly_free,Current,RPM 10%,8,TimesFM-2.5,0.5077073099346915,80.11415525114155,73
anomaly_free,Current,RPM 10%,8,TiRex,0.5122845218249771,80.06849315068493,73
anomaly_free,Current,RPM 10%,9,Chronos-2,0.5097909393132891,79.68036529680366,73
anomaly_free,Current,RPM 10%,9,TimesFM-2.5,0.5060447190010136,79.95433789954338,73
anomaly_free,Current,RPM 10%,9,TiRex,0.5107351736533474,80.34246575342465,73
anomaly_free,Current,RPM 20%,0,Chronos-2,0.5085803841138082,78.58447488584474,73
anomaly_free,Current,RPM 20%,0,TimesFM-2.5,0.5085752696610705,79.24657534246575,73
anomaly_free,Current,RPM 20%,0,TiRex,0.5134272376899892,79.72602739726027,73
anomaly_free,Current,RPM 20%,1,Chronos-2,0.510190527896285,78.05936073059361,73
anomaly_free,Current,RPM 20%,1,TimesFM-2.5,0.5089596403581815,78.51598173515981,73
anomaly_free,Current,RPM 20%,1,TiRex,0.5141644289301849,79.1095890410959,73
anomaly_free,Current,RPM 20%,2,Chronos-2,0.5106278119364989,78.05936073059361,73
anomaly_free,Current,RPM 20%,2,TimesFM-2.5,0.5095850845090634,78.83561643835615,73
anomaly_free,Current,RPM 20%,2,TiRex,0.5150482958880377,79.04109589041096,73
anomaly_free,Current,RPM 20%,3,Chronos-2,0.5082688448990612,78.56164383561644,73
anomaly_free,Current,RPM 20%,3,TimesFM-2.5,0.5089606796454097,78.97260273972603,73
anomaly_free,Current,RPM 20%,3,TiRex,0.5121106779037408,79.68036529680366,73
anomaly_free,Current,RPM 20%,4,Chronos-2,0.5081024566663692,78.65296803652969,73
anomaly_free,Current,RPM 20%,4,TimesFM-2.5,0.5080028106152407,79.06392694063928,73
anomaly_free,Current,RPM 20%,4,TiRex,0.5127488361545697,79.49771689497716,73
anomaly_free,Current,RPM 20%,5,Chronos-2,0.5097866657189435,78.42465753424658,73
anomaly_free,Current,RPM 20%,5,TimesFM-2.5,0.5086192074364476,79.54337899543378,73
anomaly_free,Current,RPM 20%,5,TiRex,0.5144200037613265,79.24657534246575,73
anomaly_free,Current,RPM 20%,6,Chronos-2,0.5097541392388887,78.94977168949772,73
anomaly_free,Current,RPM 20%,6,TimesFM-2.5,0.5093152108150769,79.17808219178082,73
anomaly_free,Current,RPM 20%,6,TiRex,0.5117560751283045,79.68036529680366,73
anomaly_free,Current,RPM 20%,7,Chronos-2,0.5097535901360576,78.33333333333333,73
anomaly_free,Current,RPM 20%,7,TimesFM-2.5,0.5080824043709863,78.99543378995433,73
anomaly_free,Current,RPM 20%,7,TiRex,0.5144845480820174,79.08675799086758,73
anomaly_free,Current,RPM 20%,8,Chronos-2,0.5083203002098466,78.88127853881278,73
anomaly_free,Current,RPM 20%,8,TimesFM-2.5,0.508734154333533,79.31506849315069,73
anomaly_free,Current,RPM 20%,8,TiRex,0.5136448626924165,79.90867579908677,73
anomaly_free,Current,RPM 20%,9,Chronos-2,0.5102473658127716,78.17351598173516,73
anomaly_free,Current,RPM 20%,9,TimesFM-2.5,0.5065165734196004,79.20091324200914,73
anomaly_free,Current,RPM 20%,9,TiRex,0.5126845465602593,79.52054794520548,73
anomaly_free,Current,CBM 100,0,Chronos-2,0.5100823118329821,79.52054794520548,73
anomaly_free,Current,CBM 100,0,TimesFM-2.5,0.5100057108554,81.32420091324201,73
anomaly_free,Current,CBM 100,0,TiRex,0.5113148133581458,81.23287671232877,73
anomaly_free,Current,CBM 100,1,Chronos-2,0.5089818908681024,79.63470319634703,73
anomaly_free,Current,CBM 100,1,TimesFM-2.5,0.5109129321087852,81.46118721461187,73
anomaly_free,Current,CBM 100,1,TiRex,0.5109261081010756,81.66666666666667,73
anomaly_free,Current,CBM 100,2,Chronos-2,0.5092922650371068,79.68036529680366,73
anomaly_free,Current,CBM 100,2,TimesFM-2.5,0.50920497878711,81.57534246575342,73
anomaly_free,Current,CBM 100,2,TiRex,0.5115689562905841,81.30136986301369,73
anomaly_free,Current,CBM 100,3,Chronos-2,0.5073666772503668,79.84018264840182,73
anomaly_free,Current,CBM 100,3,TimesFM-2.5,0.5097307123317203,81.18721461187215,73
anomaly_free,Current,CBM 100,3,TiRex,0.5112206216507948,81.34703196347031,73
anomaly_free,Current,CBM 100,4,Chronos-2,0.5092207008714212,79.13242009132419,73
anomaly_free,Current,CBM 100,4,TimesFM-2.5,0.5115868797770908,81.21004566210046,73
anomaly_free,Current,CBM 100,4,TiRex,0.5080113280401287,81.64383561643835,73
anomaly_free,Current,CBM 100,5,Chronos-2,0.5090859708867308,79.40639269406392,73
anomaly_free,Current,CBM 100,5,TimesFM-2.5,0.5112328333741422,81.41552511415526,73
anomaly_free,Current,CBM 100,5,TiRex,0.5089874534976009,81.48401826484019,73
anomaly_free,Current,CBM 100,6,Chronos-2,0.5093960390937092,79.337899543379,73
anomaly_free,Current,CBM 100,6,TimesFM-2.5,0.5112561924367888,81.21004566210046,73
anomaly_free,Current,CBM 100,6,TiRex,0.5108526583805746,81.36986301369863,73
anomaly_free,Current,CBM 100,7,Chronos-2,0.5092493509618388,79.337899543379,73
anomaly_free,Current,CBM 100,7,TimesFM-2.5,0.5102107761545345,81.66666666666667,73
anomaly_free,Current,CBM 100,7,TiRex,0.5115156460816185,81.25570776255707,73
anomaly_free,Current,CBM 100,8,Chronos-2,0.5091875602553381,79.58904109589041,73
anomaly_free,Current,CBM 100,8,TimesFM-2.5,0.5097616688487888,81.23287671232877,73
anomaly_free,Current,CBM 100,8,TiRex,0.5117421597098806,81.16438356164383,73
anomaly_free,Current,CBM 100,9,Chronos-2,0.5094937616431793,79.47488584474885,73
anomaly_free,Current,CBM 100,9,TimesFM-2.5,0.5103883893837609,81.14155251141553,73
anomaly_free,Current,CBM 100,9,TiRex,0.511609760688167,81.25570776255707,73
anomaly_free,Current,CBM 200,0,Chronos-2,0.5119606805875652,79.06392694063928,73
anomaly_free,Current,CBM 200,0,TimesFM-2.5,0.5115902220318277,79.22374429223744,73
anomaly_free,Current,CBM 200,0,TiRex,0.5105860074253175,81.00456621004565,73
anomaly_free,Current,CBM 200,1,Chronos-2,0.5103468377053734,79.65753424657535,73
anomaly_free,Current,CBM 200,1,TimesFM-2.5,0.5130694189764639,80.75342465753424,73
anomaly_free,Current,CBM 200,1,TiRex,0.5104213639972893,81.7351598173516,73
anomaly_free,Current,CBM 200,2,Chronos-2,0.508474537990048,79.52054794520548,73
anomaly_free,Current,CBM 200,2,TimesFM-2.5,0.5157652815321564,79.77168949771689,73
anomaly_free,Current,CBM 200,2,TiRex,0.5099543574443046,81.59817351598173,73
anomaly_free,Current,CBM 200,3,Chronos-2,0.5106490942477921,79.29223744292237,73
anomaly_free,Current,CBM 200,3,TimesFM-2.5,0.5077403124318627,80.09132420091323,73
anomaly_free,Current,CBM 200,3,TiRex,0.5099056143707371,81.39269406392694,73
anomaly_free,Current,CBM 200,4,Chronos-2,0.5132337662102816,78.81278538812785,73
anomaly_free,Current,CBM 200,4,TimesFM-2.5,0.5156822296855114,79.08675799086758,73
anomaly_free,Current,CBM 200,4,TiRex,0.5124596542401324,81.11872146118722,73
anomaly_free,Current,CBM 200,5,Chronos-2,0.5095717858002373,80.04566210045661,73
anomaly_free,Current,CBM 200,5,TimesFM-2.5,0.5123554101376598,80.73059360730593,73
anomaly_free,Current,CBM 200,5,TiRex,0.5088584374632795,81.59817351598173,73
anomaly_free,Current,CBM 200,6,Chronos-2,0.5092302571026232,79.65753424657535,73
anomaly_free,Current,CBM 200,6,TimesFM-2.5,0.5130667100712812,80.36529680365297,73
anomaly_free,Current,CBM 200,6,TiRex,0.5107749834178605,81.34703196347031,73
anomaly_free,Current,CBM 200,7,Chronos-2,0.5112554769527726,79.49771689497716,73
anomaly_free,Current,CBM 200,7,TimesFM-2.5,0.5107614833033443,80.75342465753424,73
anomaly_free,Current,CBM 200,7,TiRex,0.5101437498440867,81.71232876712328,73
anomaly_free,Current,CBM 200,8,Chronos-2,0.5116948310131194,79.17808219178082,73
anomaly_free,Current,CBM 200,8,TimesFM-2.5,0.5100718793523279,80.98173515981735,73
anomaly_free,Current,CBM 200,8,TiRex,0.5105287526535731,81.46118721461187,73
anomaly_free,Current,CBM 200,9,Chronos-2,0.5109709570783545,79.337899543379,73
anomaly_free,Current,CBM 200,9,TimesFM-2.5,0.512298173606494,80.59360730593608,73
anomaly_free,Current,CBM 200,9,TiRex,0.5112272124020446,81.5068493150685,73
anomaly_free,Current,CBM 400,0,Chronos-2,0.5165836351651268,79.49771689497716,73
anomaly_free,Current,CBM 400,0,TimesFM-2.5,0.5163325468163079,79.95433789954338,73
anomaly_free,Current,CBM 400,0,TiRex,0.510975896655552,81.36986301369863,73
anomaly_free,Current,CBM 400,1,Chronos-2,0.5222914784059027,78.51598173515981,73
anomaly_free,Current,CBM 400,1,TimesFM-2.5,0.5269974656195271,78.60730593607306,73
anomaly_free,Current,CBM 400,1,TiRex,0.5122291845925917,80.06849315068493,73
anomaly_free,Current,CBM 400,2,Chronos-2,0.5171616410736036,78.9041095890411,73
anomaly_free,Current,CBM 400,2,TimesFM-2.5,0.5167866637203156,78.83561643835615,73
anomaly_free,Current,CBM 400,2,TiRex,0.5115799559612161,80.82191780821918,73
anomaly_free,Current,CBM 400,3,Chronos-2,0.5159503670699521,79.58904109589041,73
anomaly_free,Current,CBM 400,3,TimesFM-2.5,0.5161268092198804,77.94520547945206,73
anomaly_free,Current,CBM 400,3,TiRex,0.5094154877932879,80.95890410958904,73
anomaly_free,Current,CBM 400,4,Chronos-2,0.5158003332627643,79.70319634703196,73
anomaly_free,Current,CBM 400,4,TimesFM-2.5,0.5148489123730442,81.34703196347031,73
anomaly_free,Current,CBM 400,4,TiRex,0.5101648185797545,81.25570776255707,73
anomaly_free,Current,CBM 400,5,Chronos-2,0.5164514400963189,79.337899543379,73
anomaly_free,Current,CBM 400,5,TimesFM-2.5,0.5146885208145957,81.00456621004565,73
anomaly_free,Current,CBM 400,5,TiRex,0.5109312215029008,81.43835616438356,73
anomaly_free,Current,CBM 400,6,Chronos-2,0.5106167878247568,79.72602739726027,73
anomaly_free,Current,CBM 400,6,TimesFM-2.5,0.5152939868216977,79.93150684931507,73
anomaly_free,Current,CBM 400,6,TiRex,0.5070789736991629,81.46118721461187,73
anomaly_free,Current,CBM 400,7,Chronos-2,0.515583087611064,79.06392694063928,73
anomaly_free,Current,CBM 400,7,TimesFM-2.5,0.5159824174587336,80.13698630136986,73
anomaly_free,Current,CBM 400,7,TiRex,0.5093004230824255,80.47945205479452,73
anomaly_free,Current,CBM 400,8,Chronos-2,0.5182847091335459,79.15525114155251,73
anomaly_free,Current,CBM 400,8,TimesFM-2.5,0.5156984768231834,80.31963470319636,73
anomaly_free,Current,CBM 400,8,TiRex,0.5100555074516294,80.38812785388127,73
anomaly_free,Current,CBM 400,9,Chronos-2,0.5151999522379037,79.7945205479452,73
anomaly_free,Current,CBM 400,9,TimesFM-2.5,0.5146576437414849,81.14155251141553,73
anomaly_free,Current,CBM 400,9,TiRex,0.5109783447956957,81.18721461187215,73
anomaly_free,Current,PAI +2σ at 1%,0,Chronos-2,0.5085721414154956,80.20547945205479,73
anomaly_free,Current,PAI +2σ at 1%,0,TimesFM-2.5,0.5055126707292252,82.03196347031964,73
anomaly_free,Current,PAI +2σ at 1%,0,TiRex,0.5099980724191386,82.12328767123289,73
anomaly_free,Current,PAI +2σ at 1%,1,Chronos-2,0.508234154338601,80.15981735159818,73
anomaly_free,Current,PAI +2σ at 1%,1,TimesFM-2.5,0.5052684150290199,81.84931506849315,73
anomaly_free,Current,PAI +2σ at 1%,1,TiRex,0.5109114575546805,82.3972602739726,73
anomaly_free,Current,PAI +2σ at 1%,2,Chronos-2,0.5083876232423058,80.13698630136986,73
anomaly_free,Current,PAI +2σ at 1%,2,TimesFM-2.5,0.5056046658890861,82.00913242009132,73
anomaly_free,Current,PAI +2σ at 1%,2,TiRex,0.5104045409007403,82.55707762557077,73
anomaly_free,Current,PAI +2σ at 1%,3,Chronos-2,0.5083415002197486,80.52511415525115,73
anomaly_free,Current,PAI +2σ at 1%,3,TimesFM-2.5,0.506327918564934,82.23744292237443,73
anomaly_free,Current,PAI +2σ at 1%,3,TiRex,0.5117023813443019,82.96803652968036,73
anomaly_free,Current,PAI +2σ at 1%,4,Chronos-2,0.5088184516736961,79.88584474885845,73
anomaly_free,Current,PAI +2σ at 1%,4,TimesFM-2.5,0.5062809372952053,81.82648401826485,73
anomaly_free,Current,PAI +2σ at 1%,4,TiRex,0.5109320774337229,82.69406392694064,73
anomaly_free,Current,PAI +2σ at 1%,5,Chronos-2,0.5091853363184385,80.29680365296804,73
anomaly_free,Current,PAI +2σ at 1%,5,TimesFM-2.5,0.5074162539823369,81.7351598173516,73
anomaly_free,Current,PAI +2σ at 1%,5,TiRex,0.5109354413717411,82.3744292237443,73
anomaly_free,Current,PAI +2σ at 1%,6,Chronos-2,0.5081367649781581,80.09132420091323,73
anomaly_free,Current,PAI +2σ at 1%,6,TimesFM-2.5,0.5059565108803402,81.87214611872146,73
anomaly_free,Current,PAI +2σ at 1%,6,TiRex,0.5108729995555368,82.48858447488584,73
anomaly_free,Current,PAI +2σ at 1%,7,Chronos-2,0.5088111606185625,80.22831050228311,73
anomaly_free,Current,PAI +2σ at 1%,7,TimesFM-2.5,0.5054634258990857,82.00913242009132,73
anomaly_free,Current,PAI +2σ at 1%,7,TiRex,0.5101022845820454,82.44292237442923,73
anomaly_free,Current,PAI +2σ at 1%,8,Chronos-2,0.5085664292122951,79.74885844748857,73
anomaly_free,Current,PAI +2σ at 1%,8,TimesFM-2.5,0.5067226573894392,81.80365296803653,73
anomaly_free,Current,PAI +2σ at 1%,8,TiRex,0.5103775143006654,82.26027397260273,73
anomaly_free,Current,PAI +2σ at 1%,9,Chronos-2,0.5077538220611945,80.41095890410959,73
anomaly_free,Current,PAI +2σ at 1%,9,TimesFM-2.5,0.5058863896425431,82.03196347031964,73
anomaly_free,Current,PAI +2σ at 1%,9,TiRex,0.5106430830543721,82.48858447488584,73
anomaly_free,Current,PAI +3σ at 1%,0,Chronos-2,0.5081638396078234,80.54794520547945,73
anomaly_free,Current,PAI +3σ at 1%,0,TimesFM-2.5,0.5058386781658676,81.94063926940639,73
anomaly_free,Current,PAI +3σ at 1%,0,TiRex,0.509670670246213,82.6027397260274,73
anomaly_free,Current,PAI +3σ at 1%,1,Chronos-2,0.5087765464453124,80.68493150684931,73
anomaly_free,Current,PAI +3σ at 1%,1,TimesFM-2.5,0.5062692903385848,82.32876712328768,73
anomaly_free,Current,PAI +3σ at 1%,1,TiRex,0.5107409182851638,82.99086757990868,73
anomaly_free,Current,PAI +3σ at 1%,2,Chronos-2,0.5100168430669435,80.50228310502283,73
anomaly_free,Current,PAI +3σ at 1%,2,TimesFM-2.5,0.5050145275312272,82.53424657534246,73
anomaly_free,Current,PAI +3σ at 1%,2,TiRex,0.5098641661893991,83.17351598173516,73
anomaly_free,Current,PAI +3σ at 1%,3,Chronos-2,0.5092956017891218,80.54794520547945,73
anomaly_free,Current,PAI +3σ at 1%,3,TimesFM-2.5,0.5056367213259195,81.7579908675799,73
anomaly_free,Current,PAI +3σ at 1%,3,TiRex,0.5103726914830256,82.78538812785388,73
anomaly_free,Current,PAI +3σ at 1%,4,Chronos-2,0.5089819299425792,80.59360730593608,73
anomaly_free,Current,PAI +3σ at 1%,4,TimesFM-2.5,0.5059297400039692,81.7579908675799,73
anomaly_free,Current,PAI +3σ at 1%,4,TiRex,0.5095391802889875,82.71689497716895,73
anomaly_free,Current,PAI +3σ at 1%,5,Chronos-2,0.5094316120245197,80.95890410958904,73
anomaly_free,Current,PAI +3σ at 1%,5,TimesFM-2.5,0.5053045209331439,82.21461187214612,73
anomaly_free,Current,PAI +3σ at 1%,5,TiRex,0.5101263539335117,83.10502283105022,73
anomaly_free,Current,PAI +3σ at 1%,6,Chronos-2,0.5099701520501082,80.31963470319636,73
anomaly_free,Current,PAI +3σ at 1%,6,TimesFM-2.5,0.5045139382004193,81.64383561643835,73
anomaly_free,Current,PAI +3σ at 1%,6,TiRex,0.5096806170691451,82.92237442922374,73
anomaly_free,Current,PAI +3σ at 1%,7,Chronos-2,0.5092124460565666,80.4337899543379,73
anomaly_free,Current,PAI +3σ at 1%,7,TimesFM-2.5,0.5067817644236138,81.7351598173516,73
anomaly_free,Current,PAI +3σ at 1%,7,TiRex,0.5101240018238056,82.78538812785388,73
anomaly_free,Current,PAI +3σ at 1%,8,Chronos-2,0.5103632705787314,80.82191780821918,73
anomaly_free,Current,PAI +3σ at 1%,8,TimesFM-2.5,0.5062206224793551,81.87214611872146,73
anomaly_free,Current,PAI +3σ at 1%,8,TiRex,0.5106649022927771,83.08219178082192,73
anomaly_free,Current,PAI +3σ at 1%,9,Chronos-2,0.5098723832747507,80.6164383561644,73
anomaly_free,Current,PAI +3σ at 1%,9,TimesFM-2.5,0.5060597328303333,81.66666666666667,73
anomaly_free,Current,PAI +3σ at 1%,9,TiRex,0.5116092081797232,83.2420091324201,73
anomaly_free,Current,PAI +5σ at 1%,0,Chronos-2,0.5107490158778375,81.41552511415526,73
anomaly_free,Current,PAI +5σ at 1%,0,TimesFM-2.5,0.505056788422813,81.78082191780823,73
anomaly_free,Current,PAI +5σ at 1%,0,TiRex,0.5120000656808877,82.80821917808218,73
anomaly_free,Current,PAI +5σ at 1%,1,Chronos-2,0.5109776772336805,81.34703196347031,73
anomaly_free,Current,PAI +5σ at 1%,1,TimesFM-2.5,0.5049545533526976,81.84931506849315,73
anomaly_free,Current,PAI +5σ at 1%,1,TiRex,0.5106189917004229,82.55707762557077,73
anomaly_free,Current,PAI +5σ at 1%,2,Chronos-2,0.5092514032256411,81.43835616438356,73
anomaly_free,Current,PAI +5σ at 1%,2,TimesFM-2.5,0.5044200387200678,81.82648401826485,73
anomaly_free,Current,PAI +5σ at 1%,2,TiRex,0.5091553533567035,83.2648401826484,73
anomaly_free,Current,PAI +5σ at 1%,3,Chronos-2,0.5108106101512185,81.21004566210046,73
anomaly_free,Current,PAI +5σ at 1%,3,TimesFM-2.5,0.5049902721268872,82.03196347031964,73
anomaly_free,Current,PAI +5σ at 1%,3,TiRex,0.5106054243908041,82.3972602739726,73
anomaly_free,Current,PAI +5σ at 1%,4,Chronos-2,0.5089733566022334,81.57534246575342,73
anomaly_free,Current,PAI +5σ at 1%,4,TimesFM-2.5,0.5039290556161469,82.30593607305936,73
anomaly_free,Current,PAI +5σ at 1%,4,TiRex,0.5084589252201718,82.46575342465754,73
anomaly_free,Current,PAI +5σ at 1%,5,Chronos-2,0.5107304711047611,81.34703196347031,73
anomaly_free,Current,PAI +5σ at 1%,5,TimesFM-2.5,0.5062149469345035,81.55251141552512,73
anomaly_free,Current,PAI +5σ at 1%,5,TiRex,0.5123957506784678,82.3972602739726,73
anomaly_free,Current,PAI +5σ at 1%,6,Chronos-2,0.5113961571552997,81.34703196347031,73
anomaly_free,Current,PAI +5σ at 1%,6,TimesFM-2.5,0.5058711369731328,82.1917808219178,73
anomaly_free,Current,PAI +5σ at 1%,6,TiRex,0.5113948542405214,82.46575342465754,73
anomaly_free,Current,PAI +5σ at 1%,7,Chronos-2,0.5112887368062004,81.18721461187215,73
anomaly_free,Current,PAI +5σ at 1%,7,TimesFM-2.5,0.5063517329698852,81.7579908675799,73
anomaly_free,Current,PAI +5σ at 1%,7,TiRex,0.5131732791750337,82.57990867579909,73
anomaly_free,Current,PAI +5σ at 1%,8,Chronos-2,0.5107499619060857,81.23287671232877,73
anomaly_free,Current,PAI +5σ at 1%,8,TimesFM-2.5,0.5060796400091947,81.66666666666667,73
anomaly_free,Current,PAI +5σ at 1%,8,TiRex,0.5098393776963448,83.28767123287672,73
anomaly_free,Current,PAI +5σ at 1%,9,Chronos-2,0.5109285491470238,81.23287671232877,73
anomaly_free,Current,PAI +5σ at 1%,9,TimesFM-2.5,0.5041670237652839,81.62100456621005,73
anomaly_free,Current,PAI +5σ at 1%,9,TiRex,0.5097210949068787,82.76255707762557,73
anomaly_free,FlowRate,Clean,0,Chronos-2,0.6113623465423222,77.78538812785388,73
anomaly_free,FlowRate,Clean,0,TimesFM-2.5,0.6302133113559665,78.10502283105023,73
anomaly_free,FlowRate,Clean,0,TiRex,0.6158681780089962,79.74885844748857,73
anomaly_free,FlowRate,RPM 5%,0,Chronos-2,0.6156386995283943,78.69863013698631,73
anomaly_free,FlowRate,RPM 5%,0,TimesFM-2.5,0.6242950049246963,78.21917808219177,73
anomaly_free,FlowRate,RPM 5%,0,TiRex,0.6197328582744882,79.54337899543378,73
anomaly_free,FlowRate,RPM 5%,1,Chronos-2,0.6162641125070184,78.69863013698631,73
anomaly_free,FlowRate,RPM 5%,1,TimesFM-2.5,0.6306750706803746,77.32876712328766,73
anomaly_free,FlowRate,RPM 5%,1,TiRex,0.6169508994804127,79.26940639269407,73
anomaly_free,FlowRate,RPM 5%,2,Chronos-2,0.6100234152250232,79.06392694063928,73
anomaly_free,FlowRate,RPM 5%,2,TimesFM-2.5,0.6343917590507916,77.71689497716895,73
anomaly_free,FlowRate,RPM 5%,2,TiRex,0.6180360459903148,79.68036529680366,73
anomaly_free,FlowRate,RPM 5%,3,Chronos-2,0.6225941044778851,78.65296803652969,73
anomaly_free,FlowRate,RPM 5%,3,TimesFM-2.5,0.6295679782195003,77.55707762557078,73
anomaly_free,FlowRate,RPM 5%,3,TiRex,0.6302960258270665,79.26940639269407,73
anomaly_free,FlowRate,RPM 5%,4,Chronos-2,0.616621421094784,77.87671232876713,73
anomaly_free,FlowRate,RPM 5%,4,TimesFM-2.5,0.6340217645006372,77.78538812785388,73
anomaly_free,FlowRate,RPM 5%,4,TiRex,0.6201231369409779,79.38356164383562,73
anomaly_free,FlowRate,RPM 5%,5,Chronos-2,0.621875514412718,78.40182648401827,73
anomaly_free,FlowRate,RPM 5%,5,TimesFM-2.5,0.6309796690860254,77.23744292237443,73
anomaly_free,FlowRate,RPM 5%,5,TiRex,0.6187294942431628,79.26940639269407,73
anomaly_free,FlowRate,RPM 5%,6,Chronos-2,0.6145893740107684,78.99543378995433,73
anomaly_free,FlowRate,RPM 5%,6,TimesFM-2.5,0.6289888699677957,77.76255707762557,73
anomaly_free,FlowRate,RPM 5%,6,TiRex,0.6185902447825227,80.06849315068493,73
anomaly_free,FlowRate,RPM 5%,7,Chronos-2,0.621360766765617,78.65296803652969,73
anomaly_free,FlowRate,RPM 5%,7,TimesFM-2.5,0.6296669925757971,77.46575342465754,73
anomaly_free,FlowRate,RPM 5%,7,TiRex,0.6227529355752905,79.40639269406392,73
anomaly_free,FlowRate,RPM 5%,8,Chronos-2,0.6130149178971281,78.74429223744292,73
anomaly_free,FlowRate,RPM 5%,8,TimesFM-2.5,0.627744133395313,77.55707762557078,73
anomaly_free,FlowRate,RPM 5%,8,TiRex,0.6182042211755244,79.86301369863014,73
anomaly_free,FlowRate,RPM 5%,9,Chronos-2,0.6364658843692383,77.37442922374429,73
anomaly_free,FlowRate,RPM 5%,9,TimesFM-2.5,0.6327152102011551,77.12328767123287,73
anomaly_free,FlowRate,RPM 5%,9,TiRex,0.6379140121974055,78.53881278538812,73
anomaly_free,FlowRate,RPM 10%,0,Chronos-2,0.611016599894671,79.06392694063928,73
anomaly_free,FlowRate,RPM 10%,0,TimesFM-2.5,0.6406411182125579,76.84931506849315,73
anomaly_free,FlowRate,RPM 10%,0,TiRex,0.6226613092189834,80.02283105022832,73
anomaly_free,FlowRate,RPM 10%,1,Chronos-2,0.6165712584461853,78.69863013698631,73
anomaly_free,FlowRate,RPM 10%,1,TimesFM-2.5,0.6244167341856304,77.55707762557078,73
anomaly_free,FlowRate,RPM 10%,1,TiRex,0.6181221350717824,79.26940639269407,73
anomaly_free,FlowRate,RPM 10%,2,Chronos-2,0.6256701459400994,78.10502283105023,73
anomaly_free,FlowRate,RPM 10%,2,TimesFM-2.5,0.6338135149520647,76.71232876712328,73
anomaly_free,FlowRate,RPM 10%,2,TiRex,0.6345182534323505,78.9041095890411,73
anomaly_free,FlowRate,RPM 10%,3,Chronos-2,0.6097560674241369,78.60730593607306,73
anomaly_free,FlowRate,RPM 10%,3,TimesFM-2.5,0.6302648858918539,76.57534246575342,73
anomaly_free,FlowRate,RPM 10%,3,TiRex,0.6220614065268103,79.29223744292237,73
anomaly_free,FlowRate,RPM 10%,4,Chronos-2,0.6231480226290247,78.03652968036529,73
anomaly_free,FlowRate,RPM 10%,4,TimesFM-2.5,0.6320486572728184,77.00913242009132,73
anomaly_free,FlowRate,RPM 10%,4,TiRex,0.6289220658419666,79.13242009132419,73
anomaly_free,FlowRate,RPM 10%,5,Chronos-2,0.613992686013486,79.01826484018265,73
anomaly_free,FlowRate,RPM 10%,5,TimesFM-2.5,0.6358208587690117,77.64840182648402,73
anomaly_free,FlowRate,RPM 10%,5,TiRex,0.6270289670180106,78.94977168949772,73
anomaly_free,FlowRate,RPM 10%,6,Chronos-2,0.6136351945933713,78.63013698630137,73
anomaly_free,FlowRate,RPM 10%,6,TimesFM-2.5,0.6299820564144814,77.48858447488584,73
anomaly_free,FlowRate,RPM 10%,6,TiRex,0.6283784045056926,79.61187214611873,73
anomaly_free,FlowRate,RPM 10%,7,Chronos-2,0.6260019769472567,78.37899543378995,73
anomaly_free,FlowRate,RPM 10%,7,TimesFM-2.5,0.6446010429210366,77.10045662100457,73
anomaly_free,FlowRate,RPM 10%,7,TiRex,0.64160064669817,79.22374429223744,73
anomaly_free,FlowRate,RPM 10%,8,Chronos-2,0.6264494458269211,77.44292237442923,73
anomaly_free,FlowRate,RPM 10%,8,TimesFM-2.5,0.641068968322105,77.1689497716895,73
anomaly_free,FlowRate,RPM 10%,8,TiRex,0.6276518339816943,79.08675799086758,73
anomaly_free,FlowRate,RPM 10%,9,Chronos-2,0.6151062548659345,78.31050228310502,73
anomaly_free,FlowRate,RPM 10%,9,TimesFM-2.5,0.6483749526588128,76.91780821917808,73
anomaly_free,FlowRate,RPM 10%,9,TiRex,0.6227279876915289,79.49771689497716,73
anomaly_free,FlowRate,RPM 20%,0,Chronos-2,0.6151826234631628,77.78538812785388,73
anomaly_free,FlowRate,RPM 20%,0,TimesFM-2.5,0.641653468307044,75.98173515981735,73
anomaly_free,FlowRate,RPM 20%,0,TiRex,0.6231931166680568,78.40182648401827,73
anomaly_free,FlowRate,RPM 20%,1,Chronos-2,0.617398499387888,77.96803652968036,73
anomaly_free,FlowRate,RPM 20%,1,TimesFM-2.5,0.640242718706175,75.77625570776256,73
anomaly_free,FlowRate,RPM 20%,1,TiRex,0.6288234592128537,78.53881278538812,73
anomaly_free,FlowRate,RPM 20%,2,Chronos-2,0.6325548477961419,76.32420091324201,73
anomaly_free,FlowRate,RPM 20%,2,TimesFM-2.5,0.6404607583996652,75.77625570776256,73
anomaly_free,FlowRate,RPM 20%,2,TiRex,0.628936152295262,78.19634703196347,73
anomaly_free,FlowRate,RPM 20%,3,Chronos-2,0.6239876786348026,77.99086757990867,73
anomaly_free,FlowRate,RPM 20%,3,TimesFM-2.5,0.6459159939597796,75.73059360730593,73
anomaly_free,FlowRate,RPM 20%,3,TiRex,0.6366178848816331,79.52054794520548,73
anomaly_free,FlowRate,RPM 20%,4,Chronos-2,0.6209769580941749,76.96347031963471,73
anomaly_free,FlowRate,RPM 20%,4,TimesFM-2.5,0.6410925371864113,76.1187214611872,73
anomaly_free,FlowRate,RPM 20%,4,TiRex,0.624562050885356,78.74429223744292,73
anomaly_free,FlowRate,RPM 20%,5,Chronos-2,0.6335574442003786,77.67123287671232,73
anomaly_free,FlowRate,RPM 20%,5,TimesFM-2.5,0.6487067162603175,76.1187214611872,73
anomaly_free,FlowRate,RPM 20%,5,TiRex,0.6378973979783296,78.81278538812785,73
anomaly_free,FlowRate,RPM 20%,6,Chronos-2,0.6214182146385252,76.57534246575342,73
anomaly_free,FlowRate,RPM 20%,6,TimesFM-2.5,0.6410384090195597,75.34246575342466,73
anomaly_free,FlowRate,RPM 20%,6,TiRex,0.6352204284101682,78.03652968036529,73
anomaly_free,FlowRate,RPM 20%,7,Chronos-2,0.6207274004483229,78.37899543378995,73
anomaly_free,FlowRate,RPM 20%,7,TimesFM-2.5,0.6497118931266097,74.90867579908675,73
anomaly_free,FlowRate,RPM 20%,7,TiRex,0.6219654162918045,79.24657534246575,73
anomaly_free,FlowRate,RPM 20%,8,Chronos-2,0.6160017244802967,78.15068493150686,73
anomaly_free,FlowRate,RPM 20%,8,TimesFM-2.5,0.6362390774542882,77.21461187214612,73
anomaly_free,FlowRate,RPM 20%,8,TiRex,0.6318804382158063,79.26940639269407,73
anomaly_free,FlowRate,RPM 20%,9,Chronos-2,0.6267145472867123,77.03196347031962,73
anomaly_free,FlowRate,RPM 20%,9,TimesFM-2.5,0.6499017895486336,75.29680365296804,73
anomaly_free,FlowRate,RPM 20%,9,TiRex,0.6233340186875628,79.49771689497716,73
anomaly_free,FlowRate,CBM 100,0,Chronos-2,0.6259466047297472,77.57990867579909,73
anomaly_free,FlowRate,CBM 100,0,TimesFM-2.5,0.6308199597462165,78.53881278538812,73
anomaly_free,FlowRate,CBM 100,0,TiRex,0.6335524043651347,79.58904109589041,73
anomaly_free,FlowRate,CBM 100,1,Chronos-2,0.6238519147444553,78.67579908675799,73
anomaly_free,FlowRate,CBM 100,1,TimesFM-2.5,0.6183946427919046,79.42922374429223,73
anomaly_free,FlowRate,CBM 100,1,TiRex,0.6108893622433219,80.04566210045661,73
anomaly_free,FlowRate,CBM 100,2,Chronos-2,0.6195673587490191,78.40182648401827,73
anomaly_free,FlowRate,CBM 100,2,TimesFM-2.5,0.6170001003155637,78.9269406392694,73
anomaly_free,FlowRate,CBM 100,2,TiRex,0.6170655183256459,80.02283105022832,73
anomaly_free,FlowRate,CBM 100,3,Chronos-2,0.6180045214640187,79.36073059360731,73
anomaly_free,FlowRate,CBM 100,3,TimesFM-2.5,0.6226425140039142,78.74429223744292,73
anomaly_free,FlowRate,CBM 100,3,TiRex,0.6180501117431549,80.68493150684931,73
anomaly_free,FlowRate,CBM 100,4,Chronos-2,0.6250539087879119,77.1689497716895,73
anomaly_free,FlowRate,CBM 100,4,TimesFM-2.5,0.6265502627474041,78.40182648401827,73
anomaly_free,FlowRate,CBM 100,4,TiRex,0.6267303423734071,79.65753424657535,73
anomaly_free,FlowRate,CBM 100,5,Chronos-2,0.6179033564219948,78.65296803652969,73
anomaly_free,FlowRate,CBM 100,5,TimesFM-2.5,0.626130214766323,78.42465753424658,73
anomaly_free,FlowRate,CBM 100,5,TiRex,0.6155739694098392,80.59360730593608,73
anomaly_free,FlowRate,CBM 100,6,Chronos-2,0.6193673781404263,78.2876712328767,73
anomaly_free,FlowRate,CBM 100,6,TimesFM-2.5,0.6469008673077815,78.05936073059361,73
anomaly_free,FlowRate,CBM 100,6,TiRex,0.6194900244509833,80.91324200913242,73
anomaly_free,FlowRate,CBM 100,7,Chronos-2,0.637077975831605,78.17351598173516,73
anomaly_free,FlowRate,CBM 100,7,TimesFM-2.5,0.6276970023979019,78.40182648401827,73
anomaly_free,FlowRate,CBM 100,7,TiRex,0.6252153594430856,80.20547945205479,73
anomaly_free,FlowRate,CBM 100,8,Chronos-2,0.6140962858501481,77.76255707762557,73
anomaly_free,FlowRate,CBM 100,8,TimesFM-2.5,0.6188680608555643,78.97260273972603,73
anomaly_free,FlowRate,CBM 100,8,TiRex,0.6160704503747283,79.61187214611873,73
anomaly_free,FlowRate,CBM 100,9,Chronos-2,0.6112786274952136,79.06392694063928,73
anomaly_free,FlowRate,CBM 100,9,TimesFM-2.5,0.6250672657947499,78.40182648401827,73
anomaly_free,FlowRate,CBM 100,9,TiRex,0.6195706791380315,79.5662100456621,73
anomaly_free,FlowRate,CBM 200,0,Chronos-2,0.6092063214080173,78.21917808219177,73
anomaly_free,FlowRate,CBM 200,0,TimesFM-2.5,0.6212758663004063,78.21917808219177,73
anomaly_free,FlowRate,CBM 200,0,TiRex,0.6218513069450032,79.74885844748857,73
anomaly_free,FlowRate,CBM 200,1,Chronos-2,0.6144820690146019,78.51598173515981,73
anomaly_free,FlowRate,CBM 200,1,TimesFM-2.5,0.6152093733015165,79.36073059360731,73
anomaly_free,FlowRate,CBM 200,1,TiRex,0.6027836582787824,80.82191780821918,73
anomaly_free,FlowRate,CBM 200,2,Chronos-2,0.6253025163586768,78.99543378995433,73
anomaly_free,FlowRate,CBM 200,2,TimesFM-2.5,0.6383913342958911,78.4703196347032,73
anomaly_free,FlowRate,CBM 200,2,TiRex,0.6134091806523722,80.93607305936074,73
anomaly_free,FlowRate,CBM 200,3,Chronos-2,0.61044601914721,78.17351598173516,73
anomaly_free,FlowRate,CBM 200,3,TimesFM-2.5,0.6108230808751046,79.04109589041096,73
anomaly_free,FlowRate,CBM 200,3,TiRex,0.6226743103024919,79.84018264840182,73
anomaly_free,FlowRate,CBM 200,4,Chronos-2,0.6138467606184572,79.26940639269407,73
anomaly_free,FlowRate,CBM 200,4,TimesFM-2.5,0.623022600821026,77.99086757990867,73
anomaly_free,FlowRate,CBM 200,4,TiRex,0.6290639481258867,79.58904109589041,73
anomaly_free,FlowRate,CBM 200,5,Chronos-2,0.6150175641054828,79.24657534246575,73
anomaly_free,FlowRate,CBM 200,5,TimesFM-2.5,0.6265341393325479,77.94520547945206,73
anomaly_free,FlowRate,CBM 200,5,TiRex,0.621618411235132,79.9771689497717,73
anomaly_free,FlowRate,CBM 200,6,Chronos-2,0.6356706300778651,78.53881278538812,73
anomaly_free,FlowRate,CBM 200,6,TimesFM-2.5,0.6530686492983185,78.01369863013699,73
anomaly_free,FlowRate,CBM 200,6,TiRex,0.6257410808714391,80.77625570776256,73
anomaly_free,FlowRate,CBM 200,7,Chronos-2,0.6288102335562101,76.59817351598174,73
anomaly_free,FlowRate,CBM 200,7,TimesFM-2.5,0.6368849066296273,77.71689497716895,73
anomaly_free,FlowRate,CBM 200,7,TiRex,0.6291400335643378,80.0,73
anomaly_free,FlowRate,CBM 200,8,Chronos-2,0.6379704950012065,78.99543378995433,73
anomaly_free,FlowRate,CBM 200,8,TimesFM-2.5,0.6218543181651657,80.25114155251141,73
anomaly_free,FlowRate,CBM 200,8,TiRex,0.6221012358149353,81.30136986301369,73
anomaly_free,FlowRate,CBM 200,9,Chronos-2,0.6232400665408453,79.54337899543378,73
anomaly_free,FlowRate,CBM 200,9,TimesFM-2.5,0.6390731782782815,79.40639269406392,73
anomaly_free,FlowRate,CBM 200,9,TiRex,0.6262103969209601,80.29680365296804,73
anomaly_free,FlowRate,CBM 400,0,Chronos-2,0.6053004105427316,78.85844748858447,73
anomaly_free,FlowRate,CBM 400,0,TimesFM-2.5,0.6045634598925532,79.7945205479452,73
anomaly_free,FlowRate,CBM 400,0,TiRex,0.6328367412707238,78.69863013698631,73
anomaly_free,FlowRate,CBM 400,1,Chronos-2,0.6327939171700978,78.94977168949772,73
anomaly_free,FlowRate,CBM 400,1,TimesFM-2.5,0.6308479128891245,78.99543378995433,73
anomaly_free,FlowRate,CBM 400,1,TiRex,0.6452105122137182,80.15981735159818,73
anomaly_free,FlowRate,CBM 400,2,Chronos-2,0.6502140597518717,79.5662100456621,73
anomaly_free,FlowRate,CBM 400,2,TimesFM-2.5,0.6722196016643464,79.08675799086758,73
anomaly_free,FlowRate,CBM 400,2,TiRex,0.6591102299732815,80.27397260273973,73
anomaly_free,FlowRate,CBM 400,3,Chronos-2,0.6462947233442844,77.8082191780822,73
anomaly_free,FlowRate,CBM 400,3,TimesFM-2.5,0.6171327262467766,80.15981735159818,73
anomaly_free,FlowRate,CBM 400,3,TiRex,0.6378451360490527,80.22831050228311,73
anomaly_free,FlowRate,CBM 400,4,Chronos-2,0.6726715035670019,76.71232876712328,73
anomaly_free,FlowRate,CBM 400,4,TimesFM-2.5,0.6370104956026645,80.34246575342465,73
anomaly_free,FlowRate,CBM 400,4,TiRex,0.6454684761521111,79.36073059360731,73
anomaly_free,FlowRate,CBM 400,5,Chronos-2,0.6732293028228613,77.78538812785388,73
anomaly_free,FlowRate,CBM 400,5,TimesFM-2.5,0.6482923303889059,80.09132420091323,73
anomaly_free,FlowRate,CBM 400,5,TiRex,0.6403656006267792,79.88584474885845,73
anomaly_free,FlowRate,CBM 400,6,Chronos-2,0.6756951521237425,77.00913242009132,73
anomaly_free,FlowRate,CBM 400,6,TimesFM-2.5,0.6431024411868074,79.61187214611873,73
anomaly_free,FlowRate,CBM 400,6,TiRex,0.6699702320291373,79.70319634703196,73
anomaly_free,FlowRate,CBM 400,7,Chronos-2,0.6305945996927117,78.69863013698631,73
anomaly_free,FlowRate,CBM 400,7,TimesFM-2.5,0.627221191185622,80.50228310502283,73
anomaly_free,FlowRate,CBM 400,7,TiRex,0.6323253759493547,80.06849315068493,73
anomaly_free,FlowRate,CBM 400,8,Chronos-2,0.6274254979439853,78.9269406392694,73
anomaly_free,FlowRate,CBM 400,8,TimesFM-2.5,0.6201466576690375,80.25114155251141,73
anomaly_free,FlowRate,CBM 400,8,TiRex,0.6286580774245537,80.73059360730593,73
anomaly_free,FlowRate,CBM 400,9,Chronos-2,0.6771439937369994,77.32876712328766,73
anomaly_free,FlowRate,CBM 400,9,TimesFM-2.5,0.6357891545916086,80.29680365296804,73
anomaly_free,FlowRate,CBM 400,9,TiRex,0.650607957002765,79.74885844748857,73
anomaly_free,FlowRate,PAI +2σ at 1%,0,Chronos-2,0.6102026367349734,79.01826484018265,73
anomaly_free,FlowRate,PAI +2σ at 1%,0,TimesFM-2.5,0.6170790615720174,79.337899543379,73
anomaly_free,FlowRate,PAI +2σ at 1%,0,TiRex,0.6182890618205849,80.77625570776256,73
anomaly_free,FlowRate,PAI +2σ at 1%,1,Chronos-2,0.6129180379493104,78.81278538812785,73
anomaly_free,FlowRate,PAI +2σ at 1%,1,TimesFM-2.5,0.6344384213167752,78.83561643835615,73
anomaly_free,FlowRate,PAI +2σ at 1%,1,TiRex,0.6208770756431883,80.95890410958904,73
anomaly_free,FlowRate,PAI +2σ at 1%,2,Chronos-2,0.615958378715794,79.04109589041096,73
anomaly_free,FlowRate,PAI +2σ at 1%,2,TimesFM-2.5,0.6225370843102691,79.22374429223744,73
anomaly_free,FlowRate,PAI +2σ at 1%,2,TiRex,0.6186026575293633,80.57077625570777,73
anomaly_free,FlowRate,PAI +2σ at 1%,3,Chronos-2,0.615827085563139,78.83561643835615,73
anomaly_free,FlowRate,PAI +2σ at 1%,3,TimesFM-2.5,0.6283237055564207,79.08675799086758,73
anomaly_free,FlowRate,PAI +2σ at 1%,3,TiRex,0.6251588501951186,80.13698630136986,73
anomaly_free,FlowRate,PAI +2σ at 1%,4,Chronos-2,0.6160373417823177,78.76712328767124,73
anomaly_free,FlowRate,PAI +2σ at 1%,4,TimesFM-2.5,0.626617224378897,78.60730593607306,73
anomaly_free,FlowRate,PAI +2σ at 1%,4,TiRex,0.6185094044471586,80.54794520547945,73
anomaly_free,FlowRate,PAI +2σ at 1%,5,Chronos-2,0.6173403964079891,78.42465753424658,73
anomaly_free,FlowRate,PAI +2σ at 1%,5,TimesFM-2.5,0.6233966279999874,79.01826484018265,73
anomaly_free,FlowRate,PAI +2σ at 1%,5,TiRex,0.6208849291878147,80.20547945205479,73
anomaly_free,FlowRate,PAI +2σ at 1%,6,Chronos-2,0.612727505527209,79.15525114155251,73
anomaly_free,FlowRate,PAI +2σ at 1%,6,TimesFM-2.5,0.6288908178395533,78.99543378995433,73
anomaly_free,FlowRate,PAI +2σ at 1%,6,TiRex,0.6196784600587024,80.6392694063927,73
anomaly_free,FlowRate,PAI +2σ at 1%,7,Chronos-2,0.6185313079693237,78.76712328767124,73
anomaly_free,FlowRate,PAI +2σ at 1%,7,TimesFM-2.5,0.6234289420523349,79.13242009132419,73
anomaly_free,FlowRate,PAI +2σ at 1%,7,TiRex,0.6212996180346381,80.41095890410959,73
anomaly_free,FlowRate,PAI +2σ at 1%,8,Chronos-2,0.6099282311937194,78.51598173515981,73
anomaly_free,FlowRate,PAI +2σ at 1%,8,TimesFM-2.5,0.6243751287485884,78.9269406392694,73
anomaly_free,FlowRate,PAI +2σ at 1%,8,TiRex,0.6201792507100959,80.57077625570777,73
anomaly_free,FlowRate,PAI +2σ at 1%,9,Chronos-2,0.6126039817847901,79.1095890410959,73
anomaly_free,FlowRate,PAI +2σ at 1%,9,TimesFM-2.5,0.6275414019210103,79.29223744292237,73
anomaly_free,FlowRate,PAI +2σ at 1%,9,TiRex,0.6185002264853794,81.14155251141553,73
anomaly_free,FlowRate,PAI +3σ at 1%,0,Chronos-2,0.6132602460558144,79.72602739726027,73
anomaly_free,FlowRate,PAI +3σ at 1%,0,TimesFM-2.5,0.6275214247863391,80.15981735159818,73
anomaly_free,FlowRate,PAI +3σ at 1%,0,TiRex,0.6178368545461291,80.77625570776256,73
anomaly_free,FlowRate,PAI +3σ at 1%,1,Chronos-2,0.614404882011914,79.84018264840182,73
anomaly_free,FlowRate,PAI +3σ at 1%,1,TimesFM-2.5,0.6294550286692518,80.57077625570777,73
anomaly_free,FlowRate,PAI +3σ at 1%,1,TiRex,0.6167360609080499,81.32420091324201,73
anomaly_free,FlowRate,PAI +3σ at 1%,2,Chronos-2,0.6112441168411453,79.337899543379,73
anomaly_free,FlowRate,PAI +3σ at 1%,2,TimesFM-2.5,0.629698663212044,79.77168949771689,73
anomaly_free,FlowRate,PAI +3σ at 1%,2,TiRex,0.6171514895633382,81.18721461187215,73
anomaly_free,FlowRate,PAI +3σ at 1%,3,Chronos-2,0.621868652653369,79.08675799086758,73
anomaly_free,FlowRate,PAI +3σ at 1%,3,TimesFM-2.5,0.6297563193651182,79.31506849315069,73
anomaly_free,FlowRate,PAI +3σ at 1%,3,TiRex,0.6228515354438573,81.00456621004565,73
anomaly_free,FlowRate,PAI +3σ at 1%,4,Chronos-2,0.613811795507321,79.40639269406392,73
anomaly_free,FlowRate,PAI +3σ at 1%,4,TimesFM-2.5,0.627864879458708,79.40639269406392,73
anomaly_free,FlowRate,PAI +3σ at 1%,4,TiRex,0.622886596035259,80.38812785388127,73
anomaly_free,FlowRate,PAI +3σ at 1%,5,Chronos-2,0.614710053187538,79.337899543379,73
anomaly_free,FlowRate,PAI +3σ at 1%,5,TimesFM-2.5,0.626360038516786,79.81735159817352,73
anomaly_free,FlowRate,PAI +3σ at 1%,5,TiRex,0.6147145188117581,81.02739726027397,73
anomaly_free,FlowRate,PAI +3σ at 1%,6,Chronos-2,0.6228039743892461,78.9269406392694,73
anomaly_free,FlowRate,PAI +3σ at 1%,6,TimesFM-2.5,0.6308862475492342,79.68036529680366,73
anomaly_free,FlowRate,PAI +3σ at 1%,6,TiRex,0.62164822143788,81.25570776255707,73
anomaly_free,FlowRate,PAI +3σ at 1%,7,Chronos-2,0.6223268331314016,79.29223744292237,73
anomaly_free,FlowRate,PAI +3σ at 1%,7,TimesFM-2.5,0.62587031631853,79.93150684931507,73
anomaly_free,FlowRate,PAI +3σ at 1%,7,TiRex,0.6186993922620795,81.36986301369863,73
anomaly_free,FlowRate,PAI +3σ at 1%,8,Chronos-2,0.6086632917623077,79.84018264840182,73
anomaly_free,FlowRate,PAI +3σ at 1%,8,TimesFM-2.5,0.620745948840705,80.06849315068493,73
anomaly_free,FlowRate,PAI +3σ at 1%,8,TiRex,0.61489834464516,81.80365296803653,73
anomaly_free,FlowRate,PAI +3σ at 1%,9,Chronos-2,0.6098426631341652,79.40639269406392,73
anomaly_free,FlowRate,PAI +3σ at 1%,9,TimesFM-2.5,0.622243493747994,80.18264840182648,73
anomaly_free,FlowRate,PAI +3σ at 1%,9,TiRex,0.6171712082976634,80.86757990867581,73
anomaly_free,FlowRate,PAI +5σ at 1%,0,Chronos-2,0.6153102206824058,79.38356164383562,73
anomaly_free,FlowRate,PAI +5σ at 1%,0,TimesFM-2.5,0.6211133626736447,81.39269406392694,73
anomaly_free,FlowRate,PAI +5σ at 1%,0,TiRex,0.6274456268010202,80.98173515981735,73
anomaly_free,FlowRate,PAI +5σ at 1%,1,Chronos-2,0.6218010188447007,79.40639269406392,73
anomaly_free,FlowRate,PAI +5σ at 1%,1,TimesFM-2.5,0.6290201903314713,81.21004566210046,73
anomaly_free,FlowRate,PAI +5σ at 1%,1,TiRex,0.6152879451158025,81.84931506849315,73
anomaly_free,FlowRate,PAI +5σ at 1%,2,Chronos-2,0.6235440232533813,79.40639269406392,73
anomaly_free,FlowRate,PAI +5σ at 1%,2,TimesFM-2.5,0.6328002655383549,80.68493150684931,73
anomaly_free,FlowRate,PAI +5σ at 1%,2,TiRex,0.6243546523951442,81.48401826484019,73
anomaly_free,FlowRate,PAI +5σ at 1%,3,Chronos-2,0.6096114087032759,80.0,73
anomaly_free,FlowRate,PAI +5σ at 1%,3,TimesFM-2.5,0.6274621895556893,80.82191780821918,73
anomaly_free,FlowRate,PAI +5σ at 1%,3,TiRex,0.6161618100748442,81.48401826484019,73
anomaly_free,FlowRate,PAI +5σ at 1%,4,Chronos-2,0.6080104706271257,80.04566210045661,73
anomaly_free,FlowRate,PAI +5σ at 1%,4,TimesFM-2.5,0.6254178690906248,80.89041095890411,73
anomaly_free,FlowRate,PAI +5σ at 1%,4,TiRex,0.6192615246067724,80.91324200913242,73
anomaly_free,FlowRate,PAI +5σ at 1%,5,Chronos-2,0.6139897066158028,79.40639269406392,73
anomaly_free,FlowRate,PAI +5σ at 1%,5,TimesFM-2.5,0.6316398183027756,80.662100456621,73
anomaly_free,FlowRate,PAI +5σ at 1%,5,TiRex,0.6167113093363347,81.27853881278538,73
anomaly_free,FlowRate,PAI +5σ at 1%,6,Chronos-2,0.6168609191454206,80.11415525114155,73
anomaly_free,FlowRate,PAI +5σ at 1%,6,TimesFM-2.5,0.6296046183893056,80.91324200913242,73
anomaly_free,FlowRate,PAI +5σ at 1%,6,TiRex,0.6232423834135153,80.68493150684931,73
anomaly_free,FlowRate,PAI +5σ at 1%,7,Chronos-2,0.6134622791519311,79.74885844748857,73
anomaly_free,FlowRate,PAI +5σ at 1%,7,TimesFM-2.5,0.6264683464149,81.00456621004565,73
anomaly_free,FlowRate,PAI +5σ at 1%,7,TiRex,0.6199756734721216,81.91780821917808,73
anomaly_free,FlowRate,PAI +5σ at 1%,8,Chronos-2,0.6220265743300308,79.54337899543378,73
anomaly_free,FlowRate,PAI +5σ at 1%,8,TimesFM-2.5,0.6283162726919462,81.52968036529681,73
anomaly_free,FlowRate,PAI +5σ at 1%,8,TiRex,0.6185596504374088,81.41552511415526,73
anomaly_free,FlowRate,PAI +5σ at 1%,9,Chronos-2,0.6198404587990662,79.63470319634703,73
anomaly_free,FlowRate,PAI +5σ at 1%,9,TimesFM-2.5,0.6283601587226453,80.89041095890411,73
anomaly_free,FlowRate,PAI +5σ at 1%,9,TiRex,0.627172258432555,81.0730593607306,73
anomaly_free,Pressure,Clean,0,Chronos-2,0.2582827309088276,77.53424657534246,73
anomaly_free,Pressure,Clean,0,TimesFM-2.5,0.25773344741273757,80.09132420091323,73
anomaly_free,Pressure,Clean,0,TiRex,0.25755147535138156,80.22831050228311,73
anomaly_free,Pressure,RPM 5%,0,Chronos-2,0.25846629595744697,77.67123287671232,73
anomaly_free,Pressure,RPM 5%,0,TimesFM-2.5,0.25827762217383965,78.85844748858447,73
anomaly_free,Pressure,RPM 5%,0,TiRex,0.2578369632644377,80.18264840182648,73
anomaly_free,Pressure,RPM 5%,1,Chronos-2,0.2587515380322937,78.74429223744292,73
anomaly_free,Pressure,RPM 5%,1,TimesFM-2.5,0.2582302175280039,79.54337899543378,73
anomaly_free,Pressure,RPM 5%,1,TiRex,0.2577388126949377,80.45662100456622,73
anomaly_free,Pressure,RPM 5%,2,Chronos-2,0.2583014566731806,78.33333333333333,73
anomaly_free,Pressure,RPM 5%,2,TimesFM-2.5,0.25785751837420906,78.9269406392694,73
anomaly_free,Pressure,RPM 5%,2,TiRex,0.2576895436348977,80.4337899543379,73
anomaly_free,Pressure,RPM 5%,3,Chronos-2,0.2584051453729263,78.60730593607306,73
anomaly_free,Pressure,RPM 5%,3,TimesFM-2.5,0.25791139046712613,79.49771689497716,73
anomaly_free,Pressure,RPM 5%,3,TiRex,0.25772279962104677,80.15981735159818,73
anomaly_free,Pressure,RPM 5%,4,Chronos-2,0.2584185780920686,78.58447488584474,73
anomaly_free,Pressure,RPM 5%,4,TimesFM-2.5,0.25793149782092684,79.61187214611873,73
anomaly_free,Pressure,RPM 5%,4,TiRex,0.25766899383327246,80.09132420091323,73
anomaly_free,Pressure,RPM 5%,5,Chronos-2,0.25859096913353136,77.99086757990867,73
anomaly_free,Pressure,RPM 5%,5,TimesFM-2.5,0.2580086721729949,78.76712328767124,73
anomaly_free,Pressure,RPM 5%,5,TiRex,0.2579356372202571,79.70319634703196,73
anomaly_free,Pressure,RPM 5%,6,Chronos-2,0.25849510601329595,78.12785388127854,73
anomaly_free,Pressure,RPM 5%,6,TimesFM-2.5,0.2577338214689202,79.1095890410959,73
anomaly_free,Pressure,RPM 5%,6,TiRex,0.2576670146515118,80.34246575342465,73
anomaly_free,Pressure,RPM 5%,7,Chronos-2,0.2583591248378418,77.92237442922374,73
anomaly_free,Pressure,RPM 5%,7,TimesFM-2.5,0.2578233280586098,79.13242009132419,73
anomaly_free,Pressure,RPM 5%,7,TiRex,0.2576882016144165,80.36529680365297,73
anomaly_free,Pressure,RPM 5%,8,Chronos-2,0.2584500450309557,78.05936073059361,73
anomaly_free,Pressure,RPM 5%,8,TimesFM-2.5,0.25792549981302637,79.5662100456621,73
anomaly_free,Pressure,RPM 5%,8,TiRex,0.25799029334379514,80.34246575342465,73
anomaly_free,Pressure,RPM 5%,9,Chronos-2,0.25844846410740235,78.4703196347032,73
anomaly_free,Pressure,RPM 5%,9,TimesFM-2.5,0.25784669756524126,79.38356164383562,73
anomaly_free,Pressure,RPM 5%,9,TiRex,0.257657005780157,80.13698630136986,73
anomaly_free,Pressure,RPM 10%,0,Chronos-2,0.25855863509239435,77.23744292237443,73
anomaly_free,Pressure,RPM 10%,0,TimesFM-2.5,0.25827885456361316,78.10502283105023,73
anomaly_free,Pressure,RPM 10%,0,TiRex,0.2582372488394531,79.49771689497716,73
anomaly_free,Pressure,RPM 10%,1,Chronos-2,0.25873868900745384,76.57534246575342,73
anomaly_free,Pressure,RPM 10%,1,TimesFM-2.5,0.25830533310255577,77.28310502283105,73
anomaly_free,Pressure,RPM 10%,1,TiRex,0.25854714233952675,79.61187214611873,73
anomaly_free,Pressure,RPM 10%,2,Chronos-2,0.2584195055254968,77.53424657534246,73
anomaly_free,Pressure,RPM 10%,2,TimesFM-2.5,0.25831420223546037,78.40182648401827,73
anomaly_free,Pressure,RPM 10%,2,TiRex,0.25863087223782744,79.63470319634703,73
anomaly_free,Pressure,RPM 10%,3,Chronos-2,0.2586173878738069,77.46575342465754,73
anomaly_free,Pressure,RPM 10%,3,TimesFM-2.5,0.25848678593604346,78.63013698630137,73
anomaly_free,Pressure,RPM 10%,3,TiRex,0.25850680254456,79.68036529680366,73
anomaly_free,Pressure,RPM 10%,4,Chronos-2,0.25872539118594684,77.23744292237443,73
anomaly_free,Pressure,RPM 10%,4,TimesFM-2.5,0.2584175167492347,77.89954337899543,73
anomaly_free,Pressure,RPM 10%,4,TiRex,0.2581494129796617,79.42922374429223,73
anomaly_free,Pressure,RPM 10%,5,Chronos-2,0.2585143535647887,76.71232876712328,73
anomaly_free,Pressure,RPM 10%,5,TimesFM-2.5,0.25770797574749577,77.99086757990867,73
anomaly_free,Pressure,RPM 10%,5,TiRex,0.2582366201714297,79.24657534246575,73
anomaly_free,Pressure,RPM 10%,6,Chronos-2,0.25849646691125144,76.62100456621005,73
anomaly_free,Pressure,RPM 10%,6,TimesFM-2.5,0.2577875939217212,78.17351598173516,73
anomaly_free,Pressure,RPM 10%,6,TiRex,0.2583411521789037,79.58904109589041,73
anomaly_free,Pressure,RPM 10%,7,Chronos-2,0.2585537310637093,77.92237442922374,73
anomaly_free,Pressure,RPM 10%,7,TimesFM-2.5,0.2581095449181257,79.04109589041096,73
anomaly_free,Pressure,RPM 10%,7,TiRex,0.25790302995921993,79.61187214611873,73
anomaly_free,Pressure,RPM 10%,8,Chronos-2,0.2587587683520479,77.69406392694064,73
anomaly_free,Pressure,RPM 10%,8,TimesFM-2.5,0.257924136420996,78.10502283105023,73
anomaly_free,Pressure,RPM 10%,8,TiRex,0.2582124904452694,79.54337899543378,73
anomaly_free,Pressure,RPM 10%,9,Chronos-2,0.25864797757601643,77.05479452054794,73
anomaly_free,Pressure,RPM 10%,9,TimesFM-2.5,0.2582211694050568,77.92237442922374,73
anomaly_free,Pressure,RPM 10%,9,TiRex,0.2581366585035899,79.52054794520548,73
anomaly_free,Pressure,RPM 20%,0,Chronos-2,0.2583386328996812,76.05022831050229,73
anomaly_free,Pressure,RPM 20%,0,TimesFM-2.5,0.25815371853352403,77.8310502283105,73
anomaly_free,Pressure,RPM 20%,0,TiRex,0.2584495510614352,79.86301369863014,73
anomaly_free,Pressure,RPM 20%,1,Chronos-2,0.25899825061582327,75.27397260273972,73
anomaly_free,Pressure,RPM 20%,1,TimesFM-2.5,0.25844303179371897,77.19178082191782,73
anomaly_free,Pressure,RPM 20%,1,TiRex,0.25843360400105575,79.86301369863014,73
anomaly_free,Pressure,RPM 20%,2,Chronos-2,0.25879547143535914,76.25570776255708,73
anomaly_free,Pressure,RPM 20%,2,TimesFM-2.5,0.25849608285119724,77.35159817351598,73
anomaly_free,Pressure,RPM 20%,2,TiRex,0.25840913119561104,79.61187214611873,73
anomaly_free,Pressure,RPM 20%,3,Chronos-2,0.2586704933747444,75.61643835616438,73
anomaly_free,Pressure,RPM 20%,3,TimesFM-2.5,0.25817539221707664,78.58447488584474,73
anomaly_free,Pressure,RPM 20%,3,TiRex,0.258640667126851,79.74885844748857,73
anomaly_free,Pressure,RPM 20%,4,Chronos-2,0.25818557342026316,74.90867579908675,73
anomaly_free,Pressure,RPM 20%,4,TimesFM-2.5,0.25773192653492255,78.05936073059361,73
anomaly_free,Pressure,RPM 20%,4,TiRex,0.2579496929842966,79.5662100456621,73
anomaly_free,Pressure,RPM 20%,5,Chronos-2,0.25839790679621866,75.79908675799086,73
anomaly_free,Pressure,RPM 20%,5,TimesFM-2.5,0.25807567134329334,76.48401826484019,73
anomaly_free,Pressure,RPM 20%,5,TiRex,0.25901390735244517,80.09132420091323,73
anomaly_free,Pressure,RPM 20%,6,Chronos-2,0.2585918107781907,75.13698630136987,73
anomaly_free,Pressure,RPM 20%,6,TimesFM-2.5,0.25835703718680725,77.51141552511416,73
anomaly_free,Pressure,RPM 20%,6,TiRex,0.258688792379171,80.34246575342465,73
anomaly_free,Pressure,RPM 20%,7,Chronos-2,0.2590480385543848,75.45662100456622,73
anomaly_free,Pressure,RPM 20%,7,TimesFM-2.5,0.2586041261636969,77.28310502283105,73
anomaly_free,Pressure,RPM 20%,7,TiRex,0.25862656306957127,79.49771689497716,73
anomaly_free,Pressure,RPM 20%,8,Chronos-2,0.2585410352749887,73.94977168949771,73
anomaly_free,Pressure,RPM 20%,8,TimesFM-2.5,0.25801924135083,77.92237442922374,73
anomaly_free,Pressure,RPM 20%,8,TiRex,0.25912448630848933,80.04566210045661,73
anomaly_free,Pressure,RPM 20%,9,Chronos-2,0.2585343643130783,75.04566210045662,73
anomaly_free,Pressure,RPM 20%,9,TimesFM-2.5,0.25841600644638935,77.1689497716895,73
anomaly_free,Pressure,RPM 20%,9,TiRex,0.2582251051608367,79.47488584474885,73
anomaly_free,Pressure,CBM 100,0,Chronos-2,0.25833920733643195,78.03652968036529,73
anomaly_free,Pressure,CBM 100,0,TimesFM-2.5,0.2583460014126001,79.72602739726027,73
anomaly_free,Pressure,CBM 100,0,TiRex,0.2578447541862193,80.20547945205479,73
anomaly_free,Pressure,CBM 100,1,Chronos-2,0.25814251958885376,77.23744292237443,73
anomaly_free,Pressure,CBM 100,1,TimesFM-2.5,0.258097901780635,79.61187214611873,73
anomaly_free,Pressure,CBM 100,1,TiRex,0.2576937293541461,80.09132420091323,73
anomaly_free,Pressure,CBM 100,2,Chronos-2,0.2581201311507982,77.89954337899543,73
anomaly_free,Pressure,CBM 100,2,TimesFM-2.5,0.2600001972984864,79.337899543379,73
anomaly_free,Pressure,CBM 100,2,TiRex,0.25781953343711095,80.22831050228311,73
anomaly_free,Pressure,CBM 100,3,Chronos-2,0.25827669404568065,77.92237442922374,73
anomaly_free,Pressure,CBM 100,3,TimesFM-2.5,0.258316368480359,79.9771689497717,73
anomaly_free,Pressure,CBM 100,3,TiRex,0.2573916539110218,80.09132420091323,73
anomaly_free,Pressure,CBM 100,4,Chronos-2,0.2585697762548064,78.31050228310502,73
anomaly_free,Pressure,CBM 100,4,TimesFM-2.5,0.25857196908342583,79.31506849315069,73
anomaly_free,Pressure,CBM 100,4,TiRex,0.2583420850585128,80.06849315068493,73
anomaly_free,Pressure,CBM 100,5,Chronos-2,0.25835757280353827,77.6255707762557,73
anomaly_free,Pressure,CBM 100,5,TimesFM-2.5,0.2587081378010169,80.54794520547945,73
anomaly_free,Pressure,CBM 100,5,TiRex,0.257694586423276,80.22831050228311,73
anomaly_free,Pressure,CBM 100,6,Chronos-2,0.2582388004607899,78.12785388127854,73
anomaly_free,Pressure,CBM 100,6,TimesFM-2.5,0.2584016603126358,80.27397260273973,73
anomaly_free,Pressure,CBM 100,6,TiRex,0.25782437600986685,80.13698630136986,73
anomaly_free,Pressure,CBM 100,7,Chronos-2,0.25829909534525053,78.17351598173516,73
anomaly_free,Pressure,CBM 100,7,TimesFM-2.5,0.2584766781002147,78.78995433789954,73
anomaly_free,Pressure,CBM 100,7,TiRex,0.25790127305922567,79.93150684931507,73
anomaly_free,Pressure,CBM 100,8,Chronos-2,0.25853449644642307,77.28310502283105,73
anomaly_free,Pressure,CBM 100,8,TimesFM-2.5,0.2610848926409397,79.13242009132419,73
anomaly_free,Pressure,CBM 100,8,TiRex,0.25765944998593276,80.4337899543379,73
anomaly_free,Pressure,CBM 100,9,Chronos-2,0.2584588318207271,78.78995433789954,73
anomaly_free,Pressure,CBM 100,9,TimesFM-2.5,0.2582924757506315,81.23287671232877,73
anomaly_free,Pressure,CBM 100,9,TiRex,0.2579291982397952,80.47945205479452,73
anomaly_free,Pressure,CBM 200,0,Chronos-2,0.2583350736716486,78.12785388127854,73
anomaly_free,Pressure,CBM 200,0,TimesFM-2.5,0.2613433537825309,77.67123287671232,73
anomaly_free,Pressure,CBM 200,0,TiRex,0.25817969166542387,79.63470319634703,73
anomaly_free,Pressure,CBM 200,1,Chronos-2,0.25844805077873306,77.57990867579909,73
anomaly_free,Pressure,CBM 200,1,TimesFM-2.5,0.258220525936616,79.52054794520548,73
anomaly_free,Pressure,CBM 200,1,TiRex,0.25801709307614534,79.29223744292237,73
anomaly_free,Pressure,CBM 200,2,Chronos-2,0.25822829692269544,77.51141552511416,73
anomaly_free,Pressure,CBM 200,2,TimesFM-2.5,0.2582949305857622,79.9771689497717,73
anomaly_free,Pressure,CBM 200,2,TiRex,0.25777584258937597,79.54337899543378,73
anomaly_free,Pressure,CBM 200,3,Chronos-2,0.2581456464621467,78.10502283105023,73
anomaly_free,Pressure,CBM 200,3,TimesFM-2.5,0.25952832249059826,78.60730593607306,73
anomaly_free,Pressure,CBM 200,3,TiRex,0.25814251794549575,79.9771689497717,73
anomaly_free,Pressure,CBM 200,4,Chronos-2,0.25847688280541625,77.51141552511416,73
anomaly_free,Pressure,CBM 200,4,TimesFM-2.5,0.2595133084409432,80.47945205479452,73
anomaly_free,Pressure,CBM 200,4,TiRex,0.2578376051444418,80.0,73
anomaly_free,Pressure,CBM 200,5,Chronos-2,0.2582907891311112,78.63013698630137,73
anomaly_free,Pressure,CBM 200,5,TimesFM-2.5,0.267116211737073,80.15981735159818,73
anomaly_free,Pressure,CBM 200,5,TiRex,0.25842735936750644,80.36529680365297,73
anomaly_free,Pressure,CBM 200,6,Chronos-2,0.25826088653414137,78.74429223744292,73
anomaly_free,Pressure,CBM 200,6,TimesFM-2.5,0.25900300954757827,78.99543378995433,73
anomaly_free,Pressure,CBM 200,6,TiRex,0.2579278624689445,80.18264840182648,73
anomaly_free,Pressure,CBM 200,7,Chronos-2,0.2584710013118917,78.33333333333333,73
anomaly_free,Pressure,CBM 200,7,TimesFM-2.5,0.25922058862123926,79.95433789954338,73
anomaly_free,Pressure,CBM 200,7,TiRex,0.2580620271308479,80.09132420091323,73
anomaly_free,Pressure,CBM 200,8,Chronos-2,0.25891074733274017,77.28310502283105,73
anomaly_free,Pressure,CBM 200,8,TimesFM-2.5,0.25945135030105637,78.33333333333333,73
anomaly_free,Pressure,CBM 200,8,TiRex,0.2582856871582007,80.04566210045661,73
anomaly_free,Pressure,CBM 200,9,Chronos-2,0.25810309972944023,78.01369863013699,73
anomaly_free,Pressure,CBM 200,9,TimesFM-2.5,0.2591680963400286,79.36073059360731,73
anomaly_free,Pressure,CBM 200,9,TiRex,0.25771340276545607,80.13698630136986,73
anomaly_free,Pressure,CBM 400,0,Chronos-2,0.2591656459994201,78.35616438356165,73
anomaly_free,Pressure,CBM 400,0,TimesFM-2.5,0.2603896991148363,80.75342465753424,73
anomaly_free,Pressure,CBM 400,0,TiRex,0.25932429902377807,81.39269406392694,73
anomaly_free,Pressure,CBM 400,1,Chronos-2,0.25944768085090425,78.72146118721462,73
anomaly_free,Pressure,CBM 400,1,TimesFM-2.5,0.262222117505739,80.6164383561644,73
anomaly_free,Pressure,CBM 400,1,TiRex,0.2587918272796449,81.32420091324201,73
anomaly_free,Pressure,CBM 400,2,Chronos-2,0.259219149087672,78.2648401826484,73
anomaly_free,Pressure,CBM 400,2,TimesFM-2.5,0.26023795610071504,80.91324200913242,73
anomaly_free,Pressure,CBM 400,2,TiRex,0.25892800207175976,81.23287671232877,73
anomaly_free,Pressure,CBM 400,3,Chronos-2,0.2595183611329532,79.36073059360731,73
anomaly_free,Pressure,CBM 400,3,TimesFM-2.5,0.2655349233000436,80.86757990867581,73
anomaly_free,Pressure,CBM 400,3,TiRex,0.25872090848254703,81.78082191780823,73
anomaly_free,Pressure,CBM 400,4,Chronos-2,0.2598832389792875,77.28310502283105,73
anomaly_free,Pressure,CBM 400,4,TimesFM-2.5,0.26108789806474353,81.30136986301369,73
anomaly_free,Pressure,CBM 400,4,TiRex,0.2593486697886897,80.09132420091323,73
anomaly_free,Pressure,CBM 400,5,Chronos-2,0.25913844989555956,79.22374429223744,73
anomaly_free,Pressure,CBM 400,5,TimesFM-2.5,0.2614996514333327,80.68493150684931,73
anomaly_free,Pressure,CBM 400,5,TiRex,0.25875940639181505,80.25114155251141,73
anomaly_free,Pressure,CBM 400,6,Chronos-2,0.2596145869445583,79.40639269406392,73
anomaly_free,Pressure,CBM 400,6,TimesFM-2.5,0.2600539735434478,80.18264840182648,73
anomaly_free,Pressure,CBM 400,6,TiRex,0.25891913652519627,81.27853881278538,73
anomaly_free,Pressure,CBM 400,7,Chronos-2,0.26087176490832814,79.06392694063928,73
anomaly_free,Pressure,CBM 400,7,TimesFM-2.5,0.27275094152747514,80.20547945205479,73
anomaly_free,Pressure,CBM 400,7,TiRex,0.258755737225757,80.91324200913242,73
anomaly_free,Pressure,CBM 400,8,Chronos-2,0.2592578921916411,77.99086757990867,73
anomaly_free,Pressure,CBM 400,8,TimesFM-2.5,0.2596049142680897,81.57534246575342,73
anomaly_free,Pressure,CBM 400,8,TiRex,0.25851360262605133,80.4337899543379,73
anomaly_free,Pressure,CBM 400,9,Chronos-2,0.2592095731461641,78.99543378995433,73
anomaly_free,Pressure,CBM 400,9,TimesFM-2.5,0.2627196323124755,80.29680365296804,73
anomaly_free,Pressure,CBM 400,9,TiRex,0.2595985654474596,79.88584474885845,73
anomaly_free,Pressure,PAI +2σ at 1%,0,Chronos-2,0.2581274977879046,78.85844748858447,73
anomaly_free,Pressure,PAI +2σ at 1%,0,TimesFM-2.5,0.2578937727380985,80.27397260273973,73
anomaly_free,Pressure,PAI +2σ at 1%,0,TiRex,0.25765391396828313,80.662100456621,73
anomaly_free,Pressure,PAI +2σ at 1%,1,Chronos-2,0.25801979720133156,78.81278538812785,73
anomaly_free,Pressure,PAI +2σ at 1%,1,TimesFM-2.5,0.2577844159570796,80.75342465753424,73
anomaly_free,Pressure,PAI +2σ at 1%,1,TiRex,0.25757122660809384,80.70776255707763,73
anomaly_free,Pressure,PAI +2σ at 1%,2,Chronos-2,0.25811037056667907,78.40182648401827,73
anomaly_free,Pressure,PAI +2σ at 1%,2,TimesFM-2.5,0.2577196119349308,80.45662100456622,73
anomaly_free,Pressure,PAI +2σ at 1%,2,TiRex,0.2576471811877205,80.79908675799086,73
anomaly_free,Pressure,PAI +2σ at 1%,3,Chronos-2,0.2580808777812397,78.19634703196347,73
anomaly_free,Pressure,PAI +2σ at 1%,3,TimesFM-2.5,0.25742987366886677,80.662100456621,73
anomaly_free,Pressure,PAI +2σ at 1%,3,TiRex,0.2575427968309127,80.73059360730593,73
anomaly_free,Pressure,PAI +2σ at 1%,4,Chronos-2,0.2580722748066817,78.85844748858447,73
anomaly_free,Pressure,PAI +2σ at 1%,4,TimesFM-2.5,0.25765760627044815,80.75342465753424,73
anomaly_free,Pressure,PAI +2σ at 1%,4,TiRex,0.25754790491202745,80.47945205479452,73
anomaly_free,Pressure,PAI +2σ at 1%,5,Chronos-2,0.25810101990428985,78.9041095890411,73
anomaly_free,Pressure,PAI +2σ at 1%,5,TimesFM-2.5,0.25785276552878134,80.68493150684931,73
anomaly_free,Pressure,PAI +2σ at 1%,5,TiRex,0.25743336717085,80.4337899543379,73
anomaly_free,Pressure,PAI +2σ at 1%,6,Chronos-2,0.25805005572351375,78.4931506849315,73
anomaly_free,Pressure,PAI +2σ at 1%,6,TimesFM-2.5,0.257725462589371,80.50228310502283,73
anomaly_free,Pressure,PAI +2σ at 1%,6,TiRex,0.2575946220503364,80.6392694063927,73
anomaly_free,Pressure,PAI +2σ at 1%,7,Chronos-2,0.2581031045679332,78.58447488584474,73
anomaly_free,Pressure,PAI +2σ at 1%,7,TimesFM-2.5,0.25780372551484126,80.6392694063927,73
anomaly_free,Pressure,PAI +2σ at 1%,7,TiRex,0.2575789682680494,80.57077625570777,73
anomaly_free,Pressure,PAI +2σ at 1%,8,Chronos-2,0.2579144701613875,78.60730593607306,73
anomaly_free,Pressure,PAI +2σ at 1%,8,TimesFM-2.5,0.25783995575611457,80.47945205479452,73
anomaly_free,Pressure,PAI +2σ at 1%,8,TiRex,0.2575312318818061,80.70776255707763,73
anomaly_free,Pressure,PAI +2σ at 1%,9,Chronos-2,0.25806428330500314,78.51598173515981,73
anomaly_free,Pressure,PAI +2σ at 1%,9,TimesFM-2.5,0.2576087902346504,80.29680365296804,73
anomaly_free,Pressure,PAI +2σ at 1%,9,TiRex,0.2575808488510356,80.73059360730593,73
anomaly_free,Pressure,PAI +3σ at 1%,0,Chronos-2,0.25812015642143993,78.69863013698631,73
anomaly_free,Pressure,PAI +3σ at 1%,0,TimesFM-2.5,0.2619144198766678,80.41095890410959,73
anomaly_free,Pressure,PAI +3σ at 1%,0,TiRex,0.25766215986503344,80.59360730593608,73
anomaly_free,Pressure,PAI +3σ at 1%,1,Chronos-2,0.25801450542618853,78.72146118721462,73
anomaly_free,Pressure,PAI +3σ at 1%,1,TimesFM-2.5,0.2579352222225811,80.20547945205479,73
anomaly_free,Pressure,PAI +3σ at 1%,1,TiRex,0.2575136371428906,80.54794520547945,73
anomaly_free,Pressure,PAI +3σ at 1%,2,Chronos-2,0.2581105587382559,79.20091324200914,73
anomaly_free,Pressure,PAI +3σ at 1%,2,TimesFM-2.5,0.25779272402288483,80.41095890410959,73
anomaly_free,Pressure,PAI +3σ at 1%,2,TiRex,0.2574993912695932,80.73059360730593,73
anomaly_free,Pressure,PAI +3σ at 1%,3,Chronos-2,0.25797696493863437,79.38356164383562,73
anomaly_free,Pressure,PAI +3σ at 1%,3,TimesFM-2.5,0.25771488881892857,80.73059360730593,73
anomaly_free,Pressure,PAI +3σ at 1%,3,TiRex,0.2575161725467033,80.6392694063927,73
anomaly_free,Pressure,PAI +3σ at 1%,4,Chronos-2,0.2580511119132537,78.94977168949772,73
anomaly_free,Pressure,PAI +3σ at 1%,4,TimesFM-2.5,0.2578525562409572,80.4337899543379,73
anomaly_free,Pressure,PAI +3σ at 1%,4,TiRex,0.25746950179290146,80.52511415525115,73
anomaly_free,Pressure,PAI +3σ at 1%,5,Chronos-2,0.2579315429763716,78.83561643835615,73
anomaly_free,Pressure,PAI +3σ at 1%,5,TimesFM-2.5,0.2577596212114911,80.34246575342465,73
anomaly_free,Pressure,PAI +3σ at 1%,5,TiRex,0.25741458258606426,80.52511415525115,73
anomaly_free,Pressure,PAI +3σ at 1%,6,Chronos-2,0.25808549308456036,79.06392694063928,73
anomaly_free,Pressure,PAI +3σ at 1%,6,TimesFM-2.5,0.2579387938878335,80.45662100456622,73
anomaly_free,Pressure,PAI +3σ at 1%,6,TiRex,0.2573635888513345,80.6164383561644,73
anomaly_free,Pressure,PAI +3σ at 1%,7,Chronos-2,0.2580671227402355,79.06392694063928,73
anomaly_free,Pressure,PAI +3σ at 1%,7,TimesFM-2.5,0.25778693775551276,80.45662100456622,73
anomaly_free,Pressure,PAI +3σ at 1%,7,TiRex,0.2575133014352937,80.662100456621,73
anomaly_free,Pressure,PAI +3σ at 1%,8,Chronos-2,0.258036285208156,78.85844748858447,73
anomaly_free,Pressure,PAI +3σ at 1%,8,TimesFM-2.5,0.2578281772500844,80.31963470319636,73
anomaly_free,Pressure,PAI +3σ at 1%,8,TiRex,0.25758105614480514,80.54794520547945,73
anomaly_free,Pressure,PAI +3σ at 1%,9,Chronos-2,0.25802698812561514,79.22374429223744,73
anomaly_free,Pressure,PAI +3σ at 1%,9,TimesFM-2.5,0.2576402490213303,80.52511415525115,73
anomaly_free,Pressure,PAI +3σ at 1%,9,TiRex,0.25743661525741873,80.57077625570777,73
anomaly_free,Pressure,PAI +5σ at 1%,0,Chronos-2,0.25777756238056104,79.1095890410959,73
anomaly_free,Pressure,PAI +5σ at 1%,0,TimesFM-2.5,0.25788400433178843,79.86301369863014,73
anomaly_free,Pressure,PAI +5σ at 1%,0,TiRex,0.2573454081607003,80.75342465753424,73
anomaly_free,Pressure,PAI +5σ at 1%,1,Chronos-2,0.25801381351040953,79.29223744292237,73
anomaly_free,Pressure,PAI +5σ at 1%,1,TimesFM-2.5,0.2582550330282824,80.04566210045661,73
anomaly_free,Pressure,PAI +5σ at 1%,1,TiRex,0.2575032307915863,80.82191780821918,73
anomaly_free,Pressure,PAI +5σ at 1%,2,Chronos-2,0.25795497132667616,79.54337899543378,73
anomaly_free,Pressure,PAI +5σ at 1%,2,TimesFM-2.5,0.2580823434898935,79.93150684931507,73
anomaly_free,Pressure,PAI +5σ at 1%,2,TiRex,0.25739831018079845,80.52511415525115,73
anomaly_free,Pressure,PAI +5σ at 1%,3,Chronos-2,0.25789923044290824,79.24657534246575,73
anomaly_free,Pressure,PAI +5σ at 1%,3,TimesFM-2.5,0.2576003752576771,79.24657534246575,73
anomaly_free,Pressure,PAI +5σ at 1%,3,TiRex,0.2574657129517513,80.20547945205479,73
anomaly_free,Pressure,PAI +5σ at 1%,4,Chronos-2,0.2580448633371095,79.81735159817352,73
anomaly_free,Pressure,PAI +5σ at 1%,4,TimesFM-2.5,0.2585585042633318,79.90867579908677,73
anomaly_free,Pressure,PAI +5σ at 1%,4,TiRex,0.257419673016927,80.662100456621,73
anomaly_free,Pressure,PAI +5σ at 1%,5,Chronos-2,0.2579249914532452,79.20091324200914,73
anomaly_free,Pressure,PAI +5σ at 1%,5,TimesFM-2.5,0.2585109496331981,79.65753424657535,73
anomaly_free,Pressure,PAI +5σ at 1%,5,TiRex,0.2574817860249912,80.45662100456622,73
anomaly_free,Pressure,PAI +5σ at 1%,6,Chronos-2,0.25807226438418784,79.29223744292237,73
anomaly_free,Pressure,PAI +5σ at 1%,6,TimesFM-2.5,0.2583433436383786,79.86301369863014,73
anomaly_free,Pressure,PAI +5σ at 1%,6,TiRex,0.25760134827683356,80.31963470319636,73
anomaly_free,Pressure,PAI +5σ at 1%,7,Chronos-2,0.25810057935885045,79.337899543379,73
anomaly_free,Pressure,PAI +5σ at 1%,7,TimesFM-2.5,0.25775925848949915,80.0,73
anomaly_free,Pressure,PAI +5σ at 1%,7,TiRex,0.25748660346462937,80.57077625570777,73
anomaly_free,Pressure,PAI +5σ at 1%,8,Chronos-2,0.25785681340083244,79.81735159817352,73
anomaly_free,Pressure,PAI +5σ at 1%,8,TimesFM-2.5,0.2580518118509853,79.88584474885845,73
anomaly_free,Pressure,PAI +5σ at 1%,8,TiRex,0.25744073395318773,80.41095890410959,73
anomaly_free,Pressure,PAI +5σ at 1%,9,Chronos-2,0.25792432650933156,79.36073059360731,73
anomaly_free,Pressure,PAI +5σ at 1%,9,TimesFM-2.5,0.2579736669142452,79.86301369863014,73
anomaly_free,Pressure,PAI +5σ at 1%,9,TiRex,0.2575618628078545,80.662100456621,73
anomaly_free,Temperature,Clean,0,Chronos-2,0.2407198586797187,71.62100456621005,73
anomaly_free,Temperature,Clean,0,TimesFM-2.5,0.22820124454472385,80.04566210045661,73
anomaly_free,Temperature,Clean,0,TiRex,0.23866021009355,77.92237442922374,73
anomaly_free,Temperature,RPM 5%,0,Chronos-2,0.23819915889299553,73.92694063926942,73
anomaly_free,Temperature,RPM 5%,0,TimesFM-2.5,0.22976103098689546,79.84018264840182,73
anomaly_free,Temperature,RPM 5%,0,TiRex,0.2385063660139378,78.08219178082192,73
anomaly_free,Temperature,RPM 5%,1,Chronos-2,0.23692370499838525,73.60730593607306,73
anomaly_free,Temperature,RPM 5%,1,TimesFM-2.5,0.22858262169720767,79.72602739726027,73
anomaly_free,Temperature,RPM 5%,1,TiRex,0.23612915753521158,77.94520547945206,73
anomaly_free,Temperature,RPM 5%,2,Chronos-2,0.23825556714918641,73.44748858447488,73
anomaly_free,Temperature,RPM 5%,2,TimesFM-2.5,0.22968755595034607,79.70319634703196,73
anomaly_free,Temperature,RPM 5%,2,TiRex,0.23750549014137648,78.08219178082192,73
anomaly_free,Temperature,RPM 5%,3,Chronos-2,0.23943142528495537,73.42465753424658,73
anomaly_free,Temperature,RPM 5%,3,TimesFM-2.5,0.2276499786695921,79.95433789954338,73
anomaly_free,Temperature,RPM 5%,3,TiRex,0.23884175186531326,78.31050228310502,73
anomaly_free,Temperature,RPM 5%,4,Chronos-2,0.23917680478711942,73.83561643835617,73
anomaly_free,Temperature,RPM 5%,4,TimesFM-2.5,0.23019713105630568,79.5662100456621,73
anomaly_free,Temperature,RPM 5%,4,TiRex,0.2349800368075142,78.2876712328767,73
anomaly_free,Temperature,RPM 5%,5,Chronos-2,0.23866131800471224,73.92694063926942,73
anomaly_free,Temperature,RPM 5%,5,TimesFM-2.5,0.22831831920525625,79.74885844748857,73
anomaly_free,Temperature,RPM 5%,5,TiRex,0.23685246019152154,78.12785388127854,73
anomaly_free,Temperature,RPM 5%,6,Chronos-2,0.23837484071740073,73.72146118721462,73
anomaly_free,Temperature,RPM 5%,6,TimesFM-2.5,0.2292344761600218,79.81735159817352,73
anomaly_free,Temperature,RPM 5%,6,TiRex,0.23708326525936033,77.73972602739725,73
anomaly_free,Temperature,RPM 5%,7,Chronos-2,0.24027088415184822,73.35616438356163,73
anomaly_free,Temperature,RPM 5%,7,TimesFM-2.5,0.22910010897193486,79.38356164383562,73
anomaly_free,Temperature,RPM 5%,7,TiRex,0.23705761312460602,77.96803652968036,73
anomaly_free,Temperature,RPM 5%,8,Chronos-2,0.24043718416424284,73.60730593607306,73
anomaly_free,Temperature,RPM 5%,8,TimesFM-2.5,0.2284406626329208,79.93150684931507,73
anomaly_free,Temperature,RPM 5%,8,TiRex,0.2373253850350021,77.87671232876713,73
anomaly_free,Temperature,RPM 5%,9,Chronos-2,0.24011770943242342,73.6986301369863,73
anomaly_free,Temperature,RPM 5%,9,TimesFM-2.5,0.22951676266123486,79.65753424657535,73
anomaly_free,Temperature,RPM 5%,9,TiRex,0.2374813932521176,78.37899543378995,73
anomaly_free,Temperature,RPM 10%,0,Chronos-2,0.24224642496057208,72.64840182648402,73
anomaly_free,Temperature,RPM 10%,0,TimesFM-2.5,0.2285510388142323,79.7945205479452,73
anomaly_free,Temperature,RPM 10%,0,TiRex,0.23809161089401176,78.51598173515981,73
anomaly_free,Temperature,RPM 10%,1,Chronos-2,0.24105735394711075,73.15068493150685,73
anomaly_free,Temperature,RPM 10%,1,TimesFM-2.5,0.22810523042435832,79.5662100456621,73
anomaly_free,Temperature,RPM 10%,1,TiRex,0.23665447008122523,78.17351598173516,73
anomaly_free,Temperature,RPM 10%,2,Chronos-2,0.24258626595304025,72.51141552511416,73
anomaly_free,Temperature,RPM 10%,2,TimesFM-2.5,0.22892428833448836,79.9771689497717,73
anomaly_free,Temperature,RPM 10%,2,TiRex,0.23857564099159267,77.96803652968036,73
anomaly_free,Temperature,RPM 10%,3,Chronos-2,0.24050741280519003,72.92237442922375,73
anomaly_free,Temperature,RPM 10%,3,TimesFM-2.5,0.22967252393263018,79.74885844748857,73
anomaly_free,Temperature,RPM 10%,3,TiRex,0.23480106386486713,79.42922374429223,73
anomaly_free,Temperature,RPM 10%,4,Chronos-2,0.24167549589968712,73.33333333333333,73
anomaly_free,Temperature,RPM 10%,4,TimesFM-2.5,0.22889150409295947,79.74885844748857,73
anomaly_free,Temperature,RPM 10%,4,TiRex,0.23962185301421665,78.31050228310502,73
anomaly_free,Temperature,RPM 10%,5,Chronos-2,0.2407110927923303,72.55707762557077,73
anomaly_free,Temperature,RPM 10%,5,TimesFM-2.5,0.22902422871154124,78.9269406392694,73
anomaly_free,Temperature,RPM 10%,5,TiRex,0.23709628472250718,78.76712328767124,73
anomaly_free,Temperature,RPM 10%,6,Chronos-2,0.2439177981187631,72.62557077625571,73
anomaly_free,Temperature,RPM 10%,6,TimesFM-2.5,0.23102380257574368,79.04109589041096,73
anomaly_free,Temperature,RPM 10%,6,TiRex,0.238984547496894,78.21917808219177,73
anomaly_free,Temperature,RPM 10%,7,Chronos-2,0.24191264720276762,72.67123287671234,73
anomaly_free,Temperature,RPM 10%,7,TimesFM-2.5,0.2301236144219713,78.9041095890411,73
anomaly_free,Temperature,RPM 10%,7,TiRex,0.23986290300002627,78.2420091324201,73
anomaly_free,Temperature,RPM 10%,8,Chronos-2,0.2417752514827495,72.35159817351598,73
anomaly_free,Temperature,RPM 10%,8,TimesFM-2.5,0.2306116675458005,79.22374429223744,73
anomaly_free,Temperature,RPM 10%,8,TiRex,0.24171572463840876,78.19634703196347,73
anomaly_free,Temperature,RPM 10%,9,Chronos-2,0.2403737147125992,72.78538812785388,73
anomaly_free,Temperature,RPM 10%,9,TimesFM-2.5,0.2275813490706416,79.9771689497717,73
anomaly_free,Temperature,RPM 10%,9,TiRex,0.22986984236742103,78.88127853881278,73
anomaly_free,Temperature,RPM 20%,0,Chronos-2,0.24274502981374518,72.3972602739726,73
anomaly_free,Temperature,RPM 20%,0,TimesFM-2.5,0.2284167358462717,80.04566210045661,73
anomaly_free,Temperature,RPM 20%,0,TiRex,0.234373155186571,79.13242009132419,73
anomaly_free,Temperature,RPM 20%,1,Chronos-2,0.24987708065275263,71.94063926940639,73
anomaly_free,Temperature,RPM 20%,1,TimesFM-2.5,0.22845150868420588,79.81735159817352,73
anomaly_free,Temperature,RPM 20%,1,TiRex,0.23934075938600965,79.22374429223744,73
anomaly_free,Temperature,RPM 20%,2,Chronos-2,0.24522183848409193,71.84931506849314,73
anomaly_free,Temperature,RPM 20%,2,TimesFM-2.5,0.23166754094073444,78.33333333333333,73
anomaly_free,Temperature,RPM 20%,2,TiRex,0.23308805057260437,79.42922374429223,73
anomaly_free,Temperature,RPM 20%,3,Chronos-2,0.24449692522764965,72.51141552511416,73
anomaly_free,Temperature,RPM 20%,3,TimesFM-2.5,0.2323580362299491,79.01826484018265,73
anomaly_free,Temperature,RPM 20%,3,TiRex,0.23685806570200038,79.06392694063928,73
anomaly_free,Temperature,RPM 20%,4,Chronos-2,0.24686221063901562,71.16438356164385,73
anomaly_free,Temperature,RPM 20%,4,TimesFM-2.5,0.23322800192673285,78.60730593607306,73
anomaly_free,Temperature,RPM 20%,4,TiRex,0.24128156874758416,77.89954337899543,73
anomaly_free,Temperature,RPM 20%,5,Chronos-2,0.24588838232958515,72.30593607305936,73
anomaly_free,Temperature,RPM 20%,5,TimesFM-2.5,0.22976229767021614,78.65296803652969,73
anomaly_free,Temperature,RPM 20%,5,TiRex,0.23815144409372985,78.33333333333333,73
anomaly_free,Temperature,RPM 20%,6,Chronos-2,0.24683686977756705,71.7579908675799,73
anomaly_free,Temperature,RPM 20%,6,TimesFM-2.5,0.22683556618609443,79.86301369863014,73
anomaly_free,Temperature,RPM 20%,6,TiRex,0.23650708922863667,78.78995433789954,73
anomaly_free,Temperature,RPM 20%,7,Chronos-2,0.24564732046103396,71.32420091324201,73
anomaly_free,Temperature,RPM 20%,7,TimesFM-2.5,0.23143873981792226,79.1095890410959,73
anomaly_free,Temperature,RPM 20%,7,TiRex,0.23150430626993473,79.52054794520548,73
anomaly_free,Temperature,RPM 20%,8,Chronos-2,0.24598080599970373,71.18721461187215,73
anomaly_free,Temperature,RPM 20%,8,TimesFM-2.5,0.23520566604004037,78.67579908675799,73
anomaly_free,Temperature,RPM 20%,8,TiRex,0.24075442939038275,77.92237442922374,73
anomaly_free,Temperature,RPM 20%,9,Chronos-2,0.24271184003301968,72.69406392694064,73
anomaly_free,Temperature,RPM 20%,9,TimesFM-2.5,0.2304420437064185,79.26940639269407,73
anomaly_free,Temperature,RPM 20%,9,TiRex,0.23437864832567135,79.29223744292237,73
anomaly_free,Temperature,CBM 100,0,Chronos-2,0.23477861755507437,73.44748858447488,73
anomaly_free,Temperature,CBM 100,0,TimesFM-2.5,0.2538768412699374,80.09132420091323,73
anomaly_free,Temperature,CBM 100,0,TiRex,0.2519004589759007,77.6255707762557,73
anomaly_free,Temperature,CBM 100,1,Chronos-2,0.2391919654433877,73.0593607305936,73
anomaly_free,Temperature,CBM 100,1,TimesFM-2.5,0.25711444178502524,79.15525114155251,73
anomaly_free,Temperature,CBM 100,1,TiRex,0.2522164940701094,78.2420091324201,73
anomaly_free,Temperature,CBM 100,2,Chronos-2,0.240949676580693,73.2648401826484,73
anomaly_free,Temperature,CBM 100,2,TimesFM-2.5,0.2541317546285499,80.57077625570777,73
anomaly_free,Temperature,CBM 100,2,TiRex,0.2494327916625625,79.31506849315069,73
anomaly_free,Temperature,CBM 100,3,Chronos-2,0.24134649732242075,71.7123287671233,73
anomaly_free,Temperature,CBM 100,3,TimesFM-2.5,0.24704436631592583,80.47945205479452,73
anomaly_free,Temperature,CBM 100,3,TiRex,0.24922080281458014,78.10502283105023,73
anomaly_free,Temperature,CBM 100,4,Chronos-2,0.24547816502255274,72.23744292237443,73
anomaly_free,Temperature,CBM 100,4,TimesFM-2.5,0.2529522952413832,80.0,73
anomaly_free,Temperature,CBM 100,4,TiRex,0.24848546231160212,78.4931506849315,73
anomaly_free,Temperature,CBM 100,5,Chronos-2,0.24364466202534693,72.21461187214612,73
anomaly_free,Temperature,CBM 100,5,TimesFM-2.5,0.2522850798000689,81.52968036529681,73
anomaly_free,Temperature,CBM 100,5,TiRex,0.24824605225202448,78.69863013698631,73
anomaly_free,Temperature,CBM 100,6,Chronos-2,0.2500956580634055,71.16438356164385,73
anomaly_free,Temperature,CBM 100,6,TimesFM-2.5,0.25811997120436253,79.61187214611873,73
anomaly_free,Temperature,CBM 100,6,TiRex,0.26049856707274055,76.5068493150685,73
anomaly_free,Temperature,CBM 100,7,Chronos-2,0.24630100907901992,73.0593607305936,73
anomaly_free,Temperature,CBM 100,7,TimesFM-2.5,0.25676639422265385,79.20091324200914,73
anomaly_free,Temperature,CBM 100,7,TiRex,0.2541237814591937,78.21917808219177,73
anomaly_free,Temperature,CBM 100,8,Chronos-2,0.2417264216068852,72.85388127853881,73
anomaly_free,Temperature,CBM 100,8,TimesFM-2.5,0.2534290987453235,80.73059360730593,73
anomaly_free,Temperature,CBM 100,8,TiRex,0.24828689751869876,78.9041095890411,73
anomaly_free,Temperature,CBM 100,9,Chronos-2,0.23882708635137112,72.44292237442922,73
anomaly_free,Temperature,CBM 100,9,TimesFM-2.5,0.2581957477628502,78.03652968036529,73
anomaly_free,Temperature,CBM 100,9,TiRex,0.24589771624023457,79.337899543379,73
anomaly_free,Temperature,CBM 200,0,Chronos-2,0.24973462008452108,73.40182648401826,73
anomaly_free,Temperature,CBM 200,0,TimesFM-2.5,0.2785539018528779,78.31050228310502,73
anomaly_free,Temperature,CBM 200,0,TiRex,0.2629936222671134,78.53881278538812,73
anomaly_free,Temperature,CBM 200,1,Chronos-2,0.2440636501709694,72.8310502283105,73
anomaly_free,Temperature,CBM 200,1,TimesFM-2.5,0.2738715129964209,79.70319634703196,73
anomaly_free,Temperature,CBM 200,1,TiRex,0.2624998430521322,78.2648401826484,73
anomaly_free,Temperature,CBM 200,2,Chronos-2,0.24304244825484214,73.58447488584476,73
anomaly_free,Temperature,CBM 200,2,TimesFM-2.5,0.28110335156929467,77.30593607305936,73
anomaly_free,Temperature,CBM 200,2,TiRex,0.25681515572200814,80.11415525114155,73
anomaly_free,Temperature,CBM 200,3,Chronos-2,0.23936910145742768,73.76712328767124,73
anomaly_free,Temperature,CBM 200,3,TimesFM-2.5,0.2763788238074276,78.9269406392694,73
anomaly_free,Temperature,CBM 200,3,TiRex,0.25336176683489525,80.52511415525115,73
anomaly_free,Temperature,CBM 200,4,Chronos-2,0.25340084218824954,72.71689497716895,73
anomaly_free,Temperature,CBM 200,4,TimesFM-2.5,0.28990111304348165,75.98173515981735,73
anomaly_free,Temperature,CBM 200,4,TiRex,0.2714564927056363,76.84931506849315,73
anomaly_free,Temperature,CBM 200,5,Chronos-2,0.2547464960538337,70.93607305936072,73
anomaly_free,Temperature,CBM 200,5,TimesFM-2.5,0.2789486066971512,76.7351598173516,73
anomaly_free,Temperature,CBM 200,5,TiRex,0.2657963992485656,77.89954337899543,73
anomaly_free,Temperature,CBM 200,6,Chronos-2,0.2455797016075093,72.99086757990868,73
anomaly_free,Temperature,CBM 200,6,TimesFM-2.5,0.2789293759349673,78.81278538812785,73
anomaly_free,Temperature,CBM 200,6,TiRex,0.26387589961496194,78.60730593607306,73
anomaly_free,Temperature,CBM 200,7,Chronos-2,0.25064668527296424,72.87671232876713,73
anomaly_free,Temperature,CBM 200,7,TimesFM-2.5,0.28058195539902064,76.96347031963471,73
anomaly_free,Temperature,CBM 200,7,TiRex,0.2707715860388185,77.57990867579909,73
anomaly_free,Temperature,CBM 200,8,Chronos-2,0.2477791860126606,72.78538812785388,73
anomaly_free,Temperature,CBM 200,8,TimesFM-2.5,0.2778994462255784,76.91780821917808,73
anomaly_free,Temperature,CBM 200,8,TiRex,0.26075711097900495,78.19634703196347,73
anomaly_free,Temperature,CBM 200,9,Chronos-2,0.24671193553164922,73.35616438356163,73
anomaly_free,Temperature,CBM 200,9,TimesFM-2.5,0.2807820115626196,75.06849315068493,73
anomaly_free,Temperature,CBM 200,9,TiRex,0.266720220358808,77.07762557077625,73
anomaly_free,Temperature,CBM 400,0,Chronos-2,0.275406487191145,73.97260273972603,73
anomaly_free,Temperature,CBM 400,0,TimesFM-2.5,0.3235784210359368,73.2420091324201,73
anomaly_free,Temperature,CBM 400,0,TiRex,0.29064825067467653,77.44292237442923,73
anomaly_free,Temperature,CBM 400,1,Chronos-2,0.2732257074763565,74.01826484018265,73
anomaly_free,Temperature,CBM 400,1,TimesFM-2.5,0.32550197922846175,73.28767123287672,73
anomaly_free,Temperature,CBM 400,1,TiRex,0.2923624273471251,78.2420091324201,73
anomaly_free,Temperature,CBM 400,2,Chronos-2,0.2650748142812065,72.78538812785388,73
anomaly_free,Temperature,CBM 400,2,TimesFM-2.5,0.33160456985298303,70.0,73
anomaly_free,Temperature,CBM 400,2,TiRex,0.2853132136054278,78.65296803652969,73
anomaly_free,Temperature,CBM 400,3,Chronos-2,0.27258615996357244,74.49771689497717,73
anomaly_free,Temperature,CBM 400,3,TimesFM-2.5,0.3386859521926111,70.79908675799086,73
anomaly_free,Temperature,CBM 400,3,TiRex,0.29333104578499686,79.22374429223744,73
anomaly_free,Temperature,CBM 400,4,Chronos-2,0.26066956613262887,73.56164383561644,73
anomaly_free,Temperature,CBM 400,4,TimesFM-2.5,0.3330569704889485,73.53881278538813,73
anomaly_free,Temperature,CBM 400,4,TiRex,0.2822438863197441,80.95890410958904,73
anomaly_free,Temperature,CBM 400,5,Chronos-2,0.27166610536901986,75.6392694063927,73
anomaly_free,Temperature,CBM 400,5,TimesFM-2.5,0.3409976187112812,69.17808219178082,73
anomaly_free,Temperature,CBM 400,5,TiRex,0.2999303419460744,78.05936073059361,73
anomaly_free,Temperature,CBM 400,6,Chronos-2,0.28175960919417975,72.48858447488584,73
anomaly_free,Temperature,CBM 400,6,TimesFM-2.5,0.337791305987789,72.64840182648402,73
anomaly_free,Temperature,CBM 400,6,TiRex,0.2898707822215177,77.48858447488584,73
anomaly_free,Temperature,CBM 400,7,Chronos-2,0.2688673333302582,74.63470319634703,73
anomaly_free,Temperature,CBM 400,7,TimesFM-2.5,0.33289794983550425,72.67123287671234,73
anomaly_free,Temperature,CBM 400,7,TiRex,0.2904411057922557,77.55707762557078,73
anomaly_free,Temperature,CBM 400,8,Chronos-2,0.28070112161038,73.2420091324201,73
anomaly_free,Temperature,CBM 400,8,TimesFM-2.5,0.3386468706800594,70.18264840182648,73
anomaly_free,Temperature,CBM 400,8,TiRex,0.2967872120386872,77.94520547945206,73
anomaly_free,Temperature,CBM 400,9,Chronos-2,0.26209288448279067,74.47488584474885,73
anomaly_free,Temperature,CBM 400,9,TimesFM-2.5,0.3284771167763093,74.40639269406392,73
anomaly_free,Temperature,CBM 400,9,TiRex,0.29675394204227634,76.91780821917808,73
anomaly_free,Temperature,PAI +2σ at 1%,0,Chronos-2,0.23911653920176257,73.33333333333333,73
anomaly_free,Temperature,PAI +2σ at 1%,0,TimesFM-2.5,0.22561097510284128,80.77625570776256,73
anomaly_free,Temperature,PAI +2σ at 1%,0,TiRex,0.23790826709456658,78.94977168949772,73
anomaly_free,Temperature,PAI +2σ at 1%,1,Chronos-2,0.23795299814611046,73.53881278538813,73
anomaly_free,Temperature,PAI +2σ at 1%,1,TimesFM-2.5,0.22776368889755955,80.54794520547945,73
anomaly_free,Temperature,PAI +2σ at 1%,1,TiRex,0.24068581592582455,79.17808219178082,73
anomaly_free,Temperature,PAI +2σ at 1%,2,Chronos-2,0.23856074861336268,72.99086757990868,73
anomaly_free,Temperature,PAI +2σ at 1%,2,TimesFM-2.5,0.22789982077940465,80.73059360730593,73
anomaly_free,Temperature,PAI +2σ at 1%,2,TiRex,0.23970031696511387,78.97260273972603,73
anomaly_free,Temperature,PAI +2σ at 1%,3,Chronos-2,0.23958732520207904,73.35616438356163,73
anomaly_free,Temperature,PAI +2σ at 1%,3,TimesFM-2.5,0.2262664935575602,81.11872146118722,73
anomaly_free,Temperature,PAI +2σ at 1%,3,TiRex,0.23682439586207588,79.31506849315069,73
anomaly_free,Temperature,PAI +2σ at 1%,4,Chronos-2,0.23695108576561436,73.42465753424658,73
anomaly_free,Temperature,PAI +2σ at 1%,4,TimesFM-2.5,0.22893647789675783,80.52511415525115,73
anomaly_free,Temperature,PAI +2σ at 1%,4,TiRex,0.23984646544919372,79.01826484018265,73
anomaly_free,Temperature,PAI +2σ at 1%,5,Chronos-2,0.24014086748093416,73.2420091324201,73
anomaly_free,Temperature,PAI +2σ at 1%,5,TimesFM-2.5,0.22842534264606323,80.47945205479452,73
anomaly_free,Temperature,PAI +2σ at 1%,5,TiRex,0.2385862461691273,78.9041095890411,73
anomaly_free,Temperature,PAI +2σ at 1%,6,Chronos-2,0.24143506494751452,73.21917808219179,73
anomaly_free,Temperature,PAI +2σ at 1%,6,TimesFM-2.5,0.2286566133196306,80.36529680365297,73
anomaly_free,Temperature,PAI +2σ at 1%,6,TiRex,0.23839195636631783,79.47488584474885,73
anomaly_free,Temperature,PAI +2σ at 1%,7,Chronos-2,0.23906572073033652,72.89954337899543,73
anomaly_free,Temperature,PAI +2σ at 1%,7,TimesFM-2.5,0.22756405851564745,80.79908675799086,73
anomaly_free,Temperature,PAI +2σ at 1%,7,TiRex,0.2402593623722885,78.58447488584474,73
anomaly_free,Temperature,PAI +2σ at 1%,8,Chronos-2,0.23989329259681974,73.01369863013699,73
anomaly_free,Temperature,PAI +2σ at 1%,8,TimesFM-2.5,0.22818426479509732,80.34246575342465,73
anomaly_free,Temperature,PAI +2σ at 1%,8,TiRex,0.24136265434973425,78.58447488584474,73
anomaly_free,Temperature,PAI +2σ at 1%,9,Chronos-2,0.23964440372207688,72.87671232876713,73
anomaly_free,Temperature,PAI +2σ at 1%,9,TimesFM-2.5,0.22923120081823972,80.02283105022832,73
anomaly_free,Temperature,PAI +2σ at 1%,9,TiRex,0.2411567568084095,78.42465753424658,73
anomaly_free,Temperature,PAI +3σ at 1%,0,Chronos-2,0.2362500872187478,74.3607305936073,73
anomaly_free,Temperature,PAI +3σ at 1%,0,TimesFM-2.5,0.22924900844151458,80.6392694063927,73
anomaly_free,Temperature,PAI +3σ at 1%,0,TiRex,0.24206828856459545,79.06392694063928,73
anomaly_free,Temperature,PAI +3σ at 1%,1,Chronos-2,0.2384580991405588,74.24657534246575,73
anomaly_free,Temperature,PAI +3σ at 1%,1,TimesFM-2.5,0.22816971027494107,80.47945205479452,73
anomaly_free,Temperature,PAI +3σ at 1%,1,TiRex,0.23902175890526467,79.337899543379,73
anomaly_free,Temperature,PAI +3σ at 1%,2,Chronos-2,0.2398235664277676,73.67579908675799,73
anomaly_free,Temperature,PAI +3σ at 1%,2,TimesFM-2.5,0.22730434598690297,81.00456621004565,73
anomaly_free,Temperature,PAI +3σ at 1%,2,TiRex,0.23916527683021402,78.97260273972603,73
anomaly_free,Temperature,PAI +3σ at 1%,3,Chronos-2,0.2373852300177606,74.49771689497717,73
anomaly_free,Temperature,PAI +3σ at 1%,3,TimesFM-2.5,0.22806676016288202,80.68493150684931,73
anomaly_free,Temperature,PAI +3σ at 1%,3,TiRex,0.238484616908573,79.42922374429223,73
anomaly_free,Temperature,PAI +3σ at 1%,4,Chronos-2,0.24150460175934835,73.01369863013699,73
anomaly_free,Temperature,PAI +3σ at 1%,4,TimesFM-2.5,0.22865838695211,80.29680365296804,73
anomaly_free,Temperature,PAI +3σ at 1%,4,TiRex,0.24277397031961379,79.06392694063928,73
anomaly_free,Temperature,PAI +3σ at 1%,5,Chronos-2,0.24047011865774257,73.74429223744292,73
anomaly_free,Temperature,PAI +3σ at 1%,5,TimesFM-2.5,0.22816354818651277,80.6164383561644,73
anomaly_free,Temperature,PAI +3σ at 1%,5,TiRex,0.24089954395366261,78.67579908675799,73
anomaly_free,Temperature,PAI +3σ at 1%,6,Chronos-2,0.23897867982620458,73.4931506849315,73
anomaly_free,Temperature,PAI +3σ at 1%,6,TimesFM-2.5,0.22743977201683505,80.82191780821918,73
anomaly_free,Temperature,PAI +3σ at 1%,6,TiRex,0.24139951169750082,79.15525114155251,73
anomaly_free,Temperature,PAI +3σ at 1%,7,Chronos-2,0.23712005261945038,74.20091324200914,73
anomaly_free,Temperature,PAI +3σ at 1%,7,TimesFM-2.5,0.22792727755372222,80.68493150684931,73
anomaly_free,Temperature,PAI +3σ at 1%,7,TiRex,0.2387212947711456,79.70319634703196,73
anomaly_free,Temperature,PAI +3σ at 1%,8,Chronos-2,0.23887027361084087,73.85844748858447,73
anomaly_free,Temperature,PAI +3σ at 1%,8,TimesFM-2.5,0.22833231041078778,80.6164383561644,73
anomaly_free,Temperature,PAI +3σ at 1%,8,TiRex,0.24090836622551837,78.51598173515981,73
anomaly_free,Temperature,PAI +3σ at 1%,9,Chronos-2,0.23915959909843165,74.20091324200914,73
anomaly_free,Temperature,PAI +3σ at 1%,9,TimesFM-2.5,0.22850426362956466,80.6392694063927,73
anomaly_free,Temperature,PAI +3σ at 1%,9,TiRex,0.24072349114195274,79.42922374429223,73
anomaly_free,Temperature,PAI +5σ at 1%,0,Chronos-2,0.23789029668312492,74.79452054794521,73
anomaly_free,Temperature,PAI +5σ at 1%,0,TimesFM-2.5,0.2270065132403791,80.54794520547945,73
anomaly_free,Temperature,PAI +5σ at 1%,0,TiRex,0.23995446943353219,78.74429223744292,73
anomaly_free,Temperature,PAI +5σ at 1%,1,Chronos-2,0.2405746573036543,74.68036529680366,73
anomaly_free,Temperature,PAI +5σ at 1%,1,TimesFM-2.5,0.22940263117534657,80.15981735159818,73
anomaly_free,Temperature,PAI +5σ at 1%,1,TiRex,0.24357028905205108,78.88127853881278,73
anomaly_free,Temperature,PAI +5σ at 1%,2,Chronos-2,0.23899032531356681,74.63470319634703,73
anomaly_free,Temperature,PAI +5σ at 1%,2,TimesFM-2.5,0.2279664802229998,80.79908675799086,73
anomaly_free,Temperature,PAI +5σ at 1%,2,TiRex,0.24218750182000925,78.81278538812785,73
anomaly_free,Temperature,PAI +5σ at 1%,3,Chronos-2,0.24001121982303608,74.15525114155251,73
anomaly_free,Temperature,PAI +5σ at 1%,3,TimesFM-2.5,0.2286224769048039,80.38812785388127,73
anomaly_free,Temperature,PAI +5σ at 1%,3,TiRex,0.24428261772465729,78.31050228310502,73
anomaly_free,Temperature,PAI +5σ at 1%,4,Chronos-2,0.23906799942212525,75.06849315068493,73
anomaly_free,Temperature,PAI +5σ at 1%,4,TimesFM-2.5,0.22984663717673415,80.15981735159818,73
anomaly_free,Temperature,PAI +5σ at 1%,4,TiRex,0.24527752927446883,78.31050228310502,73
anomaly_free,Temperature,PAI +5σ at 1%,5,Chronos-2,0.2385237447205572,74.88584474885845,73
anomaly_free,Temperature,PAI +5σ at 1%,5,TimesFM-2.5,0.2295666274883907,79.7945205479452,73
anomaly_free,Temperature,PAI +5σ at 1%,5,TiRex,0.2430694186615681,78.81278538812785,73
anomaly_free,Temperature,PAI +5σ at 1%,6,Chronos-2,0.23837292820401665,74.86301369863013,73
anomaly_free,Temperature,PAI +5σ at 1%,6,TimesFM-2.5,0.22611427964253214,80.4337899543379,73
anomaly_free,Temperature,PAI +5σ at 1%,6,TiRex,0.2389116399685967,78.99543378995433,73
anomaly_free,Temperature,PAI +5σ at 1%,7,Chronos-2,0.23790268178168802,74.47488584474885,73
anomaly_free,Temperature,PAI +5σ at 1%,7,TimesFM-2.5,0.22928683583790105,80.31963470319636,73
anomaly_free,Temperature,PAI +5σ at 1%,7,TiRex,0.24070315698555075,79.13242009132419,73
anomaly_free,Temperature,PAI +5σ at 1%,8,Chronos-2,0.2381174027754512,74.56621004566209,73
anomaly_free,Temperature,PAI +5σ at 1%,8,TimesFM-2.5,0.2275874075974407,80.59360730593608,73
anomaly_free,Temperature,PAI +5σ at 1%,8,TiRex,0.240972412211956,78.78995433789954,73
anomaly_free,Temperature,PAI +5σ at 1%,9,Chronos-2,0.23966373035687796,74.337899543379,73
anomaly_free,Temperature,PAI +5σ at 1%,9,TimesFM-2.5,0.22789530798409097,80.06849315068493,73
anomaly_free,Temperature,PAI +5σ at 1%,9,TiRex,0.23764146986127777,79.45205479452055,73
anomaly_free,Thermocouple,Clean,0,Chronos-2,0.019284449319024618,81.39269406392694,73
anomaly_free,Thermocouple,Clean,0,TimesFM-2.5,0.020241286382588552,82.44292237442923,73
anomaly_free,Thermocouple,Clean,0,TiRex,0.01880009104479706,85.662100456621,73
anomaly_free,Thermocouple,RPM 5%,0,Chronos-2,0.020358521217377575,77.28310502283105,73
anomaly_free,Thermocouple,RPM 5%,0,TimesFM-2.5,0.019984225518348737,82.76255707762557,73
anomaly_free,Thermocouple,RPM 5%,0,TiRex,0.019237177627844375,80.95890410958904,73
anomaly_free,Thermocouple,RPM 5%,1,Chronos-2,0.020849576171870218,76.55251141552512,73
anomaly_free,Thermocouple,RPM 5%,1,TimesFM-2.5,0.020430028411261177,82.51141552511415,73
anomaly_free,Thermocouple,RPM 5%,1,TiRex,0.01978696817079141,79.31506849315069,73
anomaly_free,Thermocouple,RPM 5%,2,Chronos-2,0.020618866523463526,76.0958904109589,73
anomaly_free,Thermocouple,RPM 5%,2,TimesFM-2.5,0.020173025961190815,82.35159817351598,73
anomaly_free,Thermocouple,RPM 5%,2,TiRex,0.01981979330497875,79.84018264840182,73
anomaly_free,Thermocouple,RPM 5%,3,Chronos-2,0.020206812368182153,76.87214611872146,73
anomaly_free,Thermocouple,RPM 5%,3,TimesFM-2.5,0.020078242125229042,83.28767123287672,73
anomaly_free,Thermocouple,RPM 5%,3,TiRex,0.01926730514068298,80.31963470319636,73
anomaly_free,Thermocouple,RPM 5%,4,Chronos-2,0.020291657729805603,76.59817351598174,73
anomaly_free,Thermocouple,RPM 5%,4,TimesFM-2.5,0.020008682316000736,82.94520547945206,73
anomaly_free,Thermocouple,RPM 5%,4,TiRex,0.019425975241278023,79.38356164383562,73
anomaly_free,Thermocouple,RPM 5%,5,Chronos-2,0.020371523390302057,77.26027397260275,73
anomaly_free,Thermocouple,RPM 5%,5,TimesFM-2.5,0.019934880419509308,82.89954337899543,73
anomaly_free,Thermocouple,RPM 5%,5,TiRex,0.019931085265355714,79.13242009132419,73
anomaly_free,Thermocouple,RPM 5%,6,Chronos-2,0.019997300892324495,76.78082191780821,73
anomaly_free,Thermocouple,RPM 5%,6,TimesFM-2.5,0.02019072399043016,82.64840182648402,73
anomaly_free,Thermocouple,RPM 5%,6,TiRex,0.0200557352915576,79.74885844748857,73
anomaly_free,Thermocouple,RPM 5%,7,Chronos-2,0.020430408799934394,77.10045662100457,73
anomaly_free,Thermocouple,RPM 5%,7,TimesFM-2.5,0.02028211827721028,82.8310502283105,73
anomaly_free,Thermocouple,RPM 5%,7,TiRex,0.0197662921522139,79.61187214611873,73
anomaly_free,Thermocouple,RPM 5%,8,Chronos-2,0.020063201791535038,76.96347031963471,73
anomaly_free,Thermocouple,RPM 5%,8,TimesFM-2.5,0.020358082254761444,82.30593607305936,73
anomaly_free,Thermocouple,RPM 5%,8,TiRex,0.01947146875352472,80.86757990867581,73
anomaly_free,Thermocouple,RPM 5%,9,Chronos-2,0.02038312565858067,77.3972602739726,73
anomaly_free,Thermocouple,RPM 5%,9,TimesFM-2.5,0.020336392020960194,82.30593607305936,73
anomaly_free,Thermocouple,RPM 5%,9,TiRex,0.019894306803368546,79.93150684931507,73
anomaly_free,Thermocouple,RPM 10%,0,Chronos-2,0.019998328497981045,77.6027397260274,73
anomaly_free,Thermocouple,RPM 10%,0,TimesFM-2.5,0.02012815630269698,82.80821917808218,73
anomaly_free,Thermocouple,RPM 10%,0,TiRex,0.020512053349231396,80.52511415525115,73
anomaly_free,Thermocouple,RPM 10%,1,Chronos-2,0.020612023961005064,74.79452054794521,73
anomaly_free,Thermocouple,RPM 10%,1,TimesFM-2.5,0.020414065524197108,82.57990867579909,73
anomaly_free,Thermocouple,RPM 10%,1,TiRex,0.020852083944471706,79.65753424657535,73
anomaly_free,Thermocouple,RPM 10%,2,Chronos-2,0.021043123434524157,76.39269406392694,73
anomaly_free,Thermocouple,RPM 10%,2,TimesFM-2.5,0.02047283772863618,82.23744292237443,73
anomaly_free,Thermocouple,RPM 10%,2,TiRex,0.02101119801388309,79.42922374429223,73
anomaly_free,Thermocouple,RPM 10%,3,Chronos-2,0.021384512271827395,75.43378995433791,73
anomaly_free,Thermocouple,RPM 10%,3,TimesFM-2.5,0.01988925660960717,83.35616438356165,73
anomaly_free,Thermocouple,RPM 10%,3,TiRex,0.020714567043553938,79.9771689497717,73
anomaly_free,Thermocouple,RPM 10%,4,Chronos-2,0.021316528628307723,75.20547945205479,73
anomaly_free,Thermocouple,RPM 10%,4,TimesFM-2.5,0.020433209998659895,80.82191780821918,73
anomaly_free,Thermocouple,RPM 10%,4,TiRex,0.020742868154898897,78.69863013698631,73
anomaly_free,Thermocouple,RPM 10%,5,Chronos-2,0.02100262341721745,76.07305936073058,73
anomaly_free,Thermocouple,RPM 10%,5,TimesFM-2.5,0.0205930858817885,82.32876712328768,73
anomaly_free,Thermocouple,RPM 10%,5,TiRex,0.020111786659405547,79.61187214611873,73
anomaly_free,Thermocouple,RPM 10%,6,Chronos-2,0.020973429865915202,75.89041095890411,73
anomaly_free,Thermocouple,RPM 10%,6,TimesFM-2.5,0.020055258815235854,82.6027397260274,73
anomaly_free,Thermocouple,RPM 10%,6,TiRex,0.020283897745417917,80.11415525114155,73
anomaly_free,Thermocouple,RPM 10%,7,Chronos-2,0.02057214509933013,75.75342465753425,73
anomaly_free,Thermocouple,RPM 10%,7,TimesFM-2.5,0.020041650255255117,83.51598173515981,73
anomaly_free,Thermocouple,RPM 10%,7,TiRex,0.021075374046777055,79.22374429223744,73
anomaly_free,Thermocouple,RPM 10%,8,Chronos-2,0.020569796635897135,76.36986301369863,73
anomaly_free,Thermocouple,RPM 10%,8,TimesFM-2.5,0.020427273474687657,82.42009132420091,73
anomaly_free,Thermocouple,RPM 10%,8,TiRex,0.019843290365661896,80.25114155251141,73
anomaly_free,Thermocouple,RPM 10%,9,Chronos-2,0.02029775714062382,76.84931506849315,73
anomaly_free,Thermocouple,RPM 10%,9,TimesFM-2.5,0.019985125714365844,82.96803652968036,73
anomaly_free,Thermocouple,RPM 10%,9,TiRex,0.020183494460235128,80.6392694063927,73
anomaly_free,Thermocouple,RPM 20%,0,Chronos-2,0.020376988397612365,77.87671232876713,73
anomaly_free,Thermocouple,RPM 20%,0,TimesFM-2.5,0.02022157935765255,82.89954337899543,73
anomaly_free,Thermocouple,RPM 20%,0,TiRex,0.021534416854958723,80.68493150684931,73
anomaly_free,Thermocouple,RPM 20%,1,Chronos-2,0.02139859190247623,76.34703196347033,73
anomaly_free,Thermocouple,RPM 20%,1,TimesFM-2.5,0.020578963864128212,82.57990867579909,73
anomaly_free,Thermocouple,RPM 20%,1,TiRex,0.022402339292792558,78.88127853881278,73
anomaly_free,Thermocouple,RPM 20%,2,Chronos-2,0.021138564917515194,77.12328767123287,73
anomaly_free,Thermocouple,RPM 20%,2,TimesFM-2.5,0.02039668543937264,82.51141552511415,73
anomaly_free,Thermocouple,RPM 20%,2,TiRex,0.021894612106683992,78.69863013698631,73
anomaly_free,Thermocouple,RPM 20%,3,Chronos-2,0.020990631550338118,76.62100456621005,73
anomaly_free,Thermocouple,RPM 20%,3,TimesFM-2.5,0.02028462733351896,82.21461187214612,73
anomaly_free,Thermocouple,RPM 20%,3,TiRex,0.0220785756023856,79.74885844748857,73
anomaly_free,Thermocouple,RPM 20%,4,Chronos-2,0.02132365282733386,77.26027397260275,73
anomaly_free,Thermocouple,RPM 20%,4,TimesFM-2.5,0.020237007700227495,82.10045662100457,73
anomaly_free,Thermocouple,RPM 20%,4,TiRex,0.021617223755467017,80.29680365296804,73
anomaly_free,Thermocouple,RPM 20%,5,Chronos-2,0.021022094172505997,76.91780821917808,73
anomaly_free,Thermocouple,RPM 20%,5,TimesFM-2.5,0.020279925178002027,83.19634703196347,73
anomaly_free,Thermocouple,RPM 20%,5,TiRex,0.021904268466786274,79.72602739726027,73
anomaly_free,Thermocouple,RPM 20%,6,Chronos-2,0.020812178121020236,77.1689497716895,73
anomaly_free,Thermocouple,RPM 20%,6,TimesFM-2.5,0.020304715645256873,81.41552511415526,73
anomaly_free,Thermocouple,RPM 20%,6,TiRex,0.021638710996915025,80.75342465753424,73
anomaly_free,Thermocouple,RPM 20%,7,Chronos-2,0.020864757057949802,75.662100456621,73
anomaly_free,Thermocouple,RPM 20%,7,TimesFM-2.5,0.020266881219975982,83.60730593607306,73
anomaly_free,Thermocouple,RPM 20%,7,TiRex,0.02185207749334068,78.31050228310502,73
anomaly_free,Thermocouple,RPM 20%,8,Chronos-2,0.02042298847718065,78.72146118721462,73
anomaly_free,Thermocouple,RPM 20%,8,TimesFM-2.5,0.01970348011920688,83.7214611872146,73
anomaly_free,Thermocouple,RPM 20%,8,TiRex,0.021877045755972022,80.38812785388127,73
anomaly_free,Thermocouple,RPM 20%,9,Chronos-2,0.02134202420378081,77.35159817351598,73
anomaly_free,Thermocouple,RPM 20%,9,TimesFM-2.5,0.02019047720530897,82.92237442922374,73
anomaly_free,Thermocouple,RPM 20%,9,TiRex,0.021670038375545972,80.73059360730593,73
anomaly_free,Thermocouple,CBM 100,0,Chronos-2,0.02020021993666295,80.662100456621,73
anomaly_free,Thermocouple,CBM 100,0,TimesFM-2.5,0.022389203498745975,82.87671232876713,73
anomaly_free,Thermocouple,CBM 100,0,TiRex,0.018889807413237994,86.0730593607306,73
anomaly_free,Thermocouple,CBM 100,1,Chronos-2,0.020517309139004725,78.9269406392694,73
anomaly_free,Thermocouple,CBM 100,1,TimesFM-2.5,0.021308286022650152,82.1917808219178,73
anomaly_free,Thermocouple,CBM 100,1,TiRex,0.019486437311993576,84.93150684931507,73
anomaly_free,Thermocouple,CBM 100,2,Chronos-2,0.019910457075145636,80.6164383561644,73
anomaly_free,Thermocouple,CBM 100,2,TimesFM-2.5,0.02068522374245453,82.99086757990868,73
anomaly_free,Thermocouple,CBM 100,2,TiRex,0.01933465252210544,84.58904109589042,73
anomaly_free,Thermocouple,CBM 100,3,Chronos-2,0.020041124439628123,80.4337899543379,73
anomaly_free,Thermocouple,CBM 100,3,TimesFM-2.5,0.020717226854514992,82.55707762557077,73
anomaly_free,Thermocouple,CBM 100,3,TiRex,0.018725505034859626,86.43835616438355,73
anomaly_free,Thermocouple,CBM 100,4,Chronos-2,0.020354965138407104,79.68036529680366,73
anomaly_free,Thermocouple,CBM 100,4,TimesFM-2.5,0.020436714500704833,82.23744292237443,73
anomaly_free,Thermocouple,CBM 100,4,TiRex,0.019006671894244282,84.68036529680364,73
anomaly_free,Thermocouple,CBM 100,5,Chronos-2,0.020307126251654064,79.72602739726027,73
anomaly_free,Thermocouple,CBM 100,5,TimesFM-2.5,0.020654741728084573,81.36986301369863,73
anomaly_free,Thermocouple,CBM 100,5,TiRex,0.019360864379105967,86.39269406392694,73
anomaly_free,Thermocouple,CBM 100,6,Chronos-2,0.021416455082901537,77.14611872146119,73
anomaly_free,Thermocouple,CBM 100,6,TimesFM-2.5,0.02237363531396559,80.06849315068493,73
anomaly_free,Thermocouple,CBM 100,6,TiRex,0.019650038149051943,84.40639269406392,73
anomaly_free,Thermocouple,CBM 100,7,Chronos-2,0.020092041596470395,78.42465753424658,73
anomaly_free,Thermocouple,CBM 100,7,TimesFM-2.5,0.021841099140156497,81.5068493150685,73
anomaly_free,Thermocouple,CBM 100,7,TiRex,0.0196017623465805,83.97260273972603,73
anomaly_free,Thermocouple,CBM 100,8,Chronos-2,0.020198538038895524,80.68493150684931,73
anomaly_free,Thermocouple,CBM 100,8,TimesFM-2.5,0.021197019825275224,80.662100456621,73
anomaly_free,Thermocouple,CBM 100,8,TiRex,0.019911407436454778,82.8310502283105,73
anomaly_free,Thermocouple,CBM 100,9,Chronos-2,0.020821155761088107,78.51598173515981,73
anomaly_free,Thermocouple,CBM 100,9,TimesFM-2.5,0.021395364773521868,82.76255707762557,73
anomaly_free,Thermocouple,CBM 100,9,TiRex,0.019240753491497283,84.5433789954338,73
anomaly_free,Thermocouple,CBM 200,0,Chronos-2,0.020909377053538424,79.54337899543378,73
anomaly_free,Thermocouple,CBM 200,0,TimesFM-2.5,0.022888661729867716,80.4337899543379,73
anomaly_free,Thermocouple,CBM 200,0,TiRex,0.019696901254018528,85.27397260273972,73
anomaly_free,Thermocouple,CBM 200,1,Chronos-2,0.02924477265715113,76.68949771689498,73
anomaly_free,Thermocouple,CBM 200,1,TimesFM-2.5,0.027070849002214178,81.02739726027397,73
anomaly_free,Thermocouple,CBM 200,1,TiRex,0.027415953419709208,84.337899543379,73
anomaly_free,Thermocouple,CBM 200,2,Chronos-2,0.02038042705154113,79.38356164383562,73
anomaly_free,Thermocouple,CBM 200,2,TimesFM-2.5,0.021553420205230305,80.95890410958904,73
anomaly_free,Thermocouple,CBM 200,2,TiRex,0.01942993866389692,85.61643835616438,73
anomaly_free,Thermocouple,CBM 200,3,Chronos-2,0.02006663705745389,77.53424657534246,73
anomaly_free,Thermocouple,CBM 200,3,TimesFM-2.5,0.02238678909466171,79.20091324200914,73
anomaly_free,Thermocouple,CBM 200,3,TiRex,0.018795510684420126,85.27397260273972,73
anomaly_free,Thermocouple,CBM 200,4,Chronos-2,0.020696748331533642,80.50228310502283,73
anomaly_free,Thermocouple,CBM 200,4,TimesFM-2.5,0.02367510237941531,79.36073059360731,73
anomaly_free,Thermocouple,CBM 200,4,TiRex,0.023784304943188846,85.06849315068493,73
anomaly_free,Thermocouple,CBM 200,5,Chronos-2,0.02075330674045924,80.18264840182648,73
anomaly_free,Thermocouple,CBM 200,5,TimesFM-2.5,0.02261390639963624,78.9269406392694,73
anomaly_free,Thermocouple,CBM 200,5,TiRex,0.019099367113939447,85.68493150684931,73
anomaly_free,Thermocouple,CBM 200,6,Chronos-2,0.021411368229198292,76.16438356164383,73
anomaly_free,Thermocouple,CBM 200,6,TimesFM-2.5,0.021467777552386148,80.75342465753424,73
anomaly_free,Thermocouple,CBM 200,6,TiRex,0.019367532564888976,84.97716894977168,73
anomaly_free,Thermocouple,CBM 200,7,Chronos-2,0.020369745775682128,77.8082191780822,73
anomaly_free,Thermocouple,CBM 200,7,TimesFM-2.5,0.02204652537307421,79.7945205479452,73
anomaly_free,Thermocouple,CBM 200,7,TiRex,0.01908453329751397,84.77168949771689,73
anomaly_free,Thermocouple,CBM 200,8,Chronos-2,0.021402952900928036,77.71689497716895,73
anomaly_free,Thermocouple,CBM 200,8,TimesFM-2.5,0.021993945070005586,80.29680365296804,73
anomaly_free,Thermocouple,CBM 200,8,TiRex,0.01975660921986735,84.65753424657534,73
anomaly_free,Thermocouple,CBM 200,9,Chronos-2,0.02067297830417178,81.7579908675799,73
anomaly_free,Thermocouple,CBM 200,9,TimesFM-2.5,0.022374022616489554,80.06849315068493,73
anomaly_free,Thermocouple,CBM 200,9,TiRex,0.019962251768304556,86.57534246575342,73
anomaly_free,Thermocouple,CBM 400,0,Chronos-2,0.02335530565494891,78.4931506849315,73
anomaly_free,Thermocouple,CBM 400,0,TimesFM-2.5,0.024984119075966555,78.97260273972603,73
anomaly_free,Thermocouple,CBM 400,0,TiRex,0.021696188826240727,83.81278538812785,73
anomaly_free,Thermocouple,CBM 400,1,Chronos-2,0.026070002190658203,75.89041095890411,73
anomaly_free,Thermocouple,CBM 400,1,TimesFM-2.5,0.026089466678953507,78.10502283105023,73
anomaly_free,Thermocouple,CBM 400,1,TiRex,0.02350878657058354,83.12785388127854,73
anomaly_free,Thermocouple,CBM 400,2,Chronos-2,0.02999392268470616,71.62100456621005,73
anomaly_free,Thermocouple,CBM 400,2,TimesFM-2.5,0.027047315167349154,77.14611872146119,73
anomaly_free,Thermocouple,CBM 400,2,TiRex,0.02632348161422995,79.49771689497716,73
anomaly_free,Thermocouple,CBM 400,3,Chronos-2,0.02461166400605097,76.78082191780821,73
anomaly_free,Thermocouple,CBM 400,3,TimesFM-2.5,0.02385486095072577,79.01826484018265,73
anomaly_free,Thermocouple,CBM 400,3,TiRex,0.022407200882303434,82.67123287671232,73
anomaly_free,Thermocouple,CBM 400,4,Chronos-2,0.026209917186634426,78.74429223744292,73
anomaly_free,Thermocouple,CBM 400,4,TimesFM-2.5,0.023558836552994178,79.13242009132419,73
anomaly_free,Thermocouple,CBM 400,4,TiRex,0.020817510532635863,84.63470319634703,73
anomaly_free,Thermocouple,CBM 400,5,Chronos-2,0.025774007182957616,77.57990867579909,73
anomaly_free,Thermocouple,CBM 400,5,TimesFM-2.5,0.025204848576731626,77.8082191780822,73
anomaly_free,Thermocouple,CBM 400,5,TiRex,0.022099451025613344,82.32876712328768,73
anomaly_free,Thermocouple,CBM 400,6,Chronos-2,0.02510210537243534,78.2876712328767,73
anomaly_free,Thermocouple,CBM 400,6,TimesFM-2.5,0.02348069445584814,79.58904109589041,73
anomaly_free,Thermocouple,CBM 400,6,TiRex,0.023568762236444864,83.83561643835617,73
anomaly_free,Thermocouple,CBM 400,7,Chronos-2,0.022071742260674307,77.37442922374429,73
anomaly_free,Thermocouple,CBM 400,7,TimesFM-2.5,0.022274466252496232,78.60730593607306,73
anomaly_free,Thermocouple,CBM 400,7,TiRex,0.019768152271029214,83.9041095890411,73
anomaly_free,Thermocouple,CBM 400,8,Chronos-2,0.022138070892768348,78.2876712328767,73
anomaly_free,Thermocouple,CBM 400,8,TimesFM-2.5,0.02334042934825311,80.77625570776256,73
anomaly_free,Thermocouple,CBM 400,8,TiRex,0.02066966720518569,82.30593607305936,73
anomaly_free,Thermocouple,CBM 400,9,Chronos-2,0.03549372212803733,77.3972602739726,73
anomaly_free,Thermocouple,CBM 400,9,TimesFM-2.5,0.03421463801026174,79.58904109589041,73
anomaly_free,Thermocouple,CBM 400,9,TiRex,0.036039236565751566,85.0,73
anomaly_free,Thermocouple,PAI +2σ at 1%,0,Chronos-2,0.01991038456851051,83.08219178082192,73
anomaly_free,Thermocouple,PAI +2σ at 1%,0,TimesFM-2.5,0.021033531118418866,86.0958904109589,73
anomaly_free,Thermocouple,PAI +2σ at 1%,0,TiRex,0.018883294179391823,87.1689497716895,73
anomaly_free,Thermocouple,PAI +2σ at 1%,1,Chronos-2,0.019888554137077102,82.3744292237443,73
anomaly_free,Thermocouple,PAI +2σ at 1%,1,TimesFM-2.5,0.021036239126587693,85.50228310502284,73
anomaly_free,Thermocouple,PAI +2σ at 1%,1,TiRex,0.019041078292735273,87.23744292237443,73
anomaly_free,Thermocouple,PAI +2σ at 1%,2,Chronos-2,0.020471233069430387,82.10045662100457,73
anomaly_free,Thermocouple,PAI +2σ at 1%,2,TimesFM-2.5,0.020547464423202124,85.79908675799088,73
anomaly_free,Thermocouple,PAI +2σ at 1%,2,TiRex,0.01907424120182184,87.46575342465754,73
anomaly_free,Thermocouple,PAI +2σ at 1%,3,Chronos-2,0.019848721207957803,82.73972602739727,73
anomaly_free,Thermocouple,PAI +2σ at 1%,3,TimesFM-2.5,0.02099189772510914,84.79452054794521,73
anomaly_free,Thermocouple,PAI +2σ at 1%,3,TiRex,0.01906203449209037,86.68949771689498,73
anomaly_free,Thermocouple,PAI +2σ at 1%,4,Chronos-2,0.02019810523495719,82.57990867579909,73
anomaly_free,Thermocouple,PAI +2σ at 1%,4,TimesFM-2.5,0.021384266063679994,85.59360730593608,73
anomaly_free,Thermocouple,PAI +2σ at 1%,4,TiRex,0.019048873725017183,87.23744292237443,73
anomaly_free,Thermocouple,PAI +2σ at 1%,5,Chronos-2,0.020041271097234494,81.98630136986301,73
anomaly_free,Thermocouple,PAI +2σ at 1%,5,TimesFM-2.5,0.020578980067573364,85.75342465753425,73
anomaly_free,Thermocouple,PAI +2σ at 1%,5,TiRex,0.01894197964485259,87.07762557077625,73
anomaly_free,Thermocouple,PAI +2σ at 1%,6,Chronos-2,0.02028355217698574,81.94063926940639,73
anomaly_free,Thermocouple,PAI +2σ at 1%,6,TimesFM-2.5,0.021451598384232325,84.84018264840184,73
anomaly_free,Thermocouple,PAI +2σ at 1%,6,TiRex,0.019064689473094715,86.7351598173516,73
anomaly_free,Thermocouple,PAI +2σ at 1%,7,Chronos-2,0.020113933798781184,81.9634703196347,73
anomaly_free,Thermocouple,PAI +2σ at 1%,7,TimesFM-2.5,0.020591528748104552,86.05022831050229,73
anomaly_free,Thermocouple,PAI +2σ at 1%,7,TiRex,0.019037971726757464,86.3013698630137,73
anomaly_free,Thermocouple,PAI +2σ at 1%,8,Chronos-2,0.019763646632223564,82.55707762557077,73
anomaly_free,Thermocouple,PAI +2σ at 1%,8,TimesFM-2.5,0.020900153811258614,85.0,73
anomaly_free,Thermocouple,PAI +2σ at 1%,8,TiRex,0.018839565879102575,87.53424657534246,73
anomaly_free,Thermocouple,PAI +2σ at 1%,9,Chronos-2,0.020192068792411165,82.89954337899543,73
anomaly_free,Thermocouple,PAI +2σ at 1%,9,TimesFM-2.5,0.02134292668414463,84.70319634703196,73
anomaly_free,Thermocouple,PAI +2σ at 1%,9,TiRex,0.018855449758010956,87.69406392694063,73
anomaly_free,Thermocouple,PAI +3σ at 1%,0,Chronos-2,0.019814405561481726,82.28310502283105,73
anomaly_free,Thermocouple,PAI +3σ at 1%,0,TimesFM-2.5,0.02132496201644992,86.5068493150685,73
anomaly_free,Thermocouple,PAI +3σ at 1%,0,TiRex,0.019298849322927886,86.98630136986301,73
anomaly_free,Thermocouple,PAI +3σ at 1%,1,Chronos-2,0.01988778267360855,82.71689497716895,73
anomaly_free,Thermocouple,PAI +3σ at 1%,1,TimesFM-2.5,0.021068606234978426,86.11872146118722,73
anomaly_free,Thermocouple,PAI +3σ at 1%,1,TiRex,0.01893384069122018,86.94063926940639,73
anomaly_free,Thermocouple,PAI +3σ at 1%,2,Chronos-2,0.020370824645926714,82.14611872146119,73
anomaly_free,Thermocouple,PAI +3σ at 1%,2,TimesFM-2.5,0.020563805225653167,87.1689497716895,73
anomaly_free,Thermocouple,PAI +3σ at 1%,2,TiRex,0.018999361366836515,86.91780821917808,73
anomaly_free,Thermocouple,PAI +3σ at 1%,3,Chronos-2,0.02032188569322928,80.52511415525115,73
anomaly_free,Thermocouple,PAI +3σ at 1%,3,TimesFM-2.5,0.022364011631758475,86.05022831050229,73
anomaly_free,Thermocouple,PAI +3σ at 1%,3,TiRex,0.01936044063457024,86.5068493150685,73
anomaly_free,Thermocouple,PAI +3σ at 1%,4,Chronos-2,0.020336081423483643,82.87671232876713,73
anomaly_free,Thermocouple,PAI +3σ at 1%,4,TimesFM-2.5,0.023145490144825583,86.16438356164383,73
anomaly_free,Thermocouple,PAI +3σ at 1%,4,TiRex,0.01918412501191208,88.2648401826484,73
anomaly_free,Thermocouple,PAI +3σ at 1%,5,Chronos-2,0.019942088507201854,82.51141552511415,73
anomaly_free,Thermocouple,PAI +3σ at 1%,5,TimesFM-2.5,0.02098139303103745,86.78082191780821,73
anomaly_free,Thermocouple,PAI +3σ at 1%,5,TiRex,0.019358861272677386,87.1917808219178,73
anomaly_free,Thermocouple,PAI +3σ at 1%,6,Chronos-2,0.01986911393072277,82.48858447488584,73
anomaly_free,Thermocouple,PAI +3σ at 1%,6,TimesFM-2.5,0.021397589571332934,87.30593607305937,73
anomaly_free,Thermocouple,PAI +3σ at 1%,6,TiRex,0.01923185712746131,87.1689497716895,73
anomaly_free,Thermocouple,PAI +3σ at 1%,7,Chronos-2,0.019736878672519536,82.8310502283105,73
anomaly_free,Thermocouple,PAI +3σ at 1%,7,TimesFM-2.5,0.02203086297492832,86.34703196347033,73
anomaly_free,Thermocouple,PAI +3σ at 1%,7,TiRex,0.019377969161262307,86.7123287671233,73
anomaly_free,Thermocouple,PAI +3σ at 1%,8,Chronos-2,0.019582910840516256,83.28767123287672,73
anomaly_free,Thermocouple,PAI +3σ at 1%,8,TimesFM-2.5,0.022191400038266917,84.10958904109589,73
anomaly_free,Thermocouple,PAI +3σ at 1%,8,TiRex,0.0192802704683321,86.84931506849315,73
anomaly_free,Thermocouple,PAI +3σ at 1%,9,Chronos-2,0.020070579023400016,82.69406392694064,73
anomaly_free,Thermocouple,PAI +3σ at 1%,9,TimesFM-2.5,0.021611744166021116,87.00913242009133,73
anomaly_free,Thermocouple,PAI +3σ at 1%,9,TiRex,0.01912308042347842,87.64840182648402,73
anomaly_free,Thermocouple,PAI +5σ at 1%,0,Chronos-2,0.020730849935186844,82.51141552511415,73
anomaly_free,Thermocouple,PAI +5σ at 1%,0,TimesFM-2.5,0.02168340082121955,88.99543378995433,73
anomaly_free,Thermocouple,PAI +5σ at 1%,0,TiRex,0.019469503358117576,86.78082191780821,73
anomaly_free,Thermocouple,PAI +5σ at 1%,1,Chronos-2,0.020532601983916755,83.6986301369863,73
anomaly_free,Thermocouple,PAI +5σ at 1%,1,TimesFM-2.5,0.023298156964690998,85.89041095890411,73
anomaly_free,Thermocouple,PAI +5σ at 1%,1,TiRex,0.01931042273605649,88.01369863013699,73
anomaly_free,Thermocouple,PAI +5σ at 1%,2,Chronos-2,0.01980980995714077,83.4931506849315,73
anomaly_free,Thermocouple,PAI +5σ at 1%,2,TimesFM-2.5,0.023065883431660755,87.05479452054794,73
anomaly_free,Thermocouple,PAI +5σ at 1%,2,TiRex,0.01972470674442204,86.43835616438355,73
anomaly_free,Thermocouple,PAI +5σ at 1%,3,Chronos-2,0.021116066083735802,83.15068493150685,73
anomaly_free,Thermocouple,PAI +5σ at 1%,3,TimesFM-2.5,0.022709532145008256,86.87214611872146,73
anomaly_free,Thermocouple,PAI +5σ at 1%,3,TiRex,0.019376103621112632,87.30593607305937,73
anomaly_free,Thermocouple,PAI +5σ at 1%,4,Chronos-2,0.019638723139625395,84.04109589041096,73
anomaly_free,Thermocouple,PAI +5σ at 1%,4,TimesFM-2.5,0.02246099373398911,87.62557077625571,73
anomaly_free,Thermocouple,PAI +5σ at 1%,4,TiRex,0.01955482989680288,87.3972602739726,73
anomaly_free,Thermocouple,PAI +5σ at 1%,5,Chronos-2,0.020136395725395734,82.73972602739727,73
anomaly_free,Thermocouple,PAI +5σ at 1%,5,TimesFM-2.5,0.023042147781045418,87.30593607305937,73
anomaly_free,Thermocouple,PAI +5σ at 1%,5,TiRex,0.0192496579058444,87.76255707762557,73
anomaly_free,Thermocouple,PAI +5σ at 1%,6,Chronos-2,0.02047168268929797,82.03196347031964,73
anomaly_free,Thermocouple,PAI +5σ at 1%,6,TimesFM-2.5,0.024007646916707547,86.39269406392694,73
anomaly_free,Thermocouple,PAI +5σ at 1%,6,TiRex,0.01987739750346616,86.64383561643835,73
anomaly_free,Thermocouple,PAI +5σ at 1%,7,Chronos-2,0.02032025521517824,82.35159817351598,73
anomaly_free,Thermocouple,PAI +5σ at 1%,7,TimesFM-2.5,0.021549492772866476,88.60730593607306,73
anomaly_free,Thermocouple,PAI +5σ at 1%,7,TiRex,0.019777601127043683,85.06849315068493,73
anomaly_free,Thermocouple,PAI +5σ at 1%,8,Chronos-2,0.020373944129749362,83.51598173515981,73
anomaly_free,Thermocouple,PAI +5σ at 1%,8,TimesFM-2.5,0.021198729324880657,87.05479452054794,73
anomaly_free,Thermocouple,PAI +5σ at 1%,8,TiRex,0.019584735165840222,87.1917808219178,73
anomaly_free,Thermocouple,PAI +5σ at 1%,9,Chronos-2,0.02017255113939588,83.01369863013699,73
anomaly_free,Thermocouple,PAI +5σ at 1%,9,TimesFM-2.5,0.02317072435241819,86.39269406392694,73
anomaly_free,Thermocouple,PAI +5σ at 1%,9,TiRex,0.019643171660402258,87.1689497716895,73
anomaly_free,Voltage,Clean,0,Chronos-2,10.943500923839235,77.26027397260275,73
anomaly_free,Voltage,Clean,0,TimesFM-2.5,10.950869523673827,77.73972602739725,73
anomaly_free,Voltage,Clean,0,TiRex,10.98424034694318,78.69863013698631,73
anomaly_free,Voltage,RPM 5%,0,Chronos-2,10.954775471445833,76.91780821917808,73
anomaly_free,Voltage,RPM 5%,0,TimesFM-2.5,10.948796736099148,77.51141552511416,73
anomaly_free,Voltage,RPM 5%,0,TiRex,10.971562559129532,78.81278538812785,73
anomaly_free,Voltage,RPM 5%,1,Chronos-2,10.944803581885726,76.9406392694064,73
anomaly_free,Voltage,RPM 5%,1,TimesFM-2.5,10.953844406512983,77.37442922374429,73
anomaly_free,Voltage,RPM 5%,1,TiRex,10.976791925388264,78.4931506849315,73
anomaly_free,Voltage,RPM 5%,2,Chronos-2,10.957985004013606,76.9406392694064,73
anomaly_free,Voltage,RPM 5%,2,TimesFM-2.5,10.955190153526742,77.3972602739726,73
anomaly_free,Voltage,RPM 5%,2,TiRex,10.974685996806285,78.33333333333333,73
anomaly_free,Voltage,RPM 5%,3,Chronos-2,10.95501494067829,76.84931506849315,73
anomaly_free,Voltage,RPM 5%,3,TimesFM-2.5,11.275172059749757,76.78082191780821,73
anomaly_free,Voltage,RPM 5%,3,TiRex,10.980823635979174,78.63013698630137,73
anomaly_free,Voltage,RPM 5%,4,Chronos-2,10.951565921198318,76.78082191780821,73
anomaly_free,Voltage,RPM 5%,4,TimesFM-2.5,10.951206029203629,77.51141552511416,73
anomaly_free,Voltage,RPM 5%,4,TiRex,10.96924413656863,78.74429223744292,73
anomaly_free,Voltage,RPM 5%,5,Chronos-2,10.946772832259363,76.66666666666667,73
anomaly_free,Voltage,RPM 5%,5,TimesFM-2.5,10.952528126738722,77.21461187214612,73
anomaly_free,Voltage,RPM 5%,5,TiRex,10.968827580940271,78.53881278538812,73
anomaly_free,Voltage,RPM 5%,6,Chronos-2,10.955328486617324,76.98630136986301,73
anomaly_free,Voltage,RPM 5%,6,TimesFM-2.5,10.955260547224714,77.3972602739726,73
anomaly_free,Voltage,RPM 5%,6,TiRex,10.97487052987621,78.56164383561644,73
anomaly_free,Voltage,RPM 5%,7,Chronos-2,10.94639264742275,76.80365296803653,73
anomaly_free,Voltage,RPM 5%,7,TimesFM-2.5,10.957412230738267,77.53424657534246,73
anomaly_free,Voltage,RPM 5%,7,TiRex,10.974108728198672,78.67579908675799,73
anomaly_free,Voltage,RPM 5%,8,Chronos-2,10.952078022189841,76.7579908675799,73
anomaly_free,Voltage,RPM 5%,8,TimesFM-2.5,10.95123295147748,77.55707762557078,73
anomaly_free,Voltage,RPM 5%,8,TiRex,10.974567534147273,78.4931506849315,73
anomaly_free,Voltage,RPM 5%,9,Chronos-2,10.95451022189442,76.98630136986301,73
anomaly_free,Voltage,RPM 5%,9,TimesFM-2.5,10.958558125397552,77.35159817351598,73
anomaly_free,Voltage,RPM 5%,9,TiRex,10.984838454048461,78.53881278538812,73
anomaly_free,Voltage,RPM 10%,0,Chronos-2,10.962629755716826,76.36986301369863,73
anomaly_free,Voltage,RPM 10%,0,TimesFM-2.5,10.973970257833013,77.12328767123287,73
anomaly_free,Voltage,RPM 10%,0,TiRex,11.002578982203378,78.65296803652969,73
anomaly_free,Voltage,RPM 10%,1,Chronos-2,10.950209985945143,76.59817351598174,73
anomaly_free,Voltage,RPM 10%,1,TimesFM-2.5,10.959687232776158,76.98630136986301,73
anomaly_free,Voltage,RPM 10%,1,TiRex,10.984652337350733,78.74429223744292,73
anomaly_free,Voltage,RPM 10%,2,Chronos-2,10.957791214454735,76.48401826484019,73
anomaly_free,Voltage,RPM 10%,2,TimesFM-2.5,10.95492108624243,76.7579908675799,73
anomaly_free,Voltage,RPM 10%,2,TiRex,10.996716694248711,78.63013698630137,73
anomaly_free,Voltage,RPM 10%,3,Chronos-2,10.952391770763539,76.36986301369863,73
anomaly_free,Voltage,RPM 10%,3,TimesFM-2.5,10.967143485873535,76.82648401826484,73
anomaly_free,Voltage,RPM 10%,3,TiRex,10.99631956344368,78.63013698630137,73
anomaly_free,Voltage,RPM 10%,4,Chronos-2,10.955250717982484,76.5296803652968,73
anomaly_free,Voltage,RPM 10%,4,TimesFM-2.5,10.975355860918206,77.00913242009132,73
anomaly_free,Voltage,RPM 10%,4,TiRex,10.991622225078025,78.74429223744292,73
anomaly_free,Voltage,RPM 10%,5,Chronos-2,10.956418354229484,76.7579908675799,73
anomaly_free,Voltage,RPM 10%,5,TimesFM-2.5,10.960842268177624,76.87214611872146,73
anomaly_free,Voltage,RPM 10%,5,TiRex,10.984414810327884,78.9269406392694,73
anomaly_free,Voltage,RPM 10%,6,Chronos-2,10.951630014854954,76.7351598173516,73
anomaly_free,Voltage,RPM 10%,6,TimesFM-2.5,10.966152338861235,76.82648401826484,73
anomaly_free,Voltage,RPM 10%,6,TiRex,10.995725862070492,78.85844748858447,73
anomaly_free,Voltage,RPM 10%,7,Chronos-2,10.958328690058432,76.80365296803653,73
anomaly_free,Voltage,RPM 10%,7,TimesFM-2.5,10.965643443597576,76.84931506849315,73
anomaly_free,Voltage,RPM 10%,7,TiRex,10.991875509743465,78.69863013698631,73
anomaly_free,Voltage,RPM 10%,8,Chronos-2,10.951088866646987,76.64383561643837,73
anomaly_free,Voltage,RPM 10%,8,TimesFM-2.5,10.957978456452645,76.84931506849315,73
anomaly_free,Voltage,RPM 10%,8,TiRex,10.993022096970664,78.72146118721462,73
anomaly_free,Voltage,RPM 10%,9,Chronos-2,10.951241422347655,76.59817351598174,73
anomaly_free,Voltage,RPM 10%,9,TimesFM-2.5,10.965298002919,76.78082191780821,73
anomaly_free,Voltage,RPM 10%,9,TiRex,10.997380756487647,78.60730593607306,73
anomaly_free,Voltage,RPM 20%,0,Chronos-2,10.95847559986243,75.70776255707763,73
anomaly_free,Voltage,RPM 20%,0,TimesFM-2.5,10.976927693432797,75.36529680365297,73
anomaly_free,Voltage,RPM 20%,0,TiRex,11.02396759958221,78.78995433789954,73
anomaly_free,Voltage,RPM 20%,1,Chronos-2,10.949673134777322,75.61643835616438,73
anomaly_free,Voltage,RPM 20%,1,TimesFM-2.5,10.986928884975072,75.04566210045662,73
anomaly_free,Voltage,RPM 20%,1,TiRex,11.012942301131282,78.78995433789954,73
anomaly_free,Voltage,RPM 20%,2,Chronos-2,10.963416934360405,75.89041095890411,73
anomaly_free,Voltage,RPM 20%,2,TimesFM-2.5,10.986347750684812,75.73059360730593,73
anomaly_free,Voltage,RPM 20%,2,TiRex,11.044019762148267,78.81278538812785,73
anomaly_free,Voltage,RPM 20%,3,Chronos-2,10.961382126880544,75.77625570776256,73
anomaly_free,Voltage,RPM 20%,3,TimesFM-2.5,10.98784088910244,75.13698630136987,73
anomaly_free,Voltage,RPM 20%,3,TiRex,11.047794500538886,78.74429223744292,73
anomaly_free,Voltage,RPM 20%,4,Chronos-2,10.952122880503534,75.73059360730593,73
anomaly_free,Voltage,RPM 20%,4,TimesFM-2.5,10.984352995981926,75.70776255707763,73
anomaly_free,Voltage,RPM 20%,4,TiRex,11.02026157415205,79.13242009132419,73
anomaly_free,Voltage,RPM 20%,5,Chronos-2,10.958081255147361,76.07305936073058,73
anomaly_free,Voltage,RPM 20%,5,TimesFM-2.5,10.993481062818304,75.75342465753425,73
anomaly_free,Voltage,RPM 20%,5,TiRex,11.035969690797671,78.76712328767124,73
anomaly_free,Voltage,RPM 20%,6,Chronos-2,10.961438342250649,75.79908675799086,73
anomaly_free,Voltage,RPM 20%,6,TimesFM-2.5,11.003567495029229,75.13698630136987,73
anomaly_free,Voltage,RPM 20%,6,TiRex,11.024901941419538,79.06392694063928,73
anomaly_free,Voltage,RPM 20%,7,Chronos-2,10.958806626695552,75.61643835616438,73
anomaly_free,Voltage,RPM 20%,7,TimesFM-2.5,10.9913976219824,75.43378995433791,73
anomaly_free,Voltage,RPM 20%,7,TiRex,11.00896622685621,78.9041095890411,73
anomaly_free,Voltage,RPM 20%,8,Chronos-2,10.945753444871553,75.47945205479452,73
anomaly_free,Voltage,RPM 20%,8,TimesFM-2.5,10.963034576380451,75.50228310502283,73
anomaly_free,Voltage,RPM 20%,8,TiRex,11.012294051737356,78.78995433789954,73
anomaly_free,Voltage,RPM 20%,9,Chronos-2,10.947718484677338,75.50228310502283,73
anomaly_free,Voltage,RPM 20%,9,TimesFM-2.5,10.967863462032712,75.59360730593608,73
anomaly_free,Voltage,RPM 20%,9,TiRex,11.03240455573324,78.81278538812785,73
anomaly_free,Voltage,CBM 100,0,Chronos-2,10.945941244442938,77.00913242009132,73
anomaly_free,Voltage,CBM 100,0,TimesFM-2.5,10.989497272898243,78.05936073059361,73
anomaly_free,Voltage,CBM 100,0,TiRex,10.975246975762333,78.81278538812785,73
anomaly_free,Voltage,CBM 100,1,Chronos-2,10.945235126503247,76.7351598173516,73
anomaly_free,Voltage,CBM 100,1,TimesFM-2.5,11.000523360600456,78.05936073059361,73
anomaly_free,Voltage,CBM 100,1,TiRex,10.9758151693873,78.40182648401827,73
anomaly_free,Voltage,CBM 100,2,Chronos-2,10.959733346279874,76.9406392694064,73
anomaly_free,Voltage,CBM 100,2,TimesFM-2.5,11.01249865238079,78.21917808219177,73
anomaly_free,Voltage,CBM 100,2,TiRex,11.007063212996501,78.56164383561644,73
anomaly_free,Voltage,CBM 100,3,Chronos-2,10.951630379779807,76.98630136986301,73
anomaly_free,Voltage,CBM 100,3,TimesFM-2.5,11.089237847385316,77.92237442922374,73
anomaly_free,Voltage,CBM 100,3,TiRex,10.996312371509426,78.58447488584474,73
anomaly_free,Voltage,CBM 100,4,Chronos-2,10.946849569350205,77.05479452054794,73
anomaly_free,Voltage,CBM 100,4,TimesFM-2.5,10.995800217229133,77.44292237442923,73
anomaly_free,Voltage,CBM 100,4,TiRex,10.983120266883404,78.72146118721462,73
anomaly_free,Voltage,CBM 100,5,Chronos-2,10.950921878839724,77.12328767123287,73
anomaly_free,Voltage,CBM 100,5,TimesFM-2.5,10.979569978033528,78.33333333333333,73
anomaly_free,Voltage,CBM 100,5,TiRex,10.993078499820214,78.88127853881278,73
anomaly_free,Voltage,CBM 100,6,Chronos-2,10.951551885289529,77.35159817351598,73
anomaly_free,Voltage,CBM 100,6,TimesFM-2.5,10.992983303160619,78.4931506849315,73
anomaly_free,Voltage,CBM 100,6,TiRex,10.989443221443478,78.9041095890411,73
anomaly_free,Voltage,CBM 100,7,Chronos-2,10.956629418891024,77.03196347031962,73
anomaly_free,Voltage,CBM 100,7,TimesFM-2.5,10.98709738219383,77.21461187214612,73
anomaly_free,Voltage,CBM 100,7,TiRex,10.987149977544625,78.72146118721462,73
anomaly_free,Voltage,CBM 100,8,Chronos-2,10.950687828974509,76.84931506849315,73
anomaly_free,Voltage,CBM 100,8,TimesFM-2.5,11.072258887231062,78.01369863013699,73
anomaly_free,Voltage,CBM 100,8,TiRex,10.996458376265664,78.4931506849315,73
anomaly_free,Voltage,CBM 100,9,Chronos-2,10.956340761205452,76.84931506849315,73
anomaly_free,Voltage,CBM 100,9,TimesFM-2.5,11.010796364717487,78.33333333333333,73
anomaly_free,Voltage,CBM 100,9,TiRex,10.98880010868969,78.67579908675799,73
anomaly_free,Voltage,CBM 200,0,Chronos-2,10.95697913603977,77.07762557077625,73
anomaly_free,Voltage,CBM 200,0,TimesFM-2.5,11.01750620769574,78.31050228310502,73
anomaly_free,Voltage,CBM 200,0,TiRex,10.995626418648392,78.76712328767124,73
anomaly_free,Voltage,CBM 200,1,Chronos-2,10.95412495014825,77.1689497716895,73
anomaly_free,Voltage,CBM 200,1,TimesFM-2.5,11.3563010194342,77.28310502283105,73
anomaly_free,Voltage,CBM 200,1,TiRex,10.991127811563976,78.60730593607306,73
anomaly_free,Voltage,CBM 200,2,Chronos-2,10.964342940914243,77.23744292237443,73
anomaly_free,Voltage,CBM 200,2,TimesFM-2.5,11.00454470144451,77.37442922374429,73
anomaly_free,Voltage,CBM 200,2,TiRex,10.994965550709509,78.88127853881278,73
anomaly_free,Voltage,CBM 200,3,Chronos-2,10.968691295039312,76.87214611872146,73
anomaly_free,Voltage,CBM 200,3,TimesFM-2.5,11.023512515516813,78.21917808219177,73
anomaly_free,Voltage,CBM 200,3,TiRex,11.000291596620041,78.58447488584474,73
anomaly_free,Voltage,CBM 200,4,Chronos-2,10.967122886772536,77.12328767123287,73
anomaly_free,Voltage,CBM 200,4,TimesFM-2.5,11.03199104000288,77.44292237442923,73
anomaly_free,Voltage,CBM 200,4,TiRex,10.98894981631857,78.56164383561644,73
anomaly_free,Voltage,CBM 200,5,Chronos-2,10.95409772105156,77.46575342465754,73
anomaly_free,Voltage,CBM 200,5,TimesFM-2.5,11.02276292106454,78.76712328767124,73
anomaly_free,Voltage,CBM 200,5,TiRex,11.002433358794555,78.83561643835615,73
anomaly_free,Voltage,CBM 200,6,Chronos-2,10.964817579443482,77.14611872146119,73
anomaly_free,Voltage,CBM 200,6,TimesFM-2.5,11.044712863934388,78.40182648401827,73
anomaly_free,Voltage,CBM 200,6,TiRex,10.997340675707452,78.4703196347032,73
anomaly_free,Voltage,CBM 200,7,Chronos-2,10.969439056713547,76.80365296803653,73
anomaly_free,Voltage,CBM 200,7,TimesFM-2.5,11.024126760129812,78.2648401826484,73
anomaly_free,Voltage,CBM 200,7,TiRex,10.990919910246802,78.72146118721462,73
anomaly_free,Voltage,CBM 200,8,Chronos-2,10.956419962850022,77.12328767123287,73
anomaly_free,Voltage,CBM 200,8,TimesFM-2.5,11.011129888565998,78.2876712328767,73
anomaly_free,Voltage,CBM 200,8,TiRex,11.028522558287461,78.74429223744292,73
anomaly_free,Voltage,CBM 200,9,Chronos-2,10.956806050696812,77.1689497716895,73
anomaly_free,Voltage,CBM 200,9,TimesFM-2.5,11.028337883802577,78.58447488584474,73
anomaly_free,Voltage,CBM 200,9,TiRex,10.99677912215166,78.76712328767124,73
anomaly_free,Voltage,CBM 400,0,Chronos-2,11.004301133465772,77.37442922374429,73
anomaly_free,Voltage,CBM 400,0,TimesFM-2.5,11.90484228635298,76.39269406392694,73
anomaly_free,Voltage,CBM 400,0,TiRex,11.063473060563663,78.99543378995433,73
anomaly_free,Voltage,CBM 400,1,Chronos-2,10.99877747658391,77.51141552511416,73
anomaly_free,Voltage,CBM 400,1,TimesFM-2.5,11.103190936058896,78.44748858447488,73
anomaly_free,Voltage,CBM 400,1,TiRex,11.052554802084815,79.26940639269407,73
anomaly_free,Voltage,CBM 400,2,Chronos-2,11.034867901469882,77.78538812785388,73
anomaly_free,Voltage,CBM 400,2,TimesFM-2.5,11.111938141303323,78.31050228310502,73
anomaly_free,Voltage,CBM 400,2,TiRex,11.064374155649128,79.13242009132419,73
anomaly_free,Voltage,CBM 400,3,Chronos-2,10.994111775415623,77.6027397260274,73
anomaly_free,Voltage,CBM 400,3,TimesFM-2.5,11.145685757087747,78.51598173515981,73
anomaly_free,Voltage,CBM 400,3,TiRex,11.05674886006607,79.42922374429223,73
anomaly_free,Voltage,CBM 400,4,Chronos-2,10.981759911223383,77.57990867579909,73
anomaly_free,Voltage,CBM 400,4,TimesFM-2.5,11.092113074213472,79.7945205479452,73
anomaly_free,Voltage,CBM 400,4,TiRex,11.08805466997233,78.56164383561644,73
anomaly_free,Voltage,CBM 400,5,Chronos-2,11.07420184271484,77.46575342465754,73
anomaly_free,Voltage,CBM 400,5,TimesFM-2.5,11.132005787700333,78.37899543378995,73
anomaly_free,Voltage,CBM 400,5,TiRex,11.06572252544151,78.85844748858447,73
anomaly_free,Voltage,CBM 400,6,Chronos-2,10.98264390839372,77.51141552511416,73
anomaly_free,Voltage,CBM 400,6,TimesFM-2.5,11.077954589945923,79.95433789954338,73
anomaly_free,Voltage,CBM 400,6,TiRex,11.032226185472268,79.04109589041096,73
anomaly_free,Voltage,CBM 400,7,Chronos-2,10.99266759456287,77.6027397260274,73
anomaly_free,Voltage,CBM 400,7,TimesFM-2.5,11.128115986695265,80.27397260273973,73
anomaly_free,Voltage,CBM 400,7,TiRex,11.035918481170365,79.24657534246575,73
anomaly_free,Voltage,CBM 400,8,Chronos-2,11.007684395464915,77.73972602739725,73
anomaly_free,Voltage,CBM 400,8,TimesFM-2.5,11.065742796835595,79.5662100456621,73
anomaly_free,Voltage,CBM 400,8,TiRex,11.041137306004345,79.22374429223744,73
anomaly_free,Voltage,CBM 400,9,Chronos-2,10.980615351411753,77.55707762557078,73
anomaly_free,Voltage,CBM 400,9,TimesFM-2.5,11.163037273863035,78.2648401826484,73
anomaly_free,Voltage,CBM 400,9,TiRex,11.039502946561162,79.08675799086758,73
anomaly_free,Voltage,PAI +2σ at 1%,0,Chronos-2,10.948051366392102,77.67123287671232,73
anomaly_free,Voltage,PAI +2σ at 1%,0,TimesFM-2.5,10.953421322286138,78.63013698630137,73
anomaly_free,Voltage,PAI +2σ at 1%,0,TiRex,10.987480349400652,79.29223744292237,73
anomaly_free,Voltage,PAI +2σ at 1%,1,Chronos-2,10.947966121056277,77.78538812785388,73
anomaly_free,Voltage,PAI +2σ at 1%,1,TimesFM-2.5,10.949772132637056,78.53881278538812,73
anomaly_free,Voltage,PAI +2σ at 1%,1,TiRex,10.99580506809694,78.99543378995433,73
anomaly_free,Voltage,PAI +2σ at 1%,2,Chronos-2,10.946682449655402,77.71689497716895,73
anomaly_free,Voltage,PAI +2σ at 1%,2,TimesFM-2.5,10.947461705251952,78.53881278538812,73
anomaly_free,Voltage,PAI +2σ at 1%,2,TiRex,10.994048712131361,79.06392694063928,73
anomaly_free,Voltage,PAI +2σ at 1%,3,Chronos-2,10.946943506100954,77.64840182648402,73
anomaly_free,Voltage,PAI +2σ at 1%,3,TimesFM-2.5,10.952001369847231,78.53881278538812,73
anomaly_free,Voltage,PAI +2σ at 1%,3,TiRex,10.985066600822382,79.20091324200914,73
anomaly_free,Voltage,PAI +2σ at 1%,4,Chronos-2,10.947241605035599,77.69406392694064,73
anomaly_free,Voltage,PAI +2σ at 1%,4,TimesFM-2.5,10.949805082592727,78.40182648401827,73
anomaly_free,Voltage,PAI +2σ at 1%,4,TiRex,10.986403881554635,79.06392694063928,73
anomaly_free,Voltage,PAI +2σ at 1%,5,Chronos-2,10.946075719945645,77.69406392694064,73
anomaly_free,Voltage,PAI +2σ at 1%,5,TimesFM-2.5,10.949733460975589,78.58447488584474,73
anomaly_free,Voltage,PAI +2σ at 1%,5,TiRex,10.993264112026536,79.17808219178082,73
anomaly_free,Voltage,PAI +2σ at 1%,6,Chronos-2,10.946572781707056,77.67123287671232,73
anomaly_free,Voltage,PAI +2σ at 1%,6,TimesFM-2.5,10.948616304706796,78.67579908675799,73
anomaly_free,Voltage,PAI +2σ at 1%,6,TiRex,10.98821312504235,79.40639269406392,73
anomaly_free,Voltage,PAI +2σ at 1%,7,Chronos-2,10.945537227252416,77.76255707762557,73
anomaly_free,Voltage,PAI +2σ at 1%,7,TimesFM-2.5,10.94750281058058,78.51598173515981,73
anomaly_free,Voltage,PAI +2σ at 1%,7,TiRex,10.986707185513785,79.04109589041096,73
anomaly_free,Voltage,PAI +2σ at 1%,8,Chronos-2,10.946675609285613,77.67123287671232,73
anomaly_free,Voltage,PAI +2σ at 1%,8,TimesFM-2.5,10.946568239587476,78.63013698630137,73
anomaly_free,Voltage,PAI +2σ at 1%,8,TiRex,10.986460553750362,79.01826484018265,73
anomaly_free,Voltage,PAI +2σ at 1%,9,Chronos-2,10.945341256261404,77.51141552511416,73
anomaly_free,Voltage,PAI +2σ at 1%,9,TimesFM-2.5,10.948476724387058,78.56164383561644,73
anomaly_free,Voltage,PAI +2σ at 1%,9,TiRex,10.987605188821636,79.04109589041096,73
anomaly_free,Voltage,PAI +3σ at 1%,0,Chronos-2,10.947716670955705,78.10502283105023,73
anomaly_free,Voltage,PAI +3σ at 1%,0,TimesFM-2.5,10.956573153392817,79.08675799086758,73
anomaly_free,Voltage,PAI +3σ at 1%,0,TiRex,10.983683272621008,79.42922374429223,73
anomaly_free,Voltage,PAI +3σ at 1%,1,Chronos-2,10.947062303926323,77.8082191780822,73
anomaly_free,Voltage,PAI +3σ at 1%,1,TimesFM-2.5,10.957056479010502,79.01826484018265,73
anomaly_free,Voltage,PAI +3σ at 1%,1,TiRex,10.993844642462244,79.26940639269407,73
anomaly_free,Voltage,PAI +3σ at 1%,2,Chronos-2,10.947626894648291,77.8310502283105,73
anomaly_free,Voltage,PAI +3σ at 1%,2,TimesFM-2.5,10.950809875759482,79.1095890410959,73
anomaly_free,Voltage,PAI +3σ at 1%,2,TiRex,10.99307965358589,79.49771689497716,73
anomaly_free,Voltage,PAI +3σ at 1%,3,Chronos-2,10.949715355361104,78.08219178082192,73
anomaly_free,Voltage,PAI +3σ at 1%,3,TimesFM-2.5,10.949858486593957,79.20091324200914,73
anomaly_free,Voltage,PAI +3σ at 1%,3,TiRex,10.98432693221453,79.47488584474885,73
anomaly_free,Voltage,PAI +3σ at 1%,4,Chronos-2,10.946559321165964,77.87671232876713,73
anomaly_free,Voltage,PAI +3σ at 1%,4,TimesFM-2.5,10.953403217485258,79.1095890410959,73
anomaly_free,Voltage,PAI +3σ at 1%,4,TiRex,10.981555118256475,79.40639269406392,73
anomaly_free,Voltage,PAI +3σ at 1%,5,Chronos-2,10.946315891239431,77.8310502283105,73
anomaly_free,Voltage,PAI +3σ at 1%,5,TimesFM-2.5,10.959604485401602,78.60730593607306,73
anomaly_free,Voltage,PAI +3σ at 1%,5,TiRex,10.983851692511125,79.08675799086758,73
anomaly_free,Voltage,PAI +3σ at 1%,6,Chronos-2,10.946179820446922,77.99086757990867,73
anomaly_free,Voltage,PAI +3σ at 1%,6,TimesFM-2.5,10.958986610470204,79.06392694063928,73
anomaly_free,Voltage,PAI +3σ at 1%,6,TiRex,10.991308929005967,79.42922374429223,73
anomaly_free,Voltage,PAI +3σ at 1%,7,Chronos-2,10.949470890077754,77.89954337899543,73
anomaly_free,Voltage,PAI +3σ at 1%,7,TimesFM-2.5,10.959721167898822,79.17808219178082,73
anomaly_free,Voltage,PAI +3σ at 1%,7,TiRex,10.992056993846436,79.47488584474885,73
anomaly_free,Voltage,PAI +3σ at 1%,8,Chronos-2,10.946036328709328,77.8310502283105,73
anomaly_free,Voltage,PAI +3σ at 1%,8,TimesFM-2.5,10.950212443204219,79.06392694063928,73
anomaly_free,Voltage,PAI +3σ at 1%,8,TiRex,10.9933343352921,79.42922374429223,73
anomaly_free,Voltage,PAI +3σ at 1%,9,Chronos-2,10.947180328087693,77.94520547945206,73
anomaly_free,Voltage,PAI +3σ at 1%,9,TimesFM-2.5,10.957378759636955,79.40639269406392,73
anomaly_free,Voltage,PAI +3σ at 1%,9,TiRex,10.986660577226065,79.58904109589041,73
anomaly_free,Voltage,PAI +5σ at 1%,0,Chronos-2,10.9457790148099,78.4931506849315,73
anomaly_free,Voltage,PAI +5σ at 1%,0,TimesFM-2.5,10.988568845007414,78.88127853881278,73
anomaly_free,Voltage,PAI +5σ at 1%,0,TiRex,10.991655116564571,79.04109589041096,73
anomaly_free,Voltage,PAI +5σ at 1%,1,Chronos-2,10.948662000222269,78.44748858447488,73
anomaly_free,Voltage,PAI +5σ at 1%,1,TimesFM-2.5,10.971975488598796,78.72146118721462,73
anomaly_free,Voltage,PAI +5σ at 1%,1,TiRex,10.978557950790407,79.38356164383562,73
anomaly_free,Voltage,PAI +5σ at 1%,2,Chronos-2,10.950370266927045,78.69863013698631,73
anomaly_free,Voltage,PAI +5σ at 1%,2,TimesFM-2.5,10.98291445576806,78.85844748858447,73
anomaly_free,Voltage,PAI +5σ at 1%,2,TiRex,10.984946987772412,79.5662100456621,73
anomaly_free,Voltage,PAI +5σ at 1%,3,Chronos-2,10.949285478887857,78.51598173515981,73
anomaly_free,Voltage,PAI +5σ at 1%,3,TimesFM-2.5,10.987747518334618,78.99543378995433,73
anomaly_free,Voltage,PAI +5σ at 1%,3,TiRex,10.969106316062712,79.52054794520548,73
anomaly_free,Voltage,PAI +5σ at 1%,4,Chronos-2,10.947858636869475,78.37899543378995,73
anomaly_free,Voltage,PAI +5σ at 1%,4,TimesFM-2.5,10.981799841855441,79.08675799086758,73
anomaly_free,Voltage,PAI +5σ at 1%,4,TiRex,10.980420119556717,79.49771689497716,73
anomaly_free,Voltage,PAI +5σ at 1%,5,Chronos-2,10.949980873162845,78.33333333333333,73
anomaly_free,Voltage,PAI +5σ at 1%,5,TimesFM-2.5,10.981022370454946,78.76712328767124,73
anomaly_free,Voltage,PAI +5σ at 1%,5,TiRex,10.976746124365638,79.29223744292237,73
anomaly_free,Voltage,PAI +5σ at 1%,6,Chronos-2,10.949846730557033,78.67579908675799,73
anomaly_free,Voltage,PAI +5σ at 1%,6,TimesFM-2.5,10.987038801272378,79.06392694063928,73
anomaly_free,Voltage,PAI +5σ at 1%,6,TiRex,10.983070411548619,79.40639269406392,73
anomaly_free,Voltage,PAI +5σ at 1%,7,Chronos-2,10.949761514409145,78.37899543378995,73
anomaly_free,Voltage,PAI +5σ at 1%,7,TimesFM-2.5,10.988010438717634,78.9269406392694,73
anomaly_free,Voltage,PAI +5σ at 1%,7,TiRex,11.00344136029421,79.29223744292237,73
anomaly_free,Voltage,PAI +5σ at 1%,8,Chronos-2,10.950994238806116,78.63013698630137,73
anomaly_free,Voltage,PAI +5σ at 1%,8,TimesFM-2.5,10.980517433631842,78.99543378995433,73
anomaly_free,Voltage,PAI +5σ at 1%,8,TiRex,10.982239699495931,79.72602739726027,73
anomaly_free,Voltage,PAI +5σ at 1%,9,Chronos-2,10.951366861155977,78.37899543378995,73
anomaly_free,Voltage,PAI +5σ at 1%,9,TimesFM-2.5,10.98829347391581,79.01826484018265,73
anomaly_free,Voltage,PAI +5σ at 1%,9,TiRex,10.982228285903634,79.22374429223744,73
valve1_0,Accelerometer1RMS,Clean,0,Chronos-2,0.0002899517695304686,80.66666666666666,5
valve1_0,Accelerometer1RMS,Clean,0,TimesFM-2.5,0.0002864261742030928,81.0,5
valve1_0,Accelerometer1RMS,Clean,0,TiRex,0.00028620264508571477,84.66666666666667,5
valve1_0,Accelerometer1RMS,RPM 5%,0,Chronos-2,0.00029626871844708706,81.0,5
valve1_0,Accelerometer1RMS,RPM 5%,0,TimesFM-2.5,0.00028662600753050416,81.33333333333333,5
valve1_0,Accelerometer1RMS,RPM 5%,0,TiRex,0.0002856340574157117,84.33333333333334,5
valve1_0,Accelerometer1RMS,RPM 5%,1,Chronos-2,0.0002943277077801609,81.66666666666667,5
valve1_0,Accelerometer1RMS,RPM 5%,1,TimesFM-2.5,0.00028604458946349803,80.66666666666666,5
valve1_0,Accelerometer1RMS,RPM 5%,1,TiRex,0.0002866187982899719,85.0,5
valve1_0,Accelerometer1RMS,RPM 5%,2,Chronos-2,0.00029417952193690303,81.33333333333333,5
valve1_0,Accelerometer1RMS,RPM 5%,2,TimesFM-2.5,0.0002864992145813718,81.0,5
valve1_0,Accelerometer1RMS,RPM 5%,2,TiRex,0.00028656369051224795,84.33333333333334,5
valve1_0,Accelerometer1RMS,RPM 5%,3,Chronos-2,0.0002933773284644719,82.0,5
valve1_0,Accelerometer1RMS,RPM 5%,3,TimesFM-2.5,0.0002878700342256715,81.33333333333333,5
valve1_0,Accelerometer1RMS,RPM 5%,3,TiRex,0.0002873802259172739,84.66666666666667,5
valve1_0,Accelerometer1RMS,RPM 5%,4,Chronos-2,0.0002983540548287334,80.33333333333333,5
valve1_0,Accelerometer1RMS,RPM 5%,4,TimesFM-2.5,0.0002859396449639029,81.0,5
valve1_0,Accelerometer1RMS,RPM 5%,4,TiRex,0.00028680941495452816,84.66666666666667,5
valve1_0,Accelerometer1RMS,RPM 5%,5,Chronos-2,0.00029450104476212035,81.33333333333333,5
valve1_0,Accelerometer1RMS,RPM 5%,5,TimesFM-2.5,0.0002850226234475539,81.0,5
valve1_0,Accelerometer1RMS,RPM 5%,5,TiRex,0.0002864435758049603,83.66666666666667,5
valve1_0,Accelerometer1RMS,RPM 5%,6,Chronos-2,0.00029819478978022315,79.66666666666666,5
valve1_0,Accelerometer1RMS,RPM 5%,6,TimesFM-2.5,0.0002867962155426609,81.0,5
valve1_0,Accelerometer1RMS,RPM 5%,6,TiRex,0.00028636824444384424,84.66666666666667,5
valve1_0,Accelerometer1RMS,RPM 5%,7,Chronos-2,0.0002965483431695174,80.66666666666666,5
valve1_0,Accelerometer1RMS,RPM 5%,7,TimesFM-2.5,0.00028595921916446004,80.66666666666666,5
valve1_0,Accelerometer1RMS,RPM 5%,7,TiRex,0.0002859635166383008,84.66666666666667,5
valve1_0,Accelerometer1RMS,RPM 5%,8,Chronos-2,0.0002948329164354841,81.33333333333333,5
valve1_0,Accelerometer1RMS,RPM 5%,8,TimesFM-2.5,0.00028584395178761864,81.0,5
valve1_0,Accelerometer1RMS,RPM 5%,8,TiRex,0.00028533696330409623,84.66666666666667,5
valve1_0,Accelerometer1RMS,RPM 5%,9,Chronos-2,0.0002927196726192127,82.33333333333334,5
valve1_0,Accelerometer1RMS,RPM 5%,9,TimesFM-2.5,0.00028549750134015673,81.0,5
valve1_0,Accelerometer1RMS,RPM 5%,9,TiRex,0.00028669276108121537,84.66666666666667,5
valve1_0,Accelerometer1RMS,RPM 10%,0,Chronos-2,0.0003010346514276742,80.33333333333333,5
valve1_0,Accelerometer1RMS,RPM 10%,0,TimesFM-2.5,0.0002889850940936624,81.0,5
valve1_0,Accelerometer1RMS,RPM 10%,0,TiRex,0.00029522950926011096,84.33333333333334,5
valve1_0,Accelerometer1RMS,RPM 10%,1,Chronos-2,0.00029599227385267423,81.33333333333333,5
valve1_0,Accelerometer1RMS,RPM 10%,1,TimesFM-2.5,0.0002877306595749792,81.0,5
valve1_0,Accelerometer1RMS,RPM 10%,1,TiRex,0.00028941706768293216,84.0,5
valve1_0,Accelerometer1RMS,RPM 10%,2,Chronos-2,0.0002954044398829965,82.0,5
valve1_0,Accelerometer1RMS,RPM 10%,2,TimesFM-2.5,0.0002863997067241165,80.66666666666666,5
valve1_0,Accelerometer1RMS,RPM 10%,2,TiRex,0.0002907140475086408,83.33333333333334,5
valve1_0,Accelerometer1RMS,RPM 10%,3,Chronos-2,0.0002934065385498534,81.33333333333333,5
valve1_0,Accelerometer1RMS,RPM 10%,3,TimesFM-2.5,0.0002840436965839481,80.66666666666666,5
valve1_0,Accelerometer1RMS,RPM 10%,3,TiRex,0.00029138913888846597,83.66666666666667,5
valve1_0,Accelerometer1RMS,RPM 10%,4,Chronos-2,0.0002942034920787171,80.66666666666666,5
valve1_0,Accelerometer1RMS,RPM 10%,4,TimesFM-2.5,0.00028599429830263663,80.66666666666666,5
valve1_0,Accelerometer1RMS,RPM 10%,4,TiRex,0.0002924365491973793,84.0,5
valve1_0,Accelerometer1RMS,RPM 10%,5,Chronos-2,0.00029958062745117026,80.66666666666666,5
valve1_0,Accelerometer1RMS,RPM 10%,5,TimesFM-2.5,0.0002921059036955825,81.0,5
valve1_0,Accelerometer1RMS,RPM 10%,5,TiRex,0.0002963240950992765,84.33333333333334,5
valve1_0,Accelerometer1RMS,RPM 10%,6,Chronos-2,0.0003009571243295445,80.33333333333333,5
valve1_0,Accelerometer1RMS,RPM 10%,6,TimesFM-2.5,0.000291802925930695,81.0,5
valve1_0,Accelerometer1RMS,RPM 10%,6,TiRex,0.0002990976484688416,82.66666666666667,5
valve1_0,Accelerometer1RMS,RPM 10%,7,Chronos-2,0.00029604287430652447,81.33333333333333,5
valve1_0,Accelerometer1RMS,RPM 10%,7,TimesFM-2.5,0.0002869432916210215,80.66666666666666,5
valve1_0,Accelerometer1RMS,RPM 10%,7,TiRex,0.0002928798241592073,83.66666666666667,5
valve1_0,Accelerometer1RMS,RPM 10%,8,Chronos-2,0.0002930145260399395,81.66666666666667,5
valve1_0,Accelerometer1RMS,RPM 10%,8,TimesFM-2.5,0.00028633323954853845,81.0,5
valve1_0,Accelerometer1RMS,RPM 10%,8,TiRex,0.00029195253764864175,84.33333333333334,5
valve1_0,Accelerometer1RMS,RPM 10%,9,Chronos-2,0.00029455384273825117,81.0,5
valve1_0,Accelerometer1RMS,RPM 10%,9,TimesFM-2.5,0.00028751728038715196,81.0,5
valve1_0,Accelerometer1RMS,RPM 10%,9,TiRex,0.0002940426938598181,83.0,5
valve1_0,Accelerometer1RMS,RPM 20%,0,Chronos-2,0.00029151347018689145,80.33333333333333,5
valve1_0,Accelerometer1RMS,RPM 20%,0,TimesFM-2.5,0.0002949152451908555,80.33333333333333,5
valve1_0,Accelerometer1RMS,RPM 20%,0,TiRex,0.00030499266303819734,83.33333333333334,5
valve1_0,Accelerometer1RMS,RPM 20%,1,Chronos-2,0.00030185084165182185,80.0,5
valve1_0,Accelerometer1RMS,RPM 20%,1,TimesFM-2.5,0.00028910804473848033,80.33333333333333,5
valve1_0,Accelerometer1RMS,RPM 20%,1,TiRex,0.0002932110503769572,84.33333333333334,5
valve1_0,Accelerometer1RMS,RPM 20%,2,Chronos-2,0.00028872261601330313,82.0,5
valve1_0,Accelerometer1RMS,RPM 20%,2,TimesFM-2.5,0.00028471024350265096,80.66666666666666,5
valve1_0,Accelerometer1RMS,RPM 20%,2,TiRex,0.0002927254231168376,84.0,5
valve1_0,Accelerometer1RMS,RPM 20%,3,Chronos-2,0.0002946006418696115,79.33333333333333,5
valve1_0,Accelerometer1RMS,RPM 20%,3,TimesFM-2.5,0.0002850443539665014,80.33333333333333,5
valve1_0,Accelerometer1RMS,RPM 20%,3,TiRex,0.000292817868317963,83.33333333333334,5
valve1_0,Accelerometer1RMS,RPM 20%,4,Chronos-2,0.0002940113689866157,80.0,5
valve1_0,Accelerometer1RMS,RPM 20%,4,TimesFM-2.5,0.00028828317559400523,80.66666666666666,5
valve1_0,Accelerometer1RMS,RPM 20%,4,TiRex,0.00029715709027737205,82.33333333333334,5
valve1_0,Accelerometer1RMS,RPM 20%,5,Chronos-2,0.00028606478966624054,81.66666666666667,5
valve1_0,Accelerometer1RMS,RPM 20%,5,TimesFM-2.5,0.00028604313880607366,80.66666666666666,5
valve1_0,Accelerometer1RMS,RPM 20%,5,TiRex,0.000290427960178265,84.0,5
valve1_0,Accelerometer1RMS,RPM 20%,6,Chronos-2,0.00028458035821011184,82.0,5
valve1_0,Accelerometer1RMS,RPM 20%,6,TimesFM-2.5,0.0002854071980970098,79.33333333333333,5
valve1_0,Accelerometer1RMS,RPM 20%,6,TiRex,0.00029611918577154763,83.0,5
valve1_0,Accelerometer1RMS,RPM 20%,7,Chronos-2,0.00029323293037954845,81.33333333333333,5
valve1_0,Accelerometer1RMS,RPM 20%,7,TimesFM-2.5,0.00028670926192122837,80.0,5
valve1_0,Accelerometer1RMS,RPM 20%,7,TiRex,0.00029275526965210887,83.66666666666667,5
valve1_0,Accelerometer1RMS,RPM 20%,8,Chronos-2,0.00029246428054186023,82.33333333333334,5
valve1_0,Accelerometer1RMS,RPM 20%,8,TimesFM-2.5,0.0002854238704995186,80.0,5
valve1_0,Accelerometer1RMS,RPM 20%,8,TiRex,0.0002890784425021946,85.0,5
valve1_0,Accelerometer1RMS,RPM 20%,9,Chronos-2,0.0002909865270337628,81.0,5
valve1_0,Accelerometer1RMS,RPM 20%,9,TimesFM-2.5,0.00028243012183982915,81.33333333333333,5
valve1_0,Accelerometer1RMS,RPM 20%,9,TiRex,0.00029051067621428764,85.66666666666667,5
valve1_0,Accelerometer1RMS,CBM 100,0,Chronos-2,0.0002898504401166738,81.0,5
valve1_0,Accelerometer1RMS,CBM 100,0,TimesFM-2.5,0.00029148623706580306,82.33333333333334,5
valve1_0,Accelerometer1RMS,CBM 100,0,TiRex,0.00028516044590070846,84.0,5
valve1_0,Accelerometer1RMS,CBM 100,1,Chronos-2,0.0002922176486190268,81.33333333333333,5
valve1_0,Accelerometer1RMS,CBM 100,1,TimesFM-2.5,0.0002910395574807378,82.66666666666667,5
valve1_0,Accelerometer1RMS,CBM 100,1,TiRex,0.000290529210083863,84.33333333333334,5
valve1_0,Accelerometer1RMS,CBM 100,2,Chronos-2,0.00029066425789689204,80.33333333333333,5
valve1_0,Accelerometer1RMS,CBM 100,2,TimesFM-2.5,0.0002986946936049522,81.0,5
valve1_0,Accelerometer1RMS,CBM 100,2,TiRex,0.0002921082419717173,85.33333333333334,5
valve1_0,Accelerometer1RMS,CBM 100,3,Chronos-2,0.00029183596761871855,80.66666666666666,5
valve1_0,Accelerometer1RMS,CBM 100,3,TimesFM-2.5,0.0002924053783710566,81.66666666666667,5
valve1_0,Accelerometer1RMS,CBM 100,3,TiRex,0.000286571702119467,84.66666666666667,5
valve1_0,Accelerometer1RMS,CBM 100,4,Chronos-2,0.0002991442421114485,79.66666666666666,5
valve1_0,Accelerometer1RMS,CBM 100,4,TimesFM-2.5,0.00029839892098037043,82.33333333333334,5
valve1_0,Accelerometer1RMS,CBM 100,4,TiRex,0.00028911715523731793,83.66666666666667,5
valve1_0,Accelerometer1RMS,CBM 100,5,Chronos-2,0.0002918122808367242,82.33333333333334,5
valve1_0,Accelerometer1RMS,CBM 100,5,TimesFM-2.5,0.0002978388327084881,80.66666666666666,5
valve1_0,Accelerometer1RMS,CBM 100,5,TiRex,0.00029248653208921265,85.0,5
valve1_0,Accelerometer1RMS,CBM 100,6,Chronos-2,0.0002930396063340039,80.66666666666666,5
valve1_0,Accelerometer1RMS,CBM 100,6,TimesFM-2.5,0.0002958933120955152,80.66666666666666,5
valve1_0,Accelerometer1RMS,CBM 100,6,TiRex,0.00029117194262551904,84.33333333333334,5
valve1_0,Accelerometer1RMS,CBM 100,7,Chronos-2,0.00030076738573694663,79.0,5
valve1_0,Accelerometer1RMS,CBM 100,7,TimesFM-2.5,0.0003000978924157159,81.66666666666667,5
valve1_0,Accelerometer1RMS,CBM 100,7,TiRex,0.0002881585467881028,85.0,5
valve1_0,Accelerometer1RMS,CBM 100,8,Chronos-2,0.0002981146123826458,80.33333333333333,5
valve1_0,Accelerometer1RMS,CBM 100,8,TimesFM-2.5,0.0002927812783447986,82.33333333333334,5
valve1_0,Accelerometer1RMS,CBM 100,8,TiRex,0.00028731244759375987,84.66666666666667,5
valve1_0,Accelerometer1RMS,CBM 100,9,Chronos-2,0.0003052726181440054,78.33333333333333,5
valve1_0,Accelerometer1RMS,CBM 100,9,TimesFM-2.5,0.00030025633386852706,81.0,5
valve1_0,Accelerometer1RMS,CBM 100,9,TiRex,0.000286608231137697,85.33333333333334,5
valve1_0,Accelerometer1RMS,CBM 200,0,Chronos-2,0.00030203975851399487,81.33333333333333,5
valve1_0,Accelerometer1RMS,CBM 200,0,TimesFM-2.5,0.00029737265752377014,81.66666666666667,5
valve1_0,Accelerometer1RMS,CBM 200,0,TiRex,0.0002902290283665962,84.66666666666667,5
valve1_0,Accelerometer1RMS,CBM 200,1,Chronos-2,0.0002934988143748014,81.66666666666667,5
valve1_0,Accelerometer1RMS,CBM 200,1,TimesFM-2.5,0.00029792688329520294,81.0,5
valve1_0,Accelerometer1RMS,CBM 200,1,TiRex,0.00028730453658845726,84.66666666666667,5
valve1_0,Accelerometer1RMS,CBM 200,2,Chronos-2,0.00029428062643581295,81.0,5
valve1_0,Accelerometer1RMS,CBM 200,2,TimesFM-2.5,0.00029382494301355666,79.66666666666666,5
valve1_0,Accelerometer1RMS,CBM 200,2,TiRex,0.0002889491741565244,84.66666666666667,5
valve1_0,Accelerometer1RMS,CBM 200,3,Chronos-2,0.0003050240587761205,80.0,5
valve1_0,Accelerometer1RMS,CBM 200,3,TimesFM-2.5,0.00030831071531980253,80.66666666666666,5
valve1_0,Accelerometer1RMS,CBM 200,3,TiRex,0.0002951135802487596,85.0,5
valve1_0,Accelerometer1RMS,CBM 200,4,Chronos-2,0.00029527037091654193,80.66666666666666,5
valve1_0,Accelerometer1RMS,CBM 200,4,TimesFM-2.5,0.0002907897294594937,81.66666666666667,5
valve1_0,Accelerometer1RMS,CBM 200,4,TiRex,0.00029017550268698545,84.66666666666667,5
valve1_0,Accelerometer1RMS,CBM 200,5,Chronos-2,0.0002896052581841956,80.33333333333333,5
valve1_0,Accelerometer1RMS,CBM 200,5,TimesFM-2.5,0.00029540772053889604,81.66666666666667,5
valve1_0,Accelerometer1RMS,CBM 200,5,TiRex,0.00029125256053103883,84.66666666666667,5
valve1_0,Accelerometer1RMS,CBM 200,6,Chronos-2,0.0003020781453987429,79.66666666666666,5
valve1_0,Accelerometer1RMS,CBM 200,6,TimesFM-2.5,0.0002984276931552478,81.33333333333333,5
valve1_0,Accelerometer1RMS,CBM 200,6,TiRex,0.00029163033403011913,85.0,5
valve1_0,Accelerometer1RMS,CBM 200,7,Chronos-2,0.00029331693312560446,80.0,5
valve1_0,Accelerometer1RMS,CBM 200,7,TimesFM-2.5,0.0002943950412699966,81.66666666666667,5
valve1_0,Accelerometer1RMS,CBM 200,7,TiRex,0.00028776361157651747,84.66666666666667,5
valve1_0,Accelerometer1RMS,CBM 200,8,Chronos-2,0.0002990246853900989,78.66666666666666,5
valve1_0,Accelerometer1RMS,CBM 200,8,TimesFM-2.5,0.00029696291075023386,80.66666666666666,5
valve1_0,Accelerometer1RMS,CBM 200,8,TiRex,0.00029481910501185727,83.66666666666667,5
valve1_0,Accelerometer1RMS,CBM 200,9,Chronos-2,0.0002954713053934328,81.66666666666667,5
valve1_0,Accelerometer1RMS,CBM 200,9,TimesFM-2.5,0.00029769019619756663,81.66666666666667,5
valve1_0,Accelerometer1RMS,CBM 200,9,TiRex,0.0002985350543130834,84.0,5
valve1_0,Accelerometer1RMS,CBM 400,0,Chronos-2,0.0003157684979699896,79.0,5
valve1_0,Accelerometer1RMS,CBM 400,0,TimesFM-2.5,0.0003158561556061543,80.33333333333333,5
valve1_0,Accelerometer1RMS,CBM 400,0,TiRex,0.00029773035290631085,83.0,5
valve1_0,Accelerometer1RMS,CBM 400,1,Chronos-2,0.00030065696071817136,79.33333333333333,5
valve1_0,Accelerometer1RMS,CBM 400,1,TimesFM-2.5,0.0003082336123230926,79.66666666666666,5
valve1_0,Accelerometer1RMS,CBM 400,1,TiRex,0.0002935922923649727,82.66666666666667,5
valve1_0,Accelerometer1RMS,CBM 400,2,Chronos-2,0.0002933159499041254,80.66666666666666,5
valve1_0,Accelerometer1RMS,CBM 400,2,TimesFM-2.5,0.0003067362822298513,81.33333333333333,5
valve1_0,Accelerometer1RMS,CBM 400,2,TiRex,0.0002934735671508768,84.33333333333334,5
valve1_0,Accelerometer1RMS,CBM 400,3,Chronos-2,0.00030220522315395007,78.66666666666666,5
valve1_0,Accelerometer1RMS,CBM 400,3,TimesFM-2.5,0.00031207020924890093,79.66666666666666,5
valve1_0,Accelerometer1RMS,CBM 400,3,TiRex,0.0002945087715488221,83.0,5
valve1_0,Accelerometer1RMS,CBM 400,4,Chronos-2,0.0003052363049244241,80.66666666666666,5
valve1_0,Accelerometer1RMS,CBM 400,4,TimesFM-2.5,0.00031195594267392995,80.66666666666666,5
valve1_0,Accelerometer1RMS,CBM 400,4,TiRex,0.0002985448726467334,83.66666666666667,5
valve1_0,Accelerometer1RMS,CBM 400,5,Chronos-2,0.00032131874349325976,79.0,5
valve1_0,Accelerometer1RMS,CBM 400,5,TimesFM-2.5,0.00031521218703849216,78.33333333333333,5
valve1_0,Accelerometer1RMS,CBM 400,5,TiRex,0.0003017808975573153,83.66666666666667,5
valve1_0,Accelerometer1RMS,CBM 400,6,Chronos-2,0.0003040064528258608,80.0,5
valve1_0,Accelerometer1RMS,CBM 400,6,TimesFM-2.5,0.0003126870080833798,77.66666666666666,5
valve1_0,Accelerometer1RMS,CBM 400,6,TiRex,0.00030093478014246597,84.0,5
valve1_0,Accelerometer1RMS,CBM 400,7,Chronos-2,0.00030544070324600324,79.33333333333333,5
valve1_0,Accelerometer1RMS,CBM 400,7,TimesFM-2.5,0.00030644824352885834,81.66666666666667,5
valve1_0,Accelerometer1RMS,CBM 400,7,TiRex,0.00029449985302041476,83.0,5
valve1_0,Accelerometer1RMS,CBM 400,8,Chronos-2,0.00030562359155881114,78.33333333333333,5
valve1_0,Accelerometer1RMS,CBM 400,8,TimesFM-2.5,0.00031487903257088024,80.66666666666666,5
valve1_0,Accelerometer1RMS,CBM 400,8,TiRex,0.00029528166190096253,83.0,5
valve1_0,Accelerometer1RMS,CBM 400,9,Chronos-2,0.0003062093578409587,79.66666666666666,5
valve1_0,Accelerometer1RMS,CBM 400,9,TimesFM-2.5,0.0003110805737337497,79.0,5
valve1_0,Accelerometer1RMS,CBM 400,9,TiRex,0.00030087806433492283,83.66666666666667,5
valve1_0,Accelerometer1RMS,PAI +2σ at 1%,0,Chronos-2,0.00029113354500810354,80.0,5
valve1_0,Accelerometer1RMS,PAI +2σ at 1%,0,TimesFM-2.5,0.00028665086566993,81.33333333333333,5
valve1_0,Accelerometer1RMS,PAI +2σ at 1%,0,TiRex,0.00028701305133395176,85.33333333333334,5
valve1_0,Accelerometer1RMS,PAI +2σ at 1%,1,Chronos-2,0.0002922358523485931,80.0,5
valve1_0,Accelerometer1RMS,PAI +2σ at 1%,1,TimesFM-2.5,0.00028633255629353916,80.66666666666666,5
valve1_0,Accelerometer1RMS,PAI +2σ at 1%,1,TiRex,0.0002855681837021531,84.66666666666667,5
valve1_0,Accelerometer1RMS,PAI +2σ at 1%,2,Chronos-2,0.0002907065735104233,80.33333333333333,5
valve1_0,Accelerometer1RMS,PAI +2σ at 1%,2,TimesFM-2.5,0.0002862597847501419,80.66666666666666,5
valve1_0,Accelerometer1RMS,PAI +2σ at 1%,2,TiRex,0.00028572005267400177,84.66666666666667,5
valve1_0,Accelerometer1RMS,PAI +2σ at 1%,3,Chronos-2,0.0002914485010640077,80.33333333333333,5
valve1_0,Accelerometer1RMS,PAI +2σ at 1%,3,TimesFM-2.5,0.0002866626258479719,81.0,5
valve1_0,Accelerometer1RMS,PAI +2σ at 1%,3,TiRex,0.00028516596328476514,84.66666666666667,5
valve1_0,Accelerometer1RMS,PAI +2σ at 1%,4,Chronos-2,0.00029028787286961336,81.0,5
valve1_0,Accelerometer1RMS,PAI +2σ at 1%,4,TimesFM-2.5,0.0002859257003963759,81.33333333333333,5
valve1_0,Accelerometer1RMS,PAI +2σ at 1%,4,TiRex,0.00028700992034390484,85.0,5
valve1_0,Accelerometer1RMS,PAI +2σ at 1%,5,Chronos-2,0.0002888426998478933,80.66666666666666,5
valve1_0,Accelerometer1RMS,PAI +2σ at 1%,5,TimesFM-2.5,0.0002853492578968383,81.0,5
valve1_0,Accelerometer1RMS,PAI +2σ at 1%,5,TiRex,0.0002853636598940292,85.0,5
valve1_0,Accelerometer1RMS,PAI +2σ at 1%,6,Chronos-2,0.00029149596117594587,80.66666666666666,5
valve1_0,Accelerometer1RMS,PAI +2σ at 1%,6,TimesFM-2.5,0.00028606035824517233,81.0,5
valve1_0,Accelerometer1RMS,PAI +2σ at 1%,6,TiRex,0.0002863525459135313,85.66666666666667,5
valve1_0,Accelerometer1RMS,PAI +2σ at 1%,7,Chronos-2,0.0002901287306374355,80.0,5
valve1_0,Accelerometer1RMS,PAI +2σ at 1%,7,TimesFM-2.5,0.0002858766046940914,81.66666666666667,5
valve1_0,Accelerometer1RMS,PAI +2σ at 1%,7,TiRex,0.0002852174240857336,85.0,5
valve1_0,Accelerometer1RMS,PAI +2σ at 1%,8,Chronos-2,0.00029015782405678915,80.33333333333333,5
valve1_0,Accelerometer1RMS,PAI +2σ at 1%,8,TimesFM-2.5,0.0002857639152089744,81.66666666666667,5
valve1_0,Accelerometer1RMS,PAI +2σ at 1%,8,TiRex,0.00028753660382150903,84.66666666666667,5
valve1_0,Accelerometer1RMS,PAI +2σ at 1%,9,Chronos-2,0.0002906182535386652,80.66666666666666,5
valve1_0,Accelerometer1RMS,PAI +2σ at 1%,9,TimesFM-2.5,0.0002861810256605911,81.66666666666667,5
valve1_0,Accelerometer1RMS,PAI +2σ at 1%,9,TiRex,0.0002863220259975563,86.0,5
valve1_0,Accelerometer1RMS,PAI +3σ at 1%,0,Chronos-2,0.000291348468305921,80.33333333333333,5
valve1_0,Accelerometer1RMS,PAI +3σ at 1%,0,TimesFM-2.5,0.00028630702478068913,81.66666666666667,5
valve1_0,Accelerometer1RMS,PAI +3σ at 1%,0,TiRex,0.000285562324008058,84.66666666666667,5
valve1_0,Accelerometer1RMS,PAI +3σ at 1%,1,Chronos-2,0.0002908453386146489,82.33333333333334,5
valve1_0,Accelerometer1RMS,PAI +3σ at 1%,1,TimesFM-2.5,0.0002849278371085915,82.0,5
valve1_0,Accelerometer1RMS,PAI +3σ at 1%,1,TiRex,0.000284812490555202,86.66666666666667,5
valve1_0,Accelerometer1RMS,PAI +3σ at 1%,2,Chronos-2,0.00029082907797623305,81.0,5
valve1_0,Accelerometer1RMS,PAI +3σ at 1%,2,TimesFM-2.5,0.0002854099519466645,82.0,5
valve1_0,Accelerometer1RMS,PAI +3σ at 1%,2,TiRex,0.0002854189613949684,85.33333333333334,5
valve1_0,Accelerometer1RMS,PAI +3σ at 1%,3,Chronos-2,0.0002909927411508355,81.0,5
valve1_0,Accelerometer1RMS,PAI +3σ at 1%,3,TimesFM-2.5,0.00028661361626203393,82.0,5
valve1_0,Accelerometer1RMS,PAI +3σ at 1%,3,TiRex,0.0002855880176125137,86.33333333333333,5
valve1_0,Accelerometer1RMS,PAI +3σ at 1%,4,Chronos-2,0.00029179379956542796,81.0,5
valve1_0,Accelerometer1RMS,PAI +3σ at 1%,4,TimesFM-2.5,0.00028661772450098505,81.66666666666667,5
valve1_0,Accelerometer1RMS,PAI +3σ at 1%,4,TiRex,0.0002855390878704619,86.66666666666667,5
valve1_0,Accelerometer1RMS,PAI +3σ at 1%,5,Chronos-2,0.00028940947711089633,81.66666666666667,5
valve1_0,Accelerometer1RMS,PAI +3σ at 1%,5,TimesFM-2.5,0.00028545556025916523,82.0,5
valve1_0,Accelerometer1RMS,PAI +3σ at 1%,5,TiRex,0.000285835754670366,87.33333333333333,5
valve1_0,Accelerometer1RMS,PAI +3σ at 1%,6,Chronos-2,0.0002885084618751991,80.66666666666666,5
valve1_0,Accelerometer1RMS,PAI +3σ at 1%,6,TimesFM-2.5,0.00028128833130695435,83.0,5
valve1_0,Accelerometer1RMS,PAI +3σ at 1%,6,TiRex,0.0002828009470412373,87.0,5
valve1_0,Accelerometer1RMS,PAI +3σ at 1%,7,Chronos-2,0.000290586301272488,81.0,5
valve1_0,Accelerometer1RMS,PAI +3σ at 1%,7,TimesFM-2.5,0.0002855309056377023,81.66666666666667,5
valve1_0,Accelerometer1RMS,PAI +3σ at 1%,7,TiRex,0.00028466404255093544,85.33333333333334,5
valve1_0,Accelerometer1RMS,PAI +3σ at 1%,8,Chronos-2,0.00029085756310131546,81.33333333333333,5
valve1_0,Accelerometer1RMS,PAI +3σ at 1%,8,TimesFM-2.5,0.0002846579546635875,81.66666666666667,5
valve1_0,Accelerometer1RMS,PAI +3σ at 1%,8,TiRex,0.0002856781950191657,86.66666666666667,5
valve1_0,Accelerometer1RMS,PAI +3σ at 1%,9,Chronos-2,0.0002888705212453322,81.33333333333333,5
valve1_0,Accelerometer1RMS,PAI +3σ at 1%,9,TimesFM-2.5,0.0002855533778030464,82.0,5
valve1_0,Accelerometer1RMS,PAI +3σ at 1%,9,TiRex,0.0002863966298553302,85.0,5
valve1_0,Accelerometer1RMS,PAI +5σ at 1%,0,Chronos-2,0.0002925231800505884,81.33333333333333,5
valve1_0,Accelerometer1RMS,PAI +5σ at 1%,0,TimesFM-2.5,0.0002886688970271832,83.66666666666667,5
valve1_0,Accelerometer1RMS,PAI +5σ at 1%,0,TiRex,0.0002858664550278576,86.0,5
valve1_0,Accelerometer1RMS,PAI +5σ at 1%,1,Chronos-2,0.0002901225186482459,82.0,5
valve1_0,Accelerometer1RMS,PAI +5σ at 1%,1,TimesFM-2.5,0.000287655055116691,82.66666666666667,5
valve1_0,Accelerometer1RMS,PAI +5σ at 1%,1,TiRex,0.0002858522038757128,85.66666666666667,5
valve1_0,Accelerometer1RMS,PAI +5σ at 1%,2,Chronos-2,0.00029270759993611903,81.33333333333333,5
valve1_0,Accelerometer1RMS,PAI +5σ at 1%,2,TimesFM-2.5,0.0002861628139929328,82.33333333333334,5
valve1_0,Accelerometer1RMS,PAI +5σ at 1%,2,TiRex,0.00028653316256538016,85.33333333333334,5
valve1_0,Accelerometer1RMS,PAI +5σ at 1%,3,Chronos-2,0.00029068613345514105,81.66666666666667,5
valve1_0,Accelerometer1RMS,PAI +5σ at 1%,3,TimesFM-2.5,0.00028928878840880326,82.33333333333334,5
valve1_0,Accelerometer1RMS,PAI +5σ at 1%,3,TiRex,0.00028704234737123106,86.0,5
valve1_0,Accelerometer1RMS,PAI +5σ at 1%,4,Chronos-2,0.00029331015060526244,81.33333333333333,5
valve1_0,Accelerometer1RMS,PAI +5σ at 1%,4,TimesFM-2.5,0.00028893858695377544,82.33333333333334,5
valve1_0,Accelerometer1RMS,PAI +5σ at 1%,4,TiRex,0.00028748789549672376,85.0,5
valve1_0,Accelerometer1RMS,PAI +5σ at 1%,5,Chronos-2,0.0002905837010307271,82.33333333333334,5
valve1_0,Accelerometer1RMS,PAI +5σ at 1%,5,TimesFM-2.5,0.0002878330813221609,83.33333333333334,5
valve1_0,Accelerometer1RMS,PAI +5σ at 1%,5,TiRex,0.00028725593727974436,85.0,5
valve1_0,Accelerometer1RMS,PAI +5σ at 1%,6,Chronos-2,0.00028997543886584063,82.33333333333334,5
valve1_0,Accelerometer1RMS,PAI +5σ at 1%,6,TimesFM-2.5,0.0002870762998512587,82.66666666666667,5
valve1_0,Accelerometer1RMS,PAI +5σ at 1%,6,TiRex,0.000286278119364186,85.66666666666667,5
valve1_0,Accelerometer1RMS,PAI +5σ at 1%,7,Chronos-2,0.00029290919322980374,81.66666666666667,5
valve1_0,Accelerometer1RMS,PAI +5σ at 1%,7,TimesFM-2.5,0.0002885609750266765,82.66666666666667,5
valve1_0,Accelerometer1RMS,PAI +5σ at 1%,7,TiRex,0.00028753124058743967,86.33333333333333,5
valve1_0,Accelerometer1RMS,PAI +5σ at 1%,8,Chronos-2,0.0002915834331244954,82.0,5
valve1_0,Accelerometer1RMS,PAI +5σ at 1%,8,TimesFM-2.5,0.000288215127184682,82.66666666666667,5
valve1_0,Accelerometer1RMS,PAI +5σ at 1%,8,TiRex,0.0002879926426149007,86.0,5
valve1_0,Accelerometer1RMS,PAI +5σ at 1%,9,Chronos-2,0.0002911950191443046,81.66666666666667,5
valve1_0,Accelerometer1RMS,PAI +5σ at 1%,9,TimesFM-2.5,0.000286678372645794,82.33333333333334,5
valve1_0,Accelerometer1RMS,PAI +5σ at 1%,9,TiRex,0.00028569166096622134,85.66666666666667,5
valve1_0,Accelerometer2RMS,Clean,0,Chronos-2,0.0008273114738815515,72.33333333333334,5
valve1_0,Accelerometer2RMS,Clean,0,TimesFM-2.5,0.0008328634250854044,71.66666666666667,5
valve1_0,Accelerometer2RMS,Clean,0,TiRex,0.0008219395415343289,79.66666666666666,5
valve1_0,Accelerometer2RMS,RPM 5%,0,Chronos-2,0.0008046538987255268,76.0,5
valve1_0,Accelerometer2RMS,RPM 5%,0,TimesFM-2.5,0.0008337233522470099,72.0,5
valve1_0,Accelerometer2RMS,RPM 5%,0,TiRex,0.0008237927453032253,79.0,5
valve1_0,Accelerometer2RMS,RPM 5%,1,Chronos-2,0.0008174565305430933,74.66666666666667,5
valve1_0,Accelerometer2RMS,RPM 5%,1,TimesFM-2.5,0.0008373705186915131,72.0,5
valve1_0,Accelerometer2RMS,RPM 5%,1,TiRex,0.0008399510605965065,80.33333333333333,5
valve1_0,Accelerometer2RMS,RPM 5%,2,Chronos-2,0.0008061391983836722,76.0,5
valve1_0,Accelerometer2RMS,RPM 5%,2,TimesFM-2.5,0.0008324858192874876,72.33333333333334,5
valve1_0,Accelerometer2RMS,RPM 5%,2,TiRex,0.0008279357467582744,78.66666666666666,5
valve1_0,Accelerometer2RMS,RPM 5%,3,Chronos-2,0.0008131010372149897,75.33333333333333,5
valve1_0,Accelerometer2RMS,RPM 5%,3,TimesFM-2.5,0.000832537036382528,71.66666666666667,5
valve1_0,Accelerometer2RMS,RPM 5%,3,TiRex,0.0008220199804686567,79.0,5
valve1_0,Accelerometer2RMS,RPM 5%,4,Chronos-2,0.0008013249868795712,75.66666666666667,5
valve1_0,Accelerometer2RMS,RPM 5%,4,TimesFM-2.5,0.0008332970630301576,71.66666666666667,5
valve1_0,Accelerometer2RMS,RPM 5%,4,TiRex,0.0008137497046569642,79.33333333333333,5
valve1_0,Accelerometer2RMS,RPM 5%,5,Chronos-2,0.0008204456523621907,74.33333333333333,5
valve1_0,Accelerometer2RMS,RPM 5%,5,TimesFM-2.5,0.00083189595704364,72.0,5
valve1_0,Accelerometer2RMS,RPM 5%,5,TiRex,0.0008155352788027133,80.33333333333333,5
valve1_0,Accelerometer2RMS,RPM 5%,6,Chronos-2,0.0008157227946142973,76.0,5
valve1_0,Accelerometer2RMS,RPM 5%,6,TimesFM-2.5,0.0008337224170669759,72.0,5
valve1_0,Accelerometer2RMS,RPM 5%,6,TiRex,0.0008269074847729849,80.33333333333333,5
valve1_0,Accelerometer2RMS,RPM 5%,7,Chronos-2,0.0008126035249312052,76.33333333333333,5
valve1_0,Accelerometer2RMS,RPM 5%,7,TimesFM-2.5,0.0008324260583728173,72.0,5
valve1_0,Accelerometer2RMS,RPM 5%,7,TiRex,0.0008244352094169703,79.66666666666666,5
valve1_0,Accelerometer2RMS,RPM 5%,8,Chronos-2,0.000818300430340665,75.33333333333333,5
valve1_0,Accelerometer2RMS,RPM 5%,8,TimesFM-2.5,0.000833922138375151,72.0,5
valve1_0,Accelerometer2RMS,RPM 5%,8,TiRex,0.0008209994488722731,79.66666666666666,5
valve1_0,Accelerometer2RMS,RPM 5%,9,Chronos-2,0.0008104938501336803,74.66666666666667,5
valve1_0,Accelerometer2RMS,RPM 5%,9,TimesFM-2.5,0.0008325132024117315,71.66666666666667,5
valve1_0,Accelerometer2RMS,RPM 5%,9,TiRex,0.0008173951296906244,80.33333333333333,5
valve1_0,Accelerometer2RMS,RPM 10%,0,Chronos-2,0.0008064861230602957,75.0,5
valve1_0,Accelerometer2RMS,RPM 10%,0,TimesFM-2.5,0.0008272079655245394,71.66666666666667,5
valve1_0,Accelerometer2RMS,RPM 10%,0,TiRex,0.0008145432569467041,81.0,5
valve1_0,Accelerometer2RMS,RPM 10%,1,Chronos-2,0.0008152272415949212,75.0,5
valve1_0,Accelerometer2RMS,RPM 10%,1,TimesFM-2.5,0.0008285139301311882,72.0,5
valve1_0,Accelerometer2RMS,RPM 10%,1,TiRex,0.000824721738850316,79.33333333333333,5
valve1_0,Accelerometer2RMS,RPM 10%,2,Chronos-2,0.0008123035134001841,77.0,5
valve1_0,Accelerometer2RMS,RPM 10%,2,TimesFM-2.5,0.000831986371095234,72.33333333333334,5
valve1_0,Accelerometer2RMS,RPM 10%,2,TiRex,0.0008345476446717863,79.33333333333333,5
valve1_0,Accelerometer2RMS,RPM 10%,3,Chronos-2,0.0008182498641645666,73.66666666666667,5
valve1_0,Accelerometer2RMS,RPM 10%,3,TimesFM-2.5,0.0008377087640771325,71.66666666666667,5
valve1_0,Accelerometer2RMS,RPM 10%,3,TiRex,0.0008309015442706646,80.0,5
valve1_0,Accelerometer2RMS,RPM 10%,4,Chronos-2,0.0008288039656400414,75.33333333333333,5
valve1_0,Accelerometer2RMS,RPM 10%,4,TimesFM-2.5,0.0008293266035104157,72.0,5
valve1_0,Accelerometer2RMS,RPM 10%,4,TiRex,0.0008191621912682604,80.33333333333333,5
valve1_0,Accelerometer2RMS,RPM 10%,5,Chronos-2,0.0008282587894584662,74.33333333333333,5
valve1_0,Accelerometer2RMS,RPM 10%,5,TimesFM-2.5,0.0008336068121517786,71.33333333333334,5
valve1_0,Accelerometer2RMS,RPM 10%,5,TiRex,0.0008231860097041882,80.33333333333333,5
valve1_0,Accelerometer2RMS,RPM 10%,6,Chronos-2,0.0008089388625944073,76.0,5
valve1_0,Accelerometer2RMS,RPM 10%,6,TimesFM-2.5,0.0008342587008026216,71.66666666666667,5
valve1_0,Accelerometer2RMS,RPM 10%,6,TiRex,0.0008458452709218038,80.66666666666666,5
valve1_0,Accelerometer2RMS,RPM 10%,7,Chronos-2,0.0008067358945372387,77.33333333333333,5
valve1_0,Accelerometer2RMS,RPM 10%,7,TimesFM-2.5,0.0008357446358438478,71.66666666666667,5
valve1_0,Accelerometer2RMS,RPM 10%,7,TiRex,0.0008271383079176331,80.33333333333333,5
valve1_0,Accelerometer2RMS,RPM 10%,8,Chronos-2,0.0008086411947016758,76.33333333333333,5
valve1_0,Accelerometer2RMS,RPM 10%,8,TimesFM-2.5,0.0008295706747326368,72.33333333333334,5
valve1_0,Accelerometer2RMS,RPM 10%,8,TiRex,0.0008261378524192106,80.66666666666666,5
valve1_0,Accelerometer2RMS,RPM 10%,9,Chronos-2,0.0008170574498749234,74.33333333333333,5
valve1_0,Accelerometer2RMS,RPM 10%,9,TimesFM-2.5,0.0008267398420568811,72.33333333333334,5
valve1_0,Accelerometer2RMS,RPM 10%,9,TiRex,0.0008261231699825375,79.33333333333333,5
valve1_0,Accelerometer2RMS,RPM 20%,0,Chronos-2,0.0008304506278806795,77.0,5
valve1_0,Accelerometer2RMS,RPM 20%,0,TimesFM-2.5,0.0008391603016458808,71.0,5
valve1_0,Accelerometer2RMS,RPM 20%,0,TiRex,0.0008444928678512865,77.33333333333333,5
valve1_0,Accelerometer2RMS,RPM 20%,1,Chronos-2,0.000808461413705098,75.66666666666667,5
valve1_0,Accelerometer2RMS,RPM 20%,1,TimesFM-2.5,0.0008378450446238346,71.66666666666667,5
valve1_0,Accelerometer2RMS,RPM 20%,1,TiRex,0.0008503866636865988,78.0,5
valve1_0,Accelerometer2RMS,RPM 20%,2,Chronos-2,0.0008455316877094422,75.33333333333333,5
valve1_0,Accelerometer2RMS,RPM 20%,2,TimesFM-2.5,0.0008294701222158676,72.66666666666667,5
valve1_0,Accelerometer2RMS,RPM 20%,2,TiRex,0.0008352788756564528,78.0,5
valve1_0,Accelerometer2RMS,RPM 20%,3,Chronos-2,0.0008200228014562746,74.66666666666667,5
valve1_0,Accelerometer2RMS,RPM 20%,3,TimesFM-2.5,0.000834262083920416,71.66666666666667,5
valve1_0,Accelerometer2RMS,RPM 20%,3,TiRex,0.0008291093677269879,78.0,5
valve1_0,Accelerometer2RMS,RPM 20%,4,Chronos-2,0.0008199574628420537,76.33333333333333,5
valve1_0,Accelerometer2RMS,RPM 20%,4,TimesFM-2.5,0.0008399957541960525,71.66666666666667,5
valve1_0,Accelerometer2RMS,RPM 20%,4,TiRex,0.0008416016340443877,78.33333333333333,5
valve1_0,Accelerometer2RMS,RPM 20%,5,Chronos-2,0.0007880855658907874,77.66666666666666,5
valve1_0,Accelerometer2RMS,RPM 20%,5,TimesFM-2.5,0.0008293544110238801,71.66666666666667,5
valve1_0,Accelerometer2RMS,RPM 20%,5,TiRex,0.0008276706169632303,79.33333333333333,5
valve1_0,Accelerometer2RMS,RPM 20%,6,Chronos-2,0.0008217526257921502,75.0,5
valve1_0,Accelerometer2RMS,RPM 20%,6,TimesFM-2.5,0.0008283901004192557,72.33333333333334,5
valve1_0,Accelerometer2RMS,RPM 20%,6,TiRex,0.0008327201469674659,79.0,5
valve1_0,Accelerometer2RMS,RPM 20%,7,Chronos-2,0.0008323485393221594,75.33333333333333,5
valve1_0,Accelerometer2RMS,RPM 20%,7,TimesFM-2.5,0.0008275321583834327,72.33333333333334,5
valve1_0,Accelerometer2RMS,RPM 20%,7,TiRex,0.0008389109911844504,79.33333333333333,5
valve1_0,Accelerometer2RMS,RPM 20%,8,Chronos-2,0.0008202088343393924,77.33333333333333,5
valve1_0,Accelerometer2RMS,RPM 20%,8,TimesFM-2.5,0.0008347749483507084,71.66666666666667,5
valve1_0,Accelerometer2RMS,RPM 20%,8,TiRex,0.0008444332622553535,78.0,5
valve1_0,Accelerometer2RMS,RPM 20%,9,Chronos-2,0.0008093340411205994,77.0,5
valve1_0,Accelerometer2RMS,RPM 20%,9,TimesFM-2.5,0.000840047055827305,71.66666666666667,5
valve1_0,Accelerometer2RMS,RPM 20%,9,TiRex,0.0008393615936355882,78.33333333333333,5
valve1_0,Accelerometer2RMS,CBM 100,0,Chronos-2,0.0008290297552489036,71.66666666666667,5
valve1_0,Accelerometer2RMS,CBM 100,0,TimesFM-2.5,0.0008358902285822445,71.66666666666667,5
valve1_0,Accelerometer2RMS,CBM 100,0,TiRex,0.0008307683106083062,78.33333333333333,5
valve1_0,Accelerometer2RMS,CBM 100,1,Chronos-2,0.0008007860615913598,77.0,5
valve1_0,Accelerometer2RMS,CBM 100,1,TimesFM-2.5,0.0008271891177694251,74.33333333333333,5
valve1_0,Accelerometer2RMS,CBM 100,1,TiRex,0.0008205723779098824,80.0,5
valve1_0,Accelerometer2RMS,CBM 100,2,Chronos-2,0.0007828301062631225,76.33333333333333,5
valve1_0,Accelerometer2RMS,CBM 100,2,TimesFM-2.5,0.0008394370044770674,75.0,5
valve1_0,Accelerometer2RMS,CBM 100,2,TiRex,0.0008197925717440755,79.33333333333333,5
valve1_0,Accelerometer2RMS,CBM 100,3,Chronos-2,0.0007574269881260517,79.0,5
valve1_0,Accelerometer2RMS,CBM 100,3,TimesFM-2.5,0.0008445259908232758,74.66666666666667,5
valve1_0,Accelerometer2RMS,CBM 100,3,TiRex,0.0008310786110504894,79.33333333333333,5
valve1_0,Accelerometer2RMS,CBM 100,4,Chronos-2,0.0007686131664397995,76.66666666666667,5
valve1_0,Accelerometer2RMS,CBM 100,4,TimesFM-2.5,0.0008385869592241164,77.33333333333333,5
valve1_0,Accelerometer2RMS,CBM 100,4,TiRex,0.0008293034318165858,79.66666666666666,5
valve1_0,Accelerometer2RMS,CBM 100,5,Chronos-2,0.0007920654131270426,77.0,5
valve1_0,Accelerometer2RMS,CBM 100,5,TimesFM-2.5,0.00084686538247024,74.33333333333333,5
valve1_0,Accelerometer2RMS,CBM 100,5,TiRex,0.0008293321676204495,81.0,5
valve1_0,Accelerometer2RMS,CBM 100,6,Chronos-2,0.0007851806119722683,77.0,5
valve1_0,Accelerometer2RMS,CBM 100,6,TimesFM-2.5,0.0008319792344385391,75.66666666666667,5
valve1_0,Accelerometer2RMS,CBM 100,6,TiRex,0.0008251734356010339,78.66666666666666,5
valve1_0,Accelerometer2RMS,CBM 100,7,Chronos-2,0.0008225329485375956,73.0,5
valve1_0,Accelerometer2RMS,CBM 100,7,TimesFM-2.5,0.000818969387784334,75.0,5
valve1_0,Accelerometer2RMS,CBM 100,7,TiRex,0.0008245958655888448,79.33333333333333,5
valve1_0,Accelerometer2RMS,CBM 100,8,Chronos-2,0.0007882802794210056,76.33333333333333,5
valve1_0,Accelerometer2RMS,CBM 100,8,TimesFM-2.5,0.0008355946638032533,74.33333333333333,5
valve1_0,Accelerometer2RMS,CBM 100,8,TiRex,0.0008112725778476777,81.66666666666667,5
valve1_0,Accelerometer2RMS,CBM 100,9,Chronos-2,0.0008519856239147986,73.0,5
valve1_0,Accelerometer2RMS,CBM 100,9,TimesFM-2.5,0.0008469584904255074,73.0,5
valve1_0,Accelerometer2RMS,CBM 100,9,TiRex,0.0008181313514463302,81.33333333333333,5
valve1_0,Accelerometer2RMS,CBM 200,0,Chronos-2,0.00084138419354512,73.0,5
valve1_0,Accelerometer2RMS,CBM 200,0,TimesFM-2.5,0.0008488144939732072,74.33333333333333,5
valve1_0,Accelerometer2RMS,CBM 200,0,TiRex,0.0008425903878330436,79.0,5
valve1_0,Accelerometer2RMS,CBM 200,1,Chronos-2,0.0007569078610389653,79.66666666666666,5
valve1_0,Accelerometer2RMS,CBM 200,1,TimesFM-2.5,0.0008468128008996856,78.66666666666666,5
valve1_0,Accelerometer2RMS,CBM 200,1,TiRex,0.0008442440652903044,81.33333333333333,5
valve1_0,Accelerometer2RMS,CBM 200,2,Chronos-2,0.0008324501629300056,73.33333333333333,5
valve1_0,Accelerometer2RMS,CBM 200,2,TimesFM-2.5,0.0008292210533266798,76.66666666666667,5
valve1_0,Accelerometer2RMS,CBM 200,2,TiRex,0.0008516494307888212,79.33333333333333,5
valve1_0,Accelerometer2RMS,CBM 200,3,Chronos-2,0.0008446263520840711,72.33333333333334,5
valve1_0,Accelerometer2RMS,CBM 200,3,TimesFM-2.5,0.0008288069822283066,75.66666666666667,5
valve1_0,Accelerometer2RMS,CBM 200,3,TiRex,0.0008370584049233487,78.66666666666666,5
valve1_0,Accelerometer2RMS,CBM 200,4,Chronos-2,0.0008520408204637632,71.66666666666667,5
valve1_0,Accelerometer2RMS,CBM 200,4,TimesFM-2.5,0.0008419878051196708,74.66666666666667,5
valve1_0,Accelerometer2RMS,CBM 200,4,TiRex,0.000823669359660855,81.0,5
valve1_0,Accelerometer2RMS,CBM 200,5,Chronos-2,0.0008481897474504352,73.33333333333333,5
valve1_0,Accelerometer2RMS,CBM 200,5,TimesFM-2.5,0.0008406326859834796,75.0,5
valve1_0,Accelerometer2RMS,CBM 200,5,TiRex,0.0008230226638442606,80.33333333333333,5
valve1_0,Accelerometer2RMS,CBM 200,6,Chronos-2,0.0007591121336001618,78.33333333333333,5
valve1_0,Accelerometer2RMS,CBM 200,6,TimesFM-2.5,0.0008274103740552941,79.33333333333333,5
valve1_0,Accelerometer2RMS,CBM 200,6,TiRex,0.0008322939039302976,80.33333333333333,5
valve1_0,Accelerometer2RMS,CBM 200,7,Chronos-2,0.0007801695491191229,76.66666666666667,5
valve1_0,Accelerometer2RMS,CBM 200,7,TimesFM-2.5,0.0008122209303560253,80.66666666666666,5
valve1_0,Accelerometer2RMS,CBM 200,7,TiRex,0.0008214482898477815,81.0,5
valve1_0,Accelerometer2RMS,CBM 200,8,Chronos-2,0.0008131901185128724,75.0,5
valve1_0,Accelerometer2RMS,CBM 200,8,TimesFM-2.5,0.0008384457516840705,74.33333333333333,5
valve1_0,Accelerometer2RMS,CBM 200,8,TiRex,0.0008340347557841207,80.33333333333333,5
valve1_0,Accelerometer2RMS,CBM 200,9,Chronos-2,0.000762596345604049,78.33333333333333,5
valve1_0,Accelerometer2RMS,CBM 200,9,TimesFM-2.5,0.000831043276756605,81.33333333333333,5
valve1_0,Accelerometer2RMS,CBM 200,9,TiRex,0.0008253862278553632,82.33333333333334,5
valve1_0,Accelerometer2RMS,CBM 400,0,Chronos-2,0.0008214521430354859,75.66666666666667,5
valve1_0,Accelerometer2RMS,CBM 400,0,TimesFM-2.5,0.0008481620761465468,76.33333333333333,5
valve1_0,Accelerometer2RMS,CBM 400,0,TiRex,0.000851480169051683,80.0,5
valve1_0,Accelerometer2RMS,CBM 400,1,Chronos-2,0.0008025003867996344,76.0,5
valve1_0,Accelerometer2RMS,CBM 400,1,TimesFM-2.5,0.0008397527802822124,78.33333333333333,5
valve1_0,Accelerometer2RMS,CBM 400,1,TiRex,0.000824023380995641,81.33333333333333,5
valve1_0,Accelerometer2RMS,CBM 400,2,Chronos-2,0.0007557922188532997,80.0,5
valve1_0,Accelerometer2RMS,CBM 400,2,TimesFM-2.5,0.0008405733855513528,82.0,5
valve1_0,Accelerometer2RMS,CBM 400,2,TiRex,0.0008426225315300513,81.0,5
valve1_0,Accelerometer2RMS,CBM 400,3,Chronos-2,0.0007827994115223308,77.33333333333333,5
valve1_0,Accelerometer2RMS,CBM 400,3,TimesFM-2.5,0.0008603078605994148,77.33333333333333,5
valve1_0,Accelerometer2RMS,CBM 400,3,TiRex,0.0008350373818482176,81.33333333333333,5
valve1_0,Accelerometer2RMS,CBM 400,4,Chronos-2,0.0008068978164126861,78.33333333333333,5
valve1_0,Accelerometer2RMS,CBM 400,4,TimesFM-2.5,0.0008744671644932905,79.33333333333333,5
valve1_0,Accelerometer2RMS,CBM 400,4,TiRex,0.0008466653011773933,81.0,5
valve1_0,Accelerometer2RMS,CBM 400,5,Chronos-2,0.0007883627888481442,79.66666666666666,5
valve1_0,Accelerometer2RMS,CBM 400,5,TimesFM-2.5,0.0008509134123900363,80.66666666666666,5
valve1_0,Accelerometer2RMS,CBM 400,5,TiRex,0.0008306165442885801,81.33333333333333,5
valve1_0,Accelerometer2RMS,CBM 400,6,Chronos-2,0.0007937387528469788,78.33333333333333,5
valve1_0,Accelerometer2RMS,CBM 400,6,TimesFM-2.5,0.0008314707248507751,77.33333333333333,5
valve1_0,Accelerometer2RMS,CBM 400,6,TiRex,0.0008264847622433103,81.0,5
valve1_0,Accelerometer2RMS,CBM 400,7,Chronos-2,0.0008556639764564052,72.66666666666667,5
valve1_0,Accelerometer2RMS,CBM 400,7,TimesFM-2.5,0.0008473966520676067,76.33333333333333,5
valve1_0,Accelerometer2RMS,CBM 400,7,TiRex,0.0008389336444435641,79.0,5
valve1_0,Accelerometer2RMS,CBM 400,8,Chronos-2,0.0007818853539205201,79.33333333333333,5
valve1_0,Accelerometer2RMS,CBM 400,8,TimesFM-2.5,0.0008400437596803557,75.33333333333333,5
valve1_0,Accelerometer2RMS,CBM 400,8,TiRex,0.0008392484065006703,80.33333333333333,5
valve1_0,Accelerometer2RMS,CBM 400,9,Chronos-2,0.0007875528398764279,77.33333333333333,5
valve1_0,Accelerometer2RMS,CBM 400,9,TimesFM-2.5,0.0008503157519224874,81.0,5
valve1_0,Accelerometer2RMS,CBM 400,9,TiRex,0.0008342850583017539,81.33333333333333,5
valve1_0,Accelerometer2RMS,PAI +2σ at 1%,0,Chronos-2,0.000827867806554725,73.66666666666667,5
valve1_0,Accelerometer2RMS,PAI +2σ at 1%,0,TimesFM-2.5,0.0008361258310476999,73.0,5
valve1_0,Accelerometer2RMS,PAI +2σ at 1%,0,TiRex,0.0008178896215840488,80.0,5
valve1_0,Accelerometer2RMS,PAI +2σ at 1%,1,Chronos-2,0.0008261774226669975,72.66666666666667,5
valve1_0,Accelerometer2RMS,PAI +2σ at 1%,1,TimesFM-2.5,0.0008333531436350848,72.0,5
valve1_0,Accelerometer2RMS,PAI +2σ at 1%,1,TiRex,0.0008199801388245667,79.33333333333333,5
valve1_0,Accelerometer2RMS,PAI +2σ at 1%,2,Chronos-2,0.0008272194676682129,73.33333333333333,5
valve1_0,Accelerometer2RMS,PAI +2σ at 1%,2,TimesFM-2.5,0.0008357260052584651,73.0,5
valve1_0,Accelerometer2RMS,PAI +2σ at 1%,2,TiRex,0.0008181243897063436,81.0,5
valve1_0,Accelerometer2RMS,PAI +2σ at 1%,3,Chronos-2,0.0008294892395690807,73.33333333333333,5
valve1_0,Accelerometer2RMS,PAI +2σ at 1%,3,TimesFM-2.5,0.0008334591391517194,72.33333333333334,5
valve1_0,Accelerometer2RMS,PAI +2σ at 1%,3,TiRex,0.0008208796291094739,79.33333333333333,5
valve1_0,Accelerometer2RMS,PAI +2σ at 1%,4,Chronos-2,0.0008286421821925529,73.0,5
valve1_0,Accelerometer2RMS,PAI +2σ at 1%,4,TimesFM-2.5,0.0008344005635621628,72.33333333333334,5
valve1_0,Accelerometer2RMS,PAI +2σ at 1%,4,TiRex,0.0008268390580607492,78.66666666666666,5
valve1_0,Accelerometer2RMS,PAI +2σ at 1%,5,Chronos-2,0.0008306043296653024,73.0,5
valve1_0,Accelerometer2RMS,PAI +2σ at 1%,5,TimesFM-2.5,0.0008338636873056322,72.33333333333334,5
valve1_0,Accelerometer2RMS,PAI +2σ at 1%,5,TiRex,0.0008263633527151929,79.66666666666666,5
valve1_0,Accelerometer2RMS,PAI +2σ at 1%,6,Chronos-2,0.0008293436019446508,73.0,5
valve1_0,Accelerometer2RMS,PAI +2σ at 1%,6,TimesFM-2.5,0.0008313628380050898,73.0,5
valve1_0,Accelerometer2RMS,PAI +2σ at 1%,6,TiRex,0.000817464793445383,79.0,5
valve1_0,Accelerometer2RMS,PAI +2σ at 1%,7,Chronos-2,0.0008270698872773494,72.33333333333334,5
valve1_0,Accelerometer2RMS,PAI +2σ at 1%,7,TimesFM-2.5,0.0008365360005332204,72.66666666666667,5
valve1_0,Accelerometer2RMS,PAI +2σ at 1%,7,TiRex,0.0008197544021523471,79.66666666666666,5
valve1_0,Accelerometer2RMS,PAI +2σ at 1%,8,Chronos-2,0.0008261476628201944,73.66666666666667,5
valve1_0,Accelerometer2RMS,PAI +2σ at 1%,8,TimesFM-2.5,0.000834362537273046,73.33333333333333,5
valve1_0,Accelerometer2RMS,PAI +2σ at 1%,8,TiRex,0.0008220231309060377,80.0,5
valve1_0,Accelerometer2RMS,PAI +2σ at 1%,9,Chronos-2,0.0008296891611504697,73.66666666666667,5
valve1_0,Accelerometer2RMS,PAI +2σ at 1%,9,TimesFM-2.5,0.0008392564453700245,73.33333333333333,5
valve1_0,Accelerometer2RMS,PAI +2σ at 1%,9,TiRex,0.0008236992914174847,80.33333333333333,5
valve1_0,Accelerometer2RMS,PAI +3σ at 1%,0,Chronos-2,0.00082939809230813,74.66666666666667,5
valve1_0,Accelerometer2RMS,PAI +3σ at 1%,0,TimesFM-2.5,0.0008393161232836537,73.33333333333333,5
valve1_0,Accelerometer2RMS,PAI +3σ at 1%,0,TiRex,0.0008202763655194445,81.0,5
valve1_0,Accelerometer2RMS,PAI +3σ at 1%,1,Chronos-2,0.0008314919484447291,73.0,5
valve1_0,Accelerometer2RMS,PAI +3σ at 1%,1,TimesFM-2.5,0.000835817064444763,74.33333333333333,5
valve1_0,Accelerometer2RMS,PAI +3σ at 1%,1,TiRex,0.0008152166316684632,81.33333333333333,5
valve1_0,Accelerometer2RMS,PAI +3σ at 1%,2,Chronos-2,0.0008351062383813178,73.66666666666667,5
valve1_0,Accelerometer2RMS,PAI +3σ at 1%,2,TimesFM-2.5,0.0008434693861661364,74.66666666666667,5
valve1_0,Accelerometer2RMS,PAI +3σ at 1%,2,TiRex,0.0008264362167520538,79.0,5
valve1_0,Accelerometer2RMS,PAI +3σ at 1%,3,Chronos-2,0.0008317314566084562,73.33333333333333,5
valve1_0,Accelerometer2RMS,PAI +3σ at 1%,3,TimesFM-2.5,0.0008336707457402703,74.33333333333333,5
valve1_0,Accelerometer2RMS,PAI +3σ at 1%,3,TiRex,0.0008202155208705413,80.33333333333333,5
valve1_0,Accelerometer2RMS,PAI +3σ at 1%,4,Chronos-2,0.0008260173725196751,73.33333333333333,5
valve1_0,Accelerometer2RMS,PAI +3σ at 1%,4,TimesFM-2.5,0.0008414582880711788,73.66666666666667,5
valve1_0,Accelerometer2RMS,PAI +3σ at 1%,4,TiRex,0.000824978036512841,80.0,5
valve1_0,Accelerometer2RMS,PAI +3σ at 1%,5,Chronos-2,0.0008362957042741785,72.66666666666667,5
valve1_0,Accelerometer2RMS,PAI +3σ at 1%,5,TimesFM-2.5,0.000841314133418305,74.0,5
valve1_0,Accelerometer2RMS,PAI +3σ at 1%,5,TiRex,0.0008265797721701035,80.66666666666666,5
valve1_0,Accelerometer2RMS,PAI +3σ at 1%,6,Chronos-2,0.0008308058244825233,73.0,5
valve1_0,Accelerometer2RMS,PAI +3σ at 1%,6,TimesFM-2.5,0.0008350566615688366,74.0,5
valve1_0,Accelerometer2RMS,PAI +3σ at 1%,6,TiRex,0.000828522978333199,80.0,5
valve1_0,Accelerometer2RMS,PAI +3σ at 1%,7,Chronos-2,0.0008283611121099766,74.33333333333333,5
valve1_0,Accelerometer2RMS,PAI +3σ at 1%,7,TimesFM-2.5,0.000837166625874201,73.66666666666667,5
valve1_0,Accelerometer2RMS,PAI +3σ at 1%,7,TiRex,0.0008180590061908291,80.0,5
valve1_0,Accelerometer2RMS,PAI +3σ at 1%,8,Chronos-2,0.0008301834085810249,75.0,5
valve1_0,Accelerometer2RMS,PAI +3σ at 1%,8,TimesFM-2.5,0.000844919420780704,74.66666666666667,5
valve1_0,Accelerometer2RMS,PAI +3σ at 1%,8,TiRex,0.0008261876153560245,81.0,5
valve1_0,Accelerometer2RMS,PAI +3σ at 1%,9,Chronos-2,0.0008289045322376748,74.0,5
valve1_0,Accelerometer2RMS,PAI +3σ at 1%,9,TimesFM-2.5,0.0008402550187870556,73.33333333333333,5
valve1_0,Accelerometer2RMS,PAI +3σ at 1%,9,TiRex,0.0008139435102770166,81.66666666666667,5
valve1_0,Accelerometer2RMS,PAI +5σ at 1%,0,Chronos-2,0.0008272036292222824,75.0,5
valve1_0,Accelerometer2RMS,PAI +5σ at 1%,0,TimesFM-2.5,0.0008372044417392943,78.0,5
valve1_0,Accelerometer2RMS,PAI +5σ at 1%,0,TiRex,0.0008179283123483698,81.66666666666667,5
valve1_0,Accelerometer2RMS,PAI +5σ at 1%,1,Chronos-2,0.0008205727488711057,75.0,5
valve1_0,Accelerometer2RMS,PAI +5σ at 1%,1,TimesFM-2.5,0.0008406902471300545,77.33333333333333,5
valve1_0,Accelerometer2RMS,PAI +5σ at 1%,1,TiRex,0.0008190142704150339,80.66666666666666,5
valve1_0,Accelerometer2RMS,PAI +5σ at 1%,2,Chronos-2,0.0008275356688333874,74.33333333333333,5
valve1_0,Accelerometer2RMS,PAI +5σ at 1%,2,TimesFM-2.5,0.0008438559055206203,76.33333333333333,5
valve1_0,Accelerometer2RMS,PAI +5σ at 1%,2,TiRex,0.000820270376319787,81.0,5
valve1_0,Accelerometer2RMS,PAI +5σ at 1%,3,Chronos-2,0.0008291740348953013,73.66666666666667,5
valve1_0,Accelerometer2RMS,PAI +5σ at 1%,3,TimesFM-2.5,0.0008471070580127726,78.0,5
valve1_0,Accelerometer2RMS,PAI +5σ at 1%,3,TiRex,0.0008211782126745988,80.33333333333333,5
valve1_0,Accelerometer2RMS,PAI +5σ at 1%,4,Chronos-2,0.0008240293227765388,74.66666666666667,5
valve1_0,Accelerometer2RMS,PAI +5σ at 1%,4,TimesFM-2.5,0.000841689772082265,75.66666666666667,5
valve1_0,Accelerometer2RMS,PAI +5σ at 1%,4,TiRex,0.0008151977938567074,80.0,5
valve1_0,Accelerometer2RMS,PAI +5σ at 1%,5,Chronos-2,0.0008314561198336549,74.33333333333333,5
valve1_0,Accelerometer2RMS,PAI +5σ at 1%,5,TimesFM-2.5,0.0008406333610000372,77.66666666666666,5
valve1_0,Accelerometer2RMS,PAI +5σ at 1%,5,TiRex,0.0008208783396170488,79.66666666666666,5
valve1_0,Accelerometer2RMS,PAI +5σ at 1%,6,Chronos-2,0.0008268682524022279,73.66666666666667,5
valve1_0,Accelerometer2RMS,PAI +5σ at 1%,6,TimesFM-2.5,0.0008394316365567645,77.66666666666666,5
valve1_0,Accelerometer2RMS,PAI +5σ at 1%,6,TiRex,0.0008149013744618785,81.0,5
valve1_0,Accelerometer2RMS,PAI +5σ at 1%,7,Chronos-2,0.0008219756038508686,75.0,5
valve1_0,Accelerometer2RMS,PAI +5σ at 1%,7,TimesFM-2.5,0.0008358994004308084,77.33333333333333,5
valve1_0,Accelerometer2RMS,PAI +5σ at 1%,7,TiRex,0.0008177538570827017,80.0,5
valve1_0,Accelerometer2RMS,PAI +5σ at 1%,8,Chronos-2,0.0008271103797222106,75.33333333333333,5
valve1_0,Accelerometer2RMS,PAI +5σ at 1%,8,TimesFM-2.5,0.0008455700109293053,77.0,5
valve1_0,Accelerometer2RMS,PAI +5σ at 1%,8,TiRex,0.000815966361137151,80.66666666666666,5
valve1_0,Accelerometer2RMS,PAI +5σ at 1%,9,Chronos-2,0.0008274710161774402,75.0,5
valve1_0,Accelerometer2RMS,PAI +5σ at 1%,9,TimesFM-2.5,0.0008390571103615979,79.0,5
valve1_0,Accelerometer2RMS,PAI +5σ at 1%,9,TiRex,0.0008228195383821416,81.0,5
valve1_0,Current,Clean,0,Chronos-2,0.23392105189453974,77.33333333333333,5
valve1_0,Current,Clean,0,TimesFM-2.5,0.23269315376232105,77.66666666666666,5
valve1_0,Current,Clean,0,TiRex,0.23949275390584304,82.33333333333334,5
valve1_0,Current,RPM 5%,0,Chronos-2,0.23307789707907375,79.0,5
valve1_0,Current,RPM 5%,0,TimesFM-2.5,0.2328964039629008,77.66666666666666,5
valve1_0,Current,RPM 5%,0,TiRex,0.23866408958813037,82.66666666666667,5
valve1_0,Current,RPM 5%,1,Chronos-2,0.23401888472118498,79.0,5
valve1_0,Current,RPM 5%,1,TimesFM-2.5,0.23508639064756767,77.66666666666666,5
valve1_0,Current,RPM 5%,1,TiRex,0.2393921214982763,82.66666666666667,5
valve1_0,Current,RPM 5%,2,Chronos-2,0.23635991219319324,79.0,5
valve1_0,Current,RPM 5%,2,TimesFM-2.5,0.23180450639188968,77.66666666666666,5
valve1_0,Current,RPM 5%,2,TiRex,0.23824201364199096,82.66666666666667,5
valve1_0,Current,RPM 5%,3,Chronos-2,0.2313136586537266,78.33333333333333,5
valve1_0,Current,RPM 5%,3,TimesFM-2.5,0.2328460989453425,78.33333333333333,5
valve1_0,Current,RPM 5%,3,TiRex,0.24150616086065482,83.33333333333334,5
valve1_0,Current,RPM 5%,4,Chronos-2,0.2320357231444699,78.33333333333333,5
valve1_0,Current,RPM 5%,4,TimesFM-2.5,0.23258572041640022,78.0,5
valve1_0,Current,RPM 5%,4,TiRex,0.23642602322549744,83.66666666666667,5
valve1_0,Current,RPM 5%,5,Chronos-2,0.2346598609913655,78.66666666666666,5
valve1_0,Current,RPM 5%,5,TimesFM-2.5,0.23575064010027924,78.0,5
valve1_0,Current,RPM 5%,5,TiRex,0.23642587921813008,83.33333333333334,5
valve1_0,Current,RPM 5%,6,Chronos-2,0.23487569588099472,78.33333333333333,5
valve1_0,Current,RPM 5%,6,TimesFM-2.5,0.23331675992194276,77.33333333333333,5
valve1_0,Current,RPM 5%,6,TiRex,0.23780082688721157,83.0,5
valve1_0,Current,RPM 5%,7,Chronos-2,0.23586725139751086,77.66666666666666,5
valve1_0,Current,RPM 5%,7,TimesFM-2.5,0.23465143099157046,77.33333333333333,5
valve1_0,Current,RPM 5%,7,TiRex,0.23542127695913367,83.0,5
valve1_0,Current,RPM 5%,8,Chronos-2,0.23309640272279314,78.66666666666666,5
valve1_0,Current,RPM 5%,8,TimesFM-2.5,0.2327209073256659,77.33333333333333,5
valve1_0,Current,RPM 5%,8,TiRex,0.23671114503184734,82.33333333333334,5
valve1_0,Current,RPM 5%,9,Chronos-2,0.23010767862616757,79.0,5
valve1_0,Current,RPM 5%,9,TimesFM-2.5,0.23360755579839348,78.66666666666666,5
valve1_0,Current,RPM 5%,9,TiRex,0.23683994563116093,83.33333333333334,5
valve1_0,Current,RPM 10%,0,Chronos-2,0.2352474082147233,77.0,5
valve1_0,Current,RPM 10%,0,TimesFM-2.5,0.23272645790369725,76.66666666666667,5
valve1_0,Current,RPM 10%,0,TiRex,0.23801835340450592,83.0,5
valve1_0,Current,RPM 10%,1,Chronos-2,0.2383312028680174,77.0,5
valve1_0,Current,RPM 10%,1,TimesFM-2.5,0.23553740697475184,78.0,5
valve1_0,Current,RPM 10%,1,TiRex,0.2374504177472972,83.66666666666667,5
valve1_0,Current,RPM 10%,2,Chronos-2,0.2330884171042557,78.33333333333333,5
valve1_0,Current,RPM 10%,2,TimesFM-2.5,0.2311707319654813,77.66666666666666,5
valve1_0,Current,RPM 10%,2,TiRex,0.23816849550421712,82.66666666666667,5
valve1_0,Current,RPM 10%,3,Chronos-2,0.23216207576080924,79.66666666666666,5
valve1_0,Current,RPM 10%,3,TimesFM-2.5,0.23326227493972163,78.66666666666666,5
valve1_0,Current,RPM 10%,3,TiRex,0.23523298417974503,83.33333333333334,5
valve1_0,Current,RPM 10%,4,Chronos-2,0.23892737027796193,76.66666666666667,5
valve1_0,Current,RPM 10%,4,TimesFM-2.5,0.23552906345646882,77.33333333333333,5
valve1_0,Current,RPM 10%,4,TiRex,0.23735638584814303,82.33333333333334,5
valve1_0,Current,RPM 10%,5,Chronos-2,0.22861403714668782,78.66666666666666,5
valve1_0,Current,RPM 10%,5,TimesFM-2.5,0.23062465872982252,77.66666666666666,5
valve1_0,Current,RPM 10%,5,TiRex,0.2384519872787383,82.33333333333334,5
valve1_0,Current,RPM 10%,6,Chronos-2,0.23022020615516062,78.66666666666666,5
valve1_0,Current,RPM 10%,6,TimesFM-2.5,0.23167569286158918,78.66666666666666,5
valve1_0,Current,RPM 10%,6,TiRex,0.23381497475560303,83.66666666666667,5
valve1_0,Current,RPM 10%,7,Chronos-2,0.2320035341993915,79.0,5
valve1_0,Current,RPM 10%,7,TimesFM-2.5,0.23600695307354366,76.33333333333333,5
valve1_0,Current,RPM 10%,7,TiRex,0.23435367275770294,83.33333333333334,5
valve1_0,Current,RPM 10%,8,Chronos-2,0.23345480845392852,78.33333333333333,5
valve1_0,Current,RPM 10%,8,TimesFM-2.5,0.23476129685660255,78.33333333333333,5
valve1_0,Current,RPM 10%,8,TiRex,0.23709565996485188,83.0,5
valve1_0,Current,RPM 10%,9,Chronos-2,0.230418044552096,79.66666666666666,5
valve1_0,Current,RPM 10%,9,TimesFM-2.5,0.2283286474571854,78.0,5
valve1_0,Current,RPM 10%,9,TiRex,0.2376462058128021,83.33333333333334,5
valve1_0,Current,RPM 20%,0,Chronos-2,0.2344087780119181,78.33333333333333,5
valve1_0,Current,RPM 20%,0,TimesFM-2.5,0.2306057252275411,78.0,5
valve1_0,Current,RPM 20%,0,TiRex,0.23050658388919165,84.33333333333334,5
valve1_0,Current,RPM 20%,1,Chronos-2,0.2321399767318737,77.66666666666666,5
valve1_0,Current,RPM 20%,1,TimesFM-2.5,0.22692643697708187,79.0,5
valve1_0,Current,RPM 20%,1,TiRex,0.23587059054478582,84.33333333333334,5
valve1_0,Current,RPM 20%,2,Chronos-2,0.23413311916002005,78.0,5
valve1_0,Current,RPM 20%,2,TimesFM-2.5,0.23250003732296148,78.33333333333333,5
valve1_0,Current,RPM 20%,2,TiRex,0.23756941844590332,83.66666666666667,5
valve1_0,Current,RPM 20%,3,Chronos-2,0.23421172453567132,77.66666666666666,5
valve1_0,Current,RPM 20%,3,TimesFM-2.5,0.2289110267196936,78.33333333333333,5
valve1_0,Current,RPM 20%,3,TiRex,0.23738643487603941,83.66666666666667,5
valve1_0,Current,RPM 20%,4,Chronos-2,0.2290902093127788,78.66666666666666,5
valve1_0,Current,RPM 20%,4,TimesFM-2.5,0.22423435523014318,78.66666666666666,5
valve1_0,Current,RPM 20%,4,TiRex,0.2315520801745652,84.66666666666667,5
valve1_0,Current,RPM 20%,5,Chronos-2,0.23527488041827235,77.33333333333333,5
valve1_0,Current,RPM 20%,5,TimesFM-2.5,0.2328128999112172,79.33333333333333,5
valve1_0,Current,RPM 20%,5,TiRex,0.2399993830882636,83.66666666666667,5
valve1_0,Current,RPM 20%,6,Chronos-2,0.23294707291696798,79.0,5
valve1_0,Current,RPM 20%,6,TimesFM-2.5,0.23530873097040425,77.33333333333333,5
valve1_0,Current,RPM 20%,6,TiRex,0.23776851453410705,83.33333333333334,5
valve1_0,Current,RPM 20%,7,Chronos-2,0.23049466813234806,78.0,5
valve1_0,Current,RPM 20%,7,TimesFM-2.5,0.23298218018496056,78.66666666666666,5
valve1_0,Current,RPM 20%,7,TiRex,0.23526135829151384,83.33333333333334,5
valve1_0,Current,RPM 20%,8,Chronos-2,0.23302341449385702,78.66666666666666,5
valve1_0,Current,RPM 20%,8,TimesFM-2.5,0.22746418781484426,81.33333333333333,5
valve1_0,Current,RPM 20%,8,TiRex,0.2322441449958813,84.66666666666667,5
valve1_0,Current,RPM 20%,9,Chronos-2,0.23453265639527643,77.33333333333333,5
valve1_0,Current,RPM 20%,9,TimesFM-2.5,0.23035882051980378,77.66666666666666,5
valve1_0,Current,RPM 20%,9,TiRex,0.23138526820813138,83.33333333333334,5
valve1_0,Current,CBM 100,0,Chronos-2,0.23299557333810314,77.66666666666666,5
valve1_0,Current,CBM 100,0,TimesFM-2.5,0.2354191875027817,79.33333333333333,5
valve1_0,Current,CBM 100,0,TiRex,0.24096533180268834,83.0,5
valve1_0,Current,CBM 100,1,Chronos-2,0.23349913965516006,76.66666666666667,5
valve1_0,Current,CBM 100,1,TimesFM-2.5,0.23966087986631823,79.33333333333333,5
valve1_0,Current,CBM 100,1,TiRex,0.24044861187223768,83.66666666666667,5
valve1_0,Current,CBM 100,2,Chronos-2,0.23369854845760255,78.66666666666666,5
valve1_0,Current,CBM 100,2,TimesFM-2.5,0.24250829751862366,80.0,5
valve1_0,Current,CBM 100,2,TiRex,0.24459346223076775,82.66666666666667,5
valve1_0,Current,CBM 100,3,Chronos-2,0.2367134103660763,78.66666666666666,5
valve1_0,Current,CBM 100,3,TimesFM-2.5,0.23523400184291918,80.66666666666666,5
valve1_0,Current,CBM 100,3,TiRex,0.25021835823586563,82.66666666666667,5
valve1_0,Current,CBM 100,4,Chronos-2,0.2397910698322128,77.0,5
valve1_0,Current,CBM 100,4,TimesFM-2.5,0.23579649998819752,80.33333333333333,5
valve1_0,Current,CBM 100,4,TiRex,0.2389636662699041,83.33333333333334,5
valve1_0,Current,CBM 100,5,Chronos-2,0.23298716172127384,79.33333333333333,5
valve1_0,Current,CBM 100,5,TimesFM-2.5,0.23859881622926493,81.0,5
valve1_0,Current,CBM 100,5,TiRex,0.24124133241713286,84.0,5
valve1_0,Current,CBM 100,6,Chronos-2,0.23748160544283362,77.33333333333333,5
valve1_0,Current,CBM 100,6,TimesFM-2.5,0.2367561318407712,78.66666666666666,5
valve1_0,Current,CBM 100,6,TiRex,0.24375003319968117,82.0,5
valve1_0,Current,CBM 100,7,Chronos-2,0.24038438151486663,77.66666666666666,5
valve1_0,Current,CBM 100,7,TimesFM-2.5,0.23791187467152372,81.0,5
valve1_0,Current,CBM 100,7,TiRex,0.24602428338374652,83.0,5
valve1_0,Current,CBM 100,8,Chronos-2,0.23070959133131222,79.33333333333333,5
valve1_0,Current,CBM 100,8,TimesFM-2.5,0.24101263265945466,81.66666666666667,5
valve1_0,Current,CBM 100,8,TiRex,0.24869672815650695,82.66666666666667,5
valve1_0,Current,CBM 100,9,Chronos-2,0.22945589275798584,80.0,5
valve1_0,Current,CBM 100,9,TimesFM-2.5,0.23416874381703282,80.66666666666666,5
valve1_0,Current,CBM 100,9,TiRex,0.24569073669613173,83.33333333333334,5
valve1_0,Current,CBM 200,0,Chronos-2,0.23839811695096036,81.66666666666667,5
valve1_0,Current,CBM 200,0,TimesFM-2.5,0.24965234827401814,80.33333333333333,5
valve1_0,Current,CBM 200,0,TiRex,0.2578248817293349,81.66666666666667,5
valve1_0,Current,CBM 200,1,Chronos-2,0.23639327714006317,76.33333333333333,5
valve1_0,Current,CBM 200,1,TimesFM-2.5,0.2523264920957121,77.66666666666666,5
valve1_0,Current,CBM 200,1,TiRex,0.24722185114997858,82.66666666666667,5
valve1_0,Current,CBM 200,2,Chronos-2,0.2387712757064397,76.66666666666667,5
valve1_0,Current,CBM 200,2,TimesFM-2.5,0.26795626251174043,74.66666666666667,5
valve1_0,Current,CBM 200,2,TiRex,0.2426735307275235,83.0,5
valve1_0,Current,CBM 200,3,Chronos-2,0.23863868615896544,76.33333333333333,5
valve1_0,Current,CBM 200,3,TimesFM-2.5,0.24779698269027384,77.66666666666666,5
valve1_0,Current,CBM 200,3,TiRex,0.2443631978257921,82.0,5
valve1_0,Current,CBM 200,4,Chronos-2,0.24391425561363236,79.33333333333333,5
valve1_0,Current,CBM 200,4,TimesFM-2.5,0.2597766102307123,79.33333333333333,5
valve1_0,Current,CBM 200,4,TiRex,0.2646576262213319,80.66666666666666,5
valve1_0,Current,CBM 200,5,Chronos-2,0.23875533246975916,76.66666666666667,5
valve1_0,Current,CBM 200,5,TimesFM-2.5,0.24202987039835566,80.33333333333333,5
valve1_0,Current,CBM 200,5,TiRex,0.2518904188201927,82.33333333333334,5
valve1_0,Current,CBM 200,6,Chronos-2,0.230021102016046,79.66666666666666,5
valve1_0,Current,CBM 200,6,TimesFM-2.5,0.2443541328904125,80.33333333333333,5
valve1_0,Current,CBM 200,6,TiRex,0.2470418784590224,83.33333333333334,5
valve1_0,Current,CBM 200,7,Chronos-2,0.2450646085593096,76.33333333333333,5
valve1_0,Current,CBM 200,7,TimesFM-2.5,0.2594819585628168,76.66666666666667,5
valve1_0,Current,CBM 200,7,TiRex,0.24981367670047466,83.33333333333334,5
valve1_0,Current,CBM 200,8,Chronos-2,0.23631827125679247,77.33333333333333,5
valve1_0,Current,CBM 200,8,TimesFM-2.5,0.23815146950079005,79.0,5
valve1_0,Current,CBM 200,8,TiRex,0.24805236455181584,82.33333333333334,5
valve1_0,Current,CBM 200,9,Chronos-2,0.23775500162297353,74.66666666666667,5
valve1_0,Current,CBM 200,9,TimesFM-2.5,0.2670500605581086,76.33333333333333,5
valve1_0,Current,CBM 200,9,TiRex,0.24950794644407515,83.0,5
valve1_0,Current,CBM 400,0,Chronos-2,0.2580453397374218,75.66666666666667,5
valve1_0,Current,CBM 400,0,TimesFM-2.5,0.2772024636485711,78.0,5
valve1_0,Current,CBM 400,0,TiRex,0.2714593835694899,77.66666666666666,5
valve1_0,Current,CBM 400,1,Chronos-2,0.2504177402915361,77.33333333333333,5
valve1_0,Current,CBM 400,1,TimesFM-2.5,0.2735288660817995,73.66666666666667,5
valve1_0,Current,CBM 400,1,TiRex,0.2635670600599569,79.33333333333333,5
valve1_0,Current,CBM 400,2,Chronos-2,0.2871723549997318,70.33333333333334,5
valve1_0,Current,CBM 400,2,TimesFM-2.5,0.2711401051568206,76.33333333333333,5
valve1_0,Current,CBM 400,2,TiRex,0.2873582500496397,75.66666666666667,5
valve1_0,Current,CBM 400,3,Chronos-2,0.24529238250564733,77.66666666666666,5
valve1_0,Current,CBM 400,3,TimesFM-2.5,0.2709913311445833,81.33333333333333,5
valve1_0,Current,CBM 400,3,TiRex,0.25874669649825704,81.33333333333333,5
valve1_0,Current,CBM 400,4,Chronos-2,0.2943049903964879,67.33333333333333,5
valve1_0,Current,CBM 400,4,TimesFM-2.5,0.27804982133695283,74.66666666666667,5
valve1_0,Current,CBM 400,4,TiRex,0.29593142878736556,73.33333333333333,5
valve1_0,Current,CBM 400,5,Chronos-2,0.25872534629180705,75.66666666666667,5
valve1_0,Current,CBM 400,5,TimesFM-2.5,0.26257236401764655,79.33333333333333,5
valve1_0,Current,CBM 400,5,TiRex,0.26550542535882693,80.33333333333333,5
valve1_0,Current,CBM 400,6,Chronos-2,0.25234337585952654,76.33333333333333,5
valve1_0,Current,CBM 400,6,TimesFM-2.5,0.2616786602567057,79.33333333333333,5
valve1_0,Current,CBM 400,6,TiRex,0.2609972966217046,79.0,5
valve1_0,Current,CBM 400,7,Chronos-2,0.25356415402585764,75.33333333333333,5
valve1_0,Current,CBM 400,7,TimesFM-2.5,0.2592861601913281,79.66666666666666,5
valve1_0,Current,CBM 400,7,TiRex,0.26554630572325094,76.66666666666667,5
valve1_0,Current,CBM 400,8,Chronos-2,0.24550654684633774,77.33333333333333,5
valve1_0,Current,CBM 400,8,TimesFM-2.5,0.26908936740503037,77.66666666666666,5
valve1_0,Current,CBM 400,8,TiRex,0.2595097830829689,81.33333333333333,5
valve1_0,Current,CBM 400,9,Chronos-2,0.2591412394834261,76.33333333333333,5
valve1_0,Current,CBM 400,9,TimesFM-2.5,0.2776583816946173,75.66666666666667,5
valve1_0,Current,CBM 400,9,TiRex,0.2621443117196489,80.33333333333333,5
valve1_0,Current,PAI +2σ at 1%,0,Chronos-2,0.22977973984561678,79.66666666666666,5
valve1_0,Current,PAI +2σ at 1%,0,TimesFM-2.5,0.22942496520921923,79.66666666666666,5
valve1_0,Current,PAI +2σ at 1%,0,TiRex,0.23801205356028485,84.0,5
valve1_0,Current,PAI +2σ at 1%,1,Chronos-2,0.2326134674862567,77.0,5
valve1_0,Current,PAI +2σ at 1%,1,TimesFM-2.5,0.2319227061334469,79.66666666666666,5
valve1_0,Current,PAI +2σ at 1%,1,TiRex,0.23967055619129476,83.66666666666667,5
valve1_0,Current,PAI +2σ at 1%,2,Chronos-2,0.2364606192529842,75.0,5
valve1_0,Current,PAI +2σ at 1%,2,TimesFM-2.5,0.23461948426977783,79.0,5
valve1_0,Current,PAI +2σ at 1%,2,TiRex,0.24460638189647602,81.66666666666667,5
valve1_0,Current,PAI +2σ at 1%,3,Chronos-2,0.23270107919897598,78.33333333333333,5
valve1_0,Current,PAI +2σ at 1%,3,TimesFM-2.5,0.23306825139684315,79.0,5
valve1_0,Current,PAI +2σ at 1%,3,TiRex,0.23839744630652426,81.66666666666667,5
valve1_0,Current,PAI +2σ at 1%,4,Chronos-2,0.23425829838330853,77.33333333333333,5
valve1_0,Current,PAI +2σ at 1%,4,TimesFM-2.5,0.23538378479994385,79.33333333333333,5
valve1_0,Current,PAI +2σ at 1%,4,TiRex,0.24020007560137835,83.66666666666667,5
valve1_0,Current,PAI +2σ at 1%,5,Chronos-2,0.23329565282786613,78.0,5
valve1_0,Current,PAI +2σ at 1%,5,TimesFM-2.5,0.23373398284472108,78.66666666666666,5
valve1_0,Current,PAI +2σ at 1%,5,TiRex,0.2379854144544055,83.33333333333334,5
valve1_0,Current,PAI +2σ at 1%,6,Chronos-2,0.2327493346976159,77.33333333333333,5
valve1_0,Current,PAI +2σ at 1%,6,TimesFM-2.5,0.23391316560343386,78.0,5
valve1_0,Current,PAI +2σ at 1%,6,TiRex,0.23799879478002056,83.0,5
valve1_0,Current,PAI +2σ at 1%,7,Chronos-2,0.2345388478357011,77.33333333333333,5
valve1_0,Current,PAI +2σ at 1%,7,TimesFM-2.5,0.2340253165056366,80.33333333333333,5
valve1_0,Current,PAI +2σ at 1%,7,TiRex,0.23776392465229484,84.0,5
valve1_0,Current,PAI +2σ at 1%,8,Chronos-2,0.2338650790798283,78.0,5
valve1_0,Current,PAI +2σ at 1%,8,TimesFM-2.5,0.23097341922321168,78.66666666666666,5
valve1_0,Current,PAI +2σ at 1%,8,TiRex,0.23643016405163747,82.66666666666667,5
valve1_0,Current,PAI +2σ at 1%,9,Chronos-2,0.2314638761103135,78.66666666666666,5
valve1_0,Current,PAI +2σ at 1%,9,TimesFM-2.5,0.2321385848104471,78.33333333333333,5
valve1_0,Current,PAI +2σ at 1%,9,TiRex,0.23746249383097875,82.66666666666667,5
valve1_0,Current,PAI +3σ at 1%,0,Chronos-2,0.2321351040618536,78.66666666666666,5
valve1_0,Current,PAI +3σ at 1%,0,TimesFM-2.5,0.23523153433726376,79.0,5
valve1_0,Current,PAI +3σ at 1%,0,TiRex,0.2359678394617657,83.66666666666667,5
valve1_0,Current,PAI +3σ at 1%,1,Chronos-2,0.2338161145237201,77.0,5
valve1_0,Current,PAI +3σ at 1%,1,TimesFM-2.5,0.23344383799830573,79.33333333333333,5
valve1_0,Current,PAI +3σ at 1%,1,TiRex,0.23971312317340077,82.66666666666667,5
valve1_0,Current,PAI +3σ at 1%,2,Chronos-2,0.23083835148482149,78.66666666666666,5
valve1_0,Current,PAI +3σ at 1%,2,TimesFM-2.5,0.23074409314401598,79.33333333333333,5
valve1_0,Current,PAI +3σ at 1%,2,TiRex,0.2375817796109388,83.33333333333334,5
valve1_0,Current,PAI +3σ at 1%,3,Chronos-2,0.23125631147675213,78.33333333333333,5
valve1_0,Current,PAI +3σ at 1%,3,TimesFM-2.5,0.23432430344530752,81.66666666666667,5
valve1_0,Current,PAI +3σ at 1%,3,TiRex,0.23541177139708336,83.66666666666667,5
valve1_0,Current,PAI +3σ at 1%,4,Chronos-2,0.23116212326295016,79.66666666666666,5
valve1_0,Current,PAI +3σ at 1%,4,TimesFM-2.5,0.23415237630956395,80.33333333333333,5
valve1_0,Current,PAI +3σ at 1%,4,TiRex,0.24079671104581632,83.66666666666667,5
valve1_0,Current,PAI +3σ at 1%,5,Chronos-2,0.2323572593561129,78.0,5
valve1_0,Current,PAI +3σ at 1%,5,TimesFM-2.5,0.2311298837042085,78.66666666666666,5
valve1_0,Current,PAI +3σ at 1%,5,TiRex,0.23975548814953193,82.66666666666667,5
valve1_0,Current,PAI +3σ at 1%,6,Chronos-2,0.23236376324996572,78.0,5
valve1_0,Current,PAI +3σ at 1%,6,TimesFM-2.5,0.23193797192339513,80.33333333333333,5
valve1_0,Current,PAI +3σ at 1%,6,TiRex,0.24195155053503137,84.0,5
valve1_0,Current,PAI +3σ at 1%,7,Chronos-2,0.23352409566469973,78.66666666666666,5
valve1_0,Current,PAI +3σ at 1%,7,TimesFM-2.5,0.23467274291554802,79.0,5
valve1_0,Current,PAI +3σ at 1%,7,TiRex,0.242250128223926,82.33333333333334,5
valve1_0,Current,PAI +3σ at 1%,8,Chronos-2,0.233136628021937,78.66666666666666,5
valve1_0,Current,PAI +3σ at 1%,8,TimesFM-2.5,0.2301000080547928,80.66666666666666,5
valve1_0,Current,PAI +3σ at 1%,8,TiRex,0.23833732148860468,83.0,5
valve1_0,Current,PAI +3σ at 1%,9,Chronos-2,0.23188416647902155,79.0,5
valve1_0,Current,PAI +3σ at 1%,9,TimesFM-2.5,0.23559006053593437,80.66666666666666,5
valve1_0,Current,PAI +3σ at 1%,9,TiRex,0.23789551931945838,83.66666666666667,5
valve1_0,Current,PAI +5σ at 1%,0,Chronos-2,0.2301226915112296,78.33333333333333,5
valve1_0,Current,PAI +5σ at 1%,0,TimesFM-2.5,0.2273508255682376,81.33333333333333,5
valve1_0,Current,PAI +5σ at 1%,0,TiRex,0.23841630725774987,83.0,5
valve1_0,Current,PAI +5σ at 1%,1,Chronos-2,0.23002280713337608,78.66666666666666,5
valve1_0,Current,PAI +5σ at 1%,1,TimesFM-2.5,0.2314465992182713,81.33333333333333,5
valve1_0,Current,PAI +5σ at 1%,1,TiRex,0.23987277810240476,82.33333333333334,5
valve1_0,Current,PAI +5σ at 1%,2,Chronos-2,0.22856652598306182,79.66666666666666,5
valve1_0,Current,PAI +5σ at 1%,2,TimesFM-2.5,0.22873917845658617,81.33333333333333,5
valve1_0,Current,PAI +5σ at 1%,2,TiRex,0.23890386064718994,83.33333333333334,5
valve1_0,Current,PAI +5σ at 1%,3,Chronos-2,0.23088035607842378,78.66666666666666,5
valve1_0,Current,PAI +5σ at 1%,3,TimesFM-2.5,0.22953335514613743,81.33333333333333,5
valve1_0,Current,PAI +5σ at 1%,3,TiRex,0.23617451042461865,83.33333333333334,5
valve1_0,Current,PAI +5σ at 1%,4,Chronos-2,0.22841865495794533,78.0,5
valve1_0,Current,PAI +5σ at 1%,4,TimesFM-2.5,0.22981655771723122,80.66666666666666,5
valve1_0,Current,PAI +5σ at 1%,4,TiRex,0.24009424527816883,83.66666666666667,5
valve1_0,Current,PAI +5σ at 1%,5,Chronos-2,0.22912214995527133,79.0,5
valve1_0,Current,PAI +5σ at 1%,5,TimesFM-2.5,0.23101541881439208,81.33333333333333,5
valve1_0,Current,PAI +5σ at 1%,5,TiRex,0.23838059554066143,82.66666666666667,5
valve1_0,Current,PAI +5σ at 1%,6,Chronos-2,0.23126750003279867,79.66666666666666,5
valve1_0,Current,PAI +5σ at 1%,6,TimesFM-2.5,0.23412150874722798,80.33333333333333,5
valve1_0,Current,PAI +5σ at 1%,6,TiRex,0.24047787289191852,83.66666666666667,5
valve1_0,Current,PAI +5σ at 1%,7,Chronos-2,0.23141386574657793,78.33333333333333,5
valve1_0,Current,PAI +5σ at 1%,7,TimesFM-2.5,0.22932833728064358,80.66666666666666,5
valve1_0,Current,PAI +5σ at 1%,7,TiRex,0.23767427794620355,83.66666666666667,5
valve1_0,Current,PAI +5σ at 1%,8,Chronos-2,0.22833083750039834,79.33333333333333,5
valve1_0,Current,PAI +5σ at 1%,8,TimesFM-2.5,0.22952471456104911,81.0,5
valve1_0,Current,PAI +5σ at 1%,8,TiRex,0.23951505762565448,83.66666666666667,5
valve1_0,Current,PAI +5σ at 1%,9,Chronos-2,0.2343947611283079,78.66666666666666,5
valve1_0,Current,PAI +5σ at 1%,9,TimesFM-2.5,0.23189015810462582,81.33333333333333,5
valve1_0,Current,PAI +5σ at 1%,9,TiRex,0.24333306735765314,81.66666666666667,5
valve1_0,FlowRate,Clean,0,Chronos-2,0.4742866890189652,86.33333333333333,5
valve1_0,FlowRate,Clean,0,TimesFM-2.5,0.46322240866974435,83.66666666666667,5
valve1_0,FlowRate,Clean,0,TiRex,0.4722932714339456,89.0,5
valve1_0,FlowRate,RPM 5%,0,Chronos-2,0.47778281352314406,85.66666666666667,5
valve1_0,FlowRate,RPM 5%,0,TimesFM-2.5,0.46492415078454125,83.0,5
valve1_0,FlowRate,RPM 5%,0,TiRex,0.4723322981639296,86.66666666666667,5
valve1_0,FlowRate,RPM 5%,1,Chronos-2,0.4767217649761325,86.33333333333333,5
valve1_0,FlowRate,RPM 5%,1,TimesFM-2.5,0.4644071665450137,84.33333333333334,5
valve1_0,FlowRate,RPM 5%,1,TiRex,0.4718788642816042,88.0,5
valve1_0,FlowRate,RPM 5%,2,Chronos-2,0.47497995146766436,86.33333333333333,5
valve1_0,FlowRate,RPM 5%,2,TimesFM-2.5,0.46520441166216014,84.33333333333334,5
valve1_0,FlowRate,RPM 5%,2,TiRex,0.4712057599105838,88.0,5
valve1_0,FlowRate,RPM 5%,3,Chronos-2,0.4758748698290244,85.66666666666667,5
valve1_0,FlowRate,RPM 5%,3,TimesFM-2.5,0.46438524476495774,84.33333333333334,5
valve1_0,FlowRate,RPM 5%,3,TiRex,0.47236137892633195,88.0,5
valve1_0,FlowRate,RPM 5%,4,Chronos-2,0.4764618993641182,84.33333333333334,5
valve1_0,FlowRate,RPM 5%,4,TimesFM-2.5,0.4663398247229517,81.33333333333333,5
valve1_0,FlowRate,RPM 5%,4,TiRex,0.47269466033041674,87.66666666666667,5
valve1_0,FlowRate,RPM 5%,5,Chronos-2,0.4767690057806273,85.33333333333334,5
valve1_0,FlowRate,RPM 5%,5,TimesFM-2.5,0.466426548490462,84.66666666666667,5
valve1_0,FlowRate,RPM 5%,5,TiRex,0.47366041073673837,87.33333333333333,5
valve1_0,FlowRate,RPM 5%,6,Chronos-2,0.4757786219574918,86.66666666666667,5
valve1_0,FlowRate,RPM 5%,6,TimesFM-2.5,0.4629627952498718,82.66666666666667,5
valve1_0,FlowRate,RPM 5%,6,TiRex,0.4727129484483305,89.0,5
valve1_0,FlowRate,RPM 5%,7,Chronos-2,0.4752752968029951,87.0,5
valve1_0,FlowRate,RPM 5%,7,TimesFM-2.5,0.4629626700514042,83.33333333333334,5
valve1_0,FlowRate,RPM 5%,7,TiRex,0.47200516508745965,88.66666666666667,5
valve1_0,FlowRate,RPM 5%,8,Chronos-2,0.4767233386505005,87.0,5
valve1_0,FlowRate,RPM 5%,8,TimesFM-2.5,0.4634040920007675,83.66666666666667,5
valve1_0,FlowRate,RPM 5%,8,TiRex,0.47222036459844047,89.0,5
valve1_0,FlowRate,RPM 5%,9,Chronos-2,0.4755192794123929,86.66666666666667,5
valve1_0,FlowRate,RPM 5%,9,TimesFM-2.5,0.4665791763604183,84.66666666666667,5
valve1_0,FlowRate,RPM 5%,9,TiRex,0.4717658954236382,88.0,5
valve1_0,FlowRate,RPM 10%,0,Chronos-2,0.47434801850010944,88.33333333333333,5
valve1_0,FlowRate,RPM 10%,0,TimesFM-2.5,0.4559965303708296,86.0,5
valve1_0,FlowRate,RPM 10%,0,TiRex,0.46904291942255444,91.66666666666666,5
valve1_0,FlowRate,RPM 10%,1,Chronos-2,0.4747584942590029,87.66666666666667,5
valve1_0,FlowRate,RPM 10%,1,TimesFM-2.5,0.46053426121426655,82.33333333333334,5
valve1_0,FlowRate,RPM 10%,1,TiRex,0.47149539846975935,89.33333333333333,5
valve1_0,FlowRate,RPM 10%,2,Chronos-2,0.4747356880887402,86.0,5
valve1_0,FlowRate,RPM 10%,2,TimesFM-2.5,0.46074400261614473,84.0,5
valve1_0,FlowRate,RPM 10%,2,TiRex,0.4715224743185137,90.0,5
valve1_0,FlowRate,RPM 10%,3,Chronos-2,0.4760960082764523,90.0,5
valve1_0,FlowRate,RPM 10%,3,TimesFM-2.5,0.4626649864148324,84.66666666666667,5
valve1_0,FlowRate,RPM 10%,3,TiRex,0.472434161933276,89.0,5
valve1_0,FlowRate,RPM 10%,4,Chronos-2,0.47727406732370464,87.0,5
valve1_0,FlowRate,RPM 10%,4,TimesFM-2.5,0.46898631220978293,84.33333333333334,5
valve1_0,FlowRate,RPM 10%,4,TiRex,0.47227447899169434,87.0,5
valve1_0,FlowRate,RPM 10%,5,Chronos-2,0.47483000316660867,87.33333333333333,5
valve1_0,FlowRate,RPM 10%,5,TimesFM-2.5,0.4585902698417922,84.66666666666667,5
valve1_0,FlowRate,RPM 10%,5,TiRex,0.47170983442461084,90.33333333333333,5
valve1_0,FlowRate,RPM 10%,6,Chronos-2,0.4789999144903196,92.0,5
valve1_0,FlowRate,RPM 10%,6,TimesFM-2.5,0.4606709862050741,84.66666666666667,5
valve1_0,FlowRate,RPM 10%,6,TiRex,0.47060627140759886,87.66666666666667,5
valve1_0,FlowRate,RPM 10%,7,Chronos-2,0.47607280324689566,86.66666666666667,5
valve1_0,FlowRate,RPM 10%,7,TimesFM-2.5,0.46152911393900786,83.0,5
valve1_0,FlowRate,RPM 10%,7,TiRex,0.4716279223871976,87.33333333333333,5
valve1_0,FlowRate,RPM 10%,8,Chronos-2,0.47696779281356116,83.33333333333334,5
valve1_0,FlowRate,RPM 10%,8,TimesFM-2.5,0.4803699182827247,82.66666666666667,5
valve1_0,FlowRate,RPM 10%,8,TiRex,0.4706992593856772,87.66666666666667,5
valve1_0,FlowRate,RPM 10%,9,Chronos-2,0.47472255334420105,84.33333333333334,5
valve1_0,FlowRate,RPM 10%,9,TimesFM-2.5,0.4714912297756245,84.0,5
valve1_0,FlowRate,RPM 10%,9,TiRex,0.47268103145769164,86.0,5
valve1_0,FlowRate,RPM 20%,0,Chronos-2,0.4747077018796553,87.0,5
valve1_0,FlowRate,RPM 20%,0,TimesFM-2.5,0.4662900973771538,82.66666666666667,5
valve1_0,FlowRate,RPM 20%,0,TiRex,0.46972683122080866,88.66666666666667,5
valve1_0,FlowRate,RPM 20%,1,Chronos-2,0.47384829598552985,84.66666666666667,5
valve1_0,FlowRate,RPM 20%,1,TimesFM-2.5,0.46579556689767504,84.33333333333334,5
valve1_0,FlowRate,RPM 20%,1,TiRex,0.4706860646441971,85.66666666666667,5
valve1_0,FlowRate,RPM 20%,2,Chronos-2,0.474780488423858,86.33333333333333,5
valve1_0,FlowRate,RPM 20%,2,TimesFM-2.5,0.4647205687642633,84.33333333333334,5
valve1_0,FlowRate,RPM 20%,2,TiRex,0.46911812525365426,90.0,5
valve1_0,FlowRate,RPM 20%,3,Chronos-2,0.4758676667872955,86.33333333333333,5
valve1_0,FlowRate,RPM 20%,3,TimesFM-2.5,0.4596291864949291,84.0,5
valve1_0,FlowRate,RPM 20%,3,TiRex,0.4712554010290007,88.0,5
valve1_0,FlowRate,RPM 20%,4,Chronos-2,0.4750487335417755,86.33333333333333,5
valve1_0,FlowRate,RPM 20%,4,TimesFM-2.5,0.4619931713649156,84.66666666666667,5
valve1_0,FlowRate,RPM 20%,4,TiRex,0.46899262502798006,86.33333333333333,5
valve1_0,FlowRate,RPM 20%,5,Chronos-2,0.47544486138999376,86.0,5
valve1_0,FlowRate,RPM 20%,5,TimesFM-2.5,0.46160329489508367,85.33333333333334,5
valve1_0,FlowRate,RPM 20%,5,TiRex,0.46997903296294896,88.33333333333333,5
valve1_0,FlowRate,RPM 20%,6,Chronos-2,0.4748960320607901,82.66666666666667,5
valve1_0,FlowRate,RPM 20%,6,TimesFM-2.5,0.4770051679949884,84.33333333333334,5
valve1_0,FlowRate,RPM 20%,6,TiRex,0.47161603061514457,88.0,5
valve1_0,FlowRate,RPM 20%,7,Chronos-2,0.47779317406616756,85.66666666666667,5
valve1_0,FlowRate,RPM 20%,7,TimesFM-2.5,0.4651213952885905,84.66666666666667,5
valve1_0,FlowRate,RPM 20%,7,TiRex,0.47186476558991863,87.33333333333333,5
valve1_0,FlowRate,RPM 20%,8,Chronos-2,0.47497902864888997,86.33333333333333,5
valve1_0,FlowRate,RPM 20%,8,TimesFM-2.5,0.46535996883928565,84.33333333333334,5
valve1_0,FlowRate,RPM 20%,8,TiRex,0.4705940173259129,87.0,5
valve1_0,FlowRate,RPM 20%,9,Chronos-2,0.472336324586236,86.66666666666667,5
valve1_0,FlowRate,RPM 20%,9,TimesFM-2.5,0.46661854333438785,84.0,5
valve1_0,FlowRate,RPM 20%,9,TiRex,0.47743121332982164,86.0,5
valve1_0,FlowRate,CBM 100,0,Chronos-2,0.47336017161277155,86.66666666666667,5
valve1_0,FlowRate,CBM 100,0,TimesFM-2.5,0.4644428007222185,81.66666666666667,5
valve1_0,FlowRate,CBM 100,0,TiRex,0.4731489112100393,88.66666666666667,5
valve1_0,FlowRate,CBM 100,1,Chronos-2,0.4740971235770563,85.0,5
valve1_0,FlowRate,CBM 100,1,TimesFM-2.5,0.46822302446032005,83.66666666666667,5
valve1_0,FlowRate,CBM 100,1,TiRex,0.47323890913070954,88.66666666666667,5
valve1_0,FlowRate,CBM 100,2,Chronos-2,0.4718861082632826,86.66666666666667,5
valve1_0,FlowRate,CBM 100,2,TimesFM-2.5,0.47341020400670364,83.66666666666667,5
valve1_0,FlowRate,CBM 100,2,TiRex,0.4716022455592693,89.0,5
valve1_0,FlowRate,CBM 100,3,Chronos-2,0.4755719067564556,87.0,5
valve1_0,FlowRate,CBM 100,3,TimesFM-2.5,0.46294558073325465,83.66666666666667,5
valve1_0,FlowRate,CBM 100,3,TiRex,0.47185405242323886,89.0,5
valve1_0,FlowRate,CBM 100,4,Chronos-2,0.4757985672287558,86.33333333333333,5
valve1_0,FlowRate,CBM 100,4,TimesFM-2.5,0.462525997718744,83.66666666666667,5
valve1_0,FlowRate,CBM 100,4,TiRex,0.47257662196413713,89.0,5
valve1_0,FlowRate,CBM 100,5,Chronos-2,0.474310026718153,87.66666666666667,5
valve1_0,FlowRate,CBM 100,5,TimesFM-2.5,0.4637482589263482,88.33333333333333,5
valve1_0,FlowRate,CBM 100,5,TiRex,0.47298762962191004,86.66666666666667,5
valve1_0,FlowRate,CBM 100,6,Chronos-2,0.47613150814599764,85.0,5
valve1_0,FlowRate,CBM 100,6,TimesFM-2.5,0.46378262073345433,84.66666666666667,5
valve1_0,FlowRate,CBM 100,6,TiRex,0.47232538909454,87.66666666666667,5
valve1_0,FlowRate,CBM 100,7,Chronos-2,0.4755502488824058,86.33333333333333,5
valve1_0,FlowRate,CBM 100,7,TimesFM-2.5,0.46316515275888287,83.66666666666667,5
valve1_0,FlowRate,CBM 100,7,TiRex,0.4720114284438158,89.0,5
valve1_0,FlowRate,CBM 100,8,Chronos-2,0.4737778143341079,86.0,5
valve1_0,FlowRate,CBM 100,8,TimesFM-2.5,0.46402641492844526,82.0,5
valve1_0,FlowRate,CBM 100,8,TiRex,0.4729544320280972,88.66666666666667,5
valve1_0,FlowRate,CBM 100,9,Chronos-2,0.5079276280634013,84.66666666666667,5
valve1_0,FlowRate,CBM 100,9,TimesFM-2.5,0.4851810927915676,83.0,5
valve1_0,FlowRate,CBM 100,9,TiRex,0.472270816616215,88.66666666666667,5
valve1_0,FlowRate,CBM 200,0,Chronos-2,0.4715562852535226,84.66666666666667,5
valve1_0,FlowRate,CBM 200,0,TimesFM-2.5,0.4956089984100567,80.0,5
valve1_0,FlowRate,CBM 200,0,TiRex,0.47214068596790804,88.66666666666667,5
valve1_0,FlowRate,CBM 200,1,Chronos-2,0.47634810840214276,87.33333333333333,5
valve1_0,FlowRate,CBM 200,1,TimesFM-2.5,0.461407311625654,83.66666666666667,5
valve1_0,FlowRate,CBM 200,1,TiRex,0.47190802258021824,88.66666666666667,5
valve1_0,FlowRate,CBM 200,2,Chronos-2,0.47644442075580123,87.33333333333333,5
valve1_0,FlowRate,CBM 200,2,TimesFM-2.5,0.46583540753395547,82.33333333333334,5
valve1_0,FlowRate,CBM 200,2,TiRex,0.47238540282225355,88.66666666666667,5
valve1_0,FlowRate,CBM 200,3,Chronos-2,0.47378433942999787,86.33333333333333,5
valve1_0,FlowRate,CBM 200,3,TimesFM-2.5,0.49271268501949295,80.0,5
valve1_0,FlowRate,CBM 200,3,TiRex,0.472181237531406,88.33333333333333,5
valve1_0,FlowRate,CBM 200,4,Chronos-2,0.47519450401213714,87.0,5
valve1_0,FlowRate,CBM 200,4,TimesFM-2.5,0.46561121280769463,80.0,5
valve1_0,FlowRate,CBM 200,4,TiRex,0.471707463298902,88.66666666666667,5
valve1_0,FlowRate,CBM 200,5,Chronos-2,0.5330729542938452,83.33333333333334,5
valve1_0,FlowRate,CBM 200,5,TimesFM-2.5,0.4967232923801438,80.0,5
valve1_0,FlowRate,CBM 200,5,TiRex,0.47381447024276047,88.66666666666667,5
valve1_0,FlowRate,CBM 200,6,Chronos-2,0.47251643398514037,87.0,5
valve1_0,FlowRate,CBM 200,6,TimesFM-2.5,0.4814011558040727,83.66666666666667,5
valve1_0,FlowRate,CBM 200,6,TiRex,0.4722036474778466,87.33333333333333,5
valve1_0,FlowRate,CBM 200,7,Chronos-2,0.47399341592158883,87.0,5
valve1_0,FlowRate,CBM 200,7,TimesFM-2.5,0.46994397267705085,80.0,5
valve1_0,FlowRate,CBM 200,7,TiRex,0.4724731490384935,88.33333333333333,5
valve1_0,FlowRate,CBM 200,8,Chronos-2,0.47362747377164416,87.66666666666667,5
valve1_0,FlowRate,CBM 200,8,TimesFM-2.5,0.4930585839969694,80.33333333333333,5
valve1_0,FlowRate,CBM 200,8,TiRex,0.47174361804224846,87.0,5
valve1_0,FlowRate,CBM 200,9,Chronos-2,0.4745687883844014,82.66666666666667,5
valve1_0,FlowRate,CBM 200,9,TimesFM-2.5,0.4718990879249172,84.66666666666667,5
valve1_0,FlowRate,CBM 200,9,TiRex,0.474338591170652,86.33333333333333,5
valve1_0,FlowRate,CBM 400,0,Chronos-2,0.4744138817863607,87.33333333333333,5
valve1_0,FlowRate,CBM 400,0,TimesFM-2.5,0.4647579570963206,80.66666666666666,5
valve1_0,FlowRate,CBM 400,0,TiRex,0.4706050168898885,88.0,5
valve1_0,FlowRate,CBM 400,1,Chronos-2,0.47340400598982896,87.33333333333333,5
valve1_0,FlowRate,CBM 400,1,TimesFM-2.5,0.4682225149264545,81.0,5
valve1_0,FlowRate,CBM 400,1,TiRex,0.47173352493710324,89.33333333333333,5
valve1_0,FlowRate,CBM 400,2,Chronos-2,0.47790818067787577,88.66666666666667,5
valve1_0,FlowRate,CBM 400,2,TimesFM-2.5,0.469347314861657,81.0,5
valve1_0,FlowRate,CBM 400,2,TiRex,0.4711638122513018,87.33333333333333,5
valve1_0,FlowRate,CBM 400,3,Chronos-2,0.4755402646096139,86.66666666666667,5
valve1_0,FlowRate,CBM 400,3,TimesFM-2.5,0.46947818777019934,81.0,5
valve1_0,FlowRate,CBM 400,3,TiRex,0.47566698915865646,88.0,5
valve1_0,FlowRate,CBM 400,4,Chronos-2,0.47638073630569605,87.0,5
valve1_0,FlowRate,CBM 400,4,TimesFM-2.5,0.46318165876643963,81.0,5
valve1_0,FlowRate,CBM 400,4,TiRex,0.4735178287369259,87.66666666666667,5
valve1_0,FlowRate,CBM 400,5,Chronos-2,0.4697373609578269,87.0,5
valve1_0,FlowRate,CBM 400,5,TimesFM-2.5,0.4720541006321434,81.33333333333333,5
valve1_0,FlowRate,CBM 400,5,TiRex,0.4730291140774606,85.33333333333334,5
valve1_0,FlowRate,CBM 400,6,Chronos-2,0.5240588476016734,82.66666666666667,5
valve1_0,FlowRate,CBM 400,6,TimesFM-2.5,0.49345111933131947,80.66666666666666,5
valve1_0,FlowRate,CBM 400,6,TiRex,0.4765831658017527,86.66666666666667,5
valve1_0,FlowRate,CBM 400,7,Chronos-2,0.4751151785610054,91.0,5
valve1_0,FlowRate,CBM 400,7,TimesFM-2.5,0.4651009492569434,81.66666666666667,5
valve1_0,FlowRate,CBM 400,7,TiRex,0.47096094133111627,87.33333333333333,5
valve1_0,FlowRate,CBM 400,8,Chronos-2,0.47611073195903275,89.0,5
valve1_0,FlowRate,CBM 400,8,TimesFM-2.5,0.47014538247124094,80.66666666666666,5
valve1_0,FlowRate,CBM 400,8,TiRex,0.47225760738688993,88.66666666666667,5
valve1_0,FlowRate,CBM 400,9,Chronos-2,0.47360300451870424,85.33333333333334,5
valve1_0,FlowRate,CBM 400,9,TimesFM-2.5,0.46689667576058885,81.0,5
valve1_0,FlowRate,CBM 400,9,TiRex,0.4734045673897478,88.0,5
valve1_0,FlowRate,PAI +2σ at 1%,0,Chronos-2,0.47307539731256687,88.66666666666667,5
valve1_0,FlowRate,PAI +2σ at 1%,0,TimesFM-2.5,0.46489953037780896,84.0,5
valve1_0,FlowRate,PAI +2σ at 1%,0,TiRex,0.4721043059960062,88.0,5
valve1_0,FlowRate,PAI +2σ at 1%,1,Chronos-2,0.4718792047154628,89.66666666666666,5
valve1_0,FlowRate,PAI +2σ at 1%,1,TimesFM-2.5,0.4590318611768238,84.0,5
valve1_0,FlowRate,PAI +2σ at 1%,1,TiRex,0.47046262145913836,91.0,5
valve1_0,FlowRate,PAI +2σ at 1%,2,Chronos-2,0.47336779356589304,89.0,5
valve1_0,FlowRate,PAI +2σ at 1%,2,TimesFM-2.5,0.46428224203985957,82.0,5
valve1_0,FlowRate,PAI +2σ at 1%,2,TiRex,0.4720322029692913,88.33333333333333,5
valve1_0,FlowRate,PAI +2σ at 1%,3,Chronos-2,0.4743828953786067,85.66666666666667,5
valve1_0,FlowRate,PAI +2σ at 1%,3,TimesFM-2.5,0.4644208278271467,83.0,5
valve1_0,FlowRate,PAI +2σ at 1%,3,TiRex,0.47253543208613336,88.0,5
valve1_0,FlowRate,PAI +2σ at 1%,4,Chronos-2,0.474826451823125,87.0,5
valve1_0,FlowRate,PAI +2σ at 1%,4,TimesFM-2.5,0.4636280799292106,82.66666666666667,5
valve1_0,FlowRate,PAI +2σ at 1%,4,TiRex,0.47249547704127265,89.0,5
valve1_0,FlowRate,PAI +2σ at 1%,5,Chronos-2,0.4754562505606057,86.0,5
valve1_0,FlowRate,PAI +2σ at 1%,5,TimesFM-2.5,0.46404452686488584,84.66666666666667,5
valve1_0,FlowRate,PAI +2σ at 1%,5,TiRex,0.4719823992081533,88.33333333333333,5
valve1_0,FlowRate,PAI +2σ at 1%,6,Chronos-2,0.472567115729016,84.33333333333334,5
valve1_0,FlowRate,PAI +2σ at 1%,6,TimesFM-2.5,0.46431333793790197,79.33333333333333,5
valve1_0,FlowRate,PAI +2σ at 1%,6,TiRex,0.4731901716715902,88.33333333333333,5
valve1_0,FlowRate,PAI +2σ at 1%,7,Chronos-2,0.47466518500256005,88.66666666666667,5
valve1_0,FlowRate,PAI +2σ at 1%,7,TimesFM-2.5,0.4633451569057155,83.0,5
valve1_0,FlowRate,PAI +2σ at 1%,7,TiRex,0.47233974532890843,89.0,5
valve1_0,FlowRate,PAI +2σ at 1%,8,Chronos-2,0.4720100125275945,87.0,5
valve1_0,FlowRate,PAI +2σ at 1%,8,TimesFM-2.5,0.4643465750851634,83.0,5
valve1_0,FlowRate,PAI +2σ at 1%,8,TiRex,0.47311232447790424,88.0,5
valve1_0,FlowRate,PAI +2σ at 1%,9,Chronos-2,0.4724888863888687,89.33333333333333,5
valve1_0,FlowRate,PAI +2σ at 1%,9,TimesFM-2.5,0.459403861318269,82.66666666666667,5
valve1_0,FlowRate,PAI +2σ at 1%,9,TiRex,0.4713155384879471,91.0,5
valve1_0,FlowRate,PAI +3σ at 1%,0,Chronos-2,0.472795933949425,85.66666666666667,5
valve1_0,FlowRate,PAI +3σ at 1%,0,TimesFM-2.5,0.46604001707149295,84.33333333333334,5
valve1_0,FlowRate,PAI +3σ at 1%,0,TiRex,0.4727796126071989,87.66666666666667,5
valve1_0,FlowRate,PAI +3σ at 1%,1,Chronos-2,0.4749518216549679,90.33333333333333,5
valve1_0,FlowRate,PAI +3σ at 1%,1,TimesFM-2.5,0.4633843358838738,81.66666666666667,5
valve1_0,FlowRate,PAI +3σ at 1%,1,TiRex,0.47296915052225597,86.66666666666667,5
valve1_0,FlowRate,PAI +3σ at 1%,2,Chronos-2,0.47221402564271403,87.0,5
valve1_0,FlowRate,PAI +3σ at 1%,2,TimesFM-2.5,0.4653953637532299,84.66666666666667,5
valve1_0,FlowRate,PAI +3σ at 1%,2,TiRex,0.47227046086512914,88.0,5
valve1_0,FlowRate,PAI +3σ at 1%,3,Chronos-2,0.47247851924494505,88.66666666666667,5
valve1_0,FlowRate,PAI +3σ at 1%,3,TimesFM-2.5,0.46691711869636987,83.0,5
valve1_0,FlowRate,PAI +3σ at 1%,3,TiRex,0.4719366150304517,89.0,5
valve1_0,FlowRate,PAI +3σ at 1%,4,Chronos-2,0.4743455109115564,85.66666666666667,5
valve1_0,FlowRate,PAI +3σ at 1%,4,TimesFM-2.5,0.4672606307278157,84.66666666666667,5
valve1_0,FlowRate,PAI +3σ at 1%,4,TiRex,0.47277783563493314,88.0,5
valve1_0,FlowRate,PAI +3σ at 1%,5,Chronos-2,0.474528694756838,86.66666666666667,5
valve1_0,FlowRate,PAI +3σ at 1%,5,TimesFM-2.5,0.46837498583711046,83.33333333333334,5
valve1_0,FlowRate,PAI +3σ at 1%,5,TiRex,0.47226266864878075,88.0,5
valve1_0,FlowRate,PAI +3σ at 1%,6,Chronos-2,0.47310839872601174,88.66666666666667,5
valve1_0,FlowRate,PAI +3σ at 1%,6,TimesFM-2.5,0.4655550106576037,81.0,5
valve1_0,FlowRate,PAI +3σ at 1%,6,TiRex,0.47266948656636804,88.33333333333333,5
valve1_0,FlowRate,PAI +3σ at 1%,7,Chronos-2,0.4743712382631264,87.33333333333333,5
valve1_0,FlowRate,PAI +3σ at 1%,7,TimesFM-2.5,0.4703115256828197,84.0,5
valve1_0,FlowRate,PAI +3σ at 1%,7,TiRex,0.4722664974917624,88.66666666666667,5
valve1_0,FlowRate,PAI +3σ at 1%,8,Chronos-2,0.4722825349554397,89.0,5
valve1_0,FlowRate,PAI +3σ at 1%,8,TimesFM-2.5,0.4650777887124158,84.33333333333334,5
valve1_0,FlowRate,PAI +3σ at 1%,8,TiRex,0.4725496732030045,88.33333333333333,5
valve1_0,FlowRate,PAI +3σ at 1%,9,Chronos-2,0.4751777963623621,87.0,5
valve1_0,FlowRate,PAI +3σ at 1%,9,TimesFM-2.5,0.4623675010554915,84.66666666666667,5
valve1_0,FlowRate,PAI +3σ at 1%,9,TiRex,0.47165034953750906,87.33333333333333,5
valve1_0,FlowRate,PAI +5σ at 1%,0,Chronos-2,0.47580942663984777,90.0,5
valve1_0,FlowRate,PAI +5σ at 1%,0,TimesFM-2.5,0.46662186256311444,84.33333333333334,5
valve1_0,FlowRate,PAI +5σ at 1%,0,TiRex,0.4723843079717145,87.0,5
valve1_0,FlowRate,PAI +5σ at 1%,1,Chronos-2,0.476421760006641,89.0,5
valve1_0,FlowRate,PAI +5σ at 1%,1,TimesFM-2.5,0.4675204868396728,81.0,5
valve1_0,FlowRate,PAI +5σ at 1%,1,TiRex,0.4719063137200711,88.0,5
valve1_0,FlowRate,PAI +5σ at 1%,2,Chronos-2,0.4745095142215053,90.0,5
valve1_0,FlowRate,PAI +5σ at 1%,2,TimesFM-2.5,0.46359869860945185,84.66666666666667,5
valve1_0,FlowRate,PAI +5σ at 1%,2,TiRex,0.47237310713169933,87.66666666666667,5
valve1_0,FlowRate,PAI +5σ at 1%,3,Chronos-2,0.4726072176916368,92.0,5
valve1_0,FlowRate,PAI +5σ at 1%,3,TimesFM-2.5,0.45815020464507666,77.0,5
valve1_0,FlowRate,PAI +5σ at 1%,3,TiRex,0.4725185330787173,87.66666666666667,5
valve1_0,FlowRate,PAI +5σ at 1%,4,Chronos-2,0.4747996095855864,91.66666666666666,5
valve1_0,FlowRate,PAI +5σ at 1%,4,TimesFM-2.5,0.45933573508520664,83.66666666666667,5
valve1_0,FlowRate,PAI +5σ at 1%,4,TiRex,0.4716373178912397,87.33333333333333,5
valve1_0,FlowRate,PAI +5σ at 1%,5,Chronos-2,0.47676725324104224,90.66666666666666,5
valve1_0,FlowRate,PAI +5σ at 1%,5,TimesFM-2.5,0.4634860801309574,81.0,5
valve1_0,FlowRate,PAI +5σ at 1%,5,TiRex,0.4721698469941903,86.33333333333333,5
valve1_0,FlowRate,PAI +5σ at 1%,6,Chronos-2,0.47508895827500386,90.33333333333333,5
valve1_0,FlowRate,PAI +5σ at 1%,6,TimesFM-2.5,0.4697287251359656,81.0,5
valve1_0,FlowRate,PAI +5σ at 1%,6,TiRex,0.4735895194785865,88.0,5
valve1_0,FlowRate,PAI +5σ at 1%,7,Chronos-2,0.47277662575461904,91.33333333333333,5
valve1_0,FlowRate,PAI +5σ at 1%,7,TimesFM-2.5,0.47173789751650547,84.33333333333334,5
valve1_0,FlowRate,PAI +5σ at 1%,7,TiRex,0.47321949479220937,87.66666666666667,5
valve1_0,FlowRate,PAI +5σ at 1%,8,Chronos-2,0.4730477607898255,89.66666666666666,5
valve1_0,FlowRate,PAI +5σ at 1%,8,TimesFM-2.5,0.463576637089095,84.33333333333334,5
valve1_0,FlowRate,PAI +5σ at 1%,8,TiRex,0.472773944427859,87.33333333333333,5
valve1_0,FlowRate,PAI +5σ at 1%,9,Chronos-2,0.4738236672607659,90.33333333333333,5
valve1_0,FlowRate,PAI +5σ at 1%,9,TimesFM-2.5,0.46410112870337467,84.33333333333334,5
valve1_0,FlowRate,PAI +5σ at 1%,9,TiRex,0.47189425513185146,88.33333333333333,5
valve1_0,Pressure,Clean,0,Chronos-2,0.23880348599575862,64.66666666666666,5
valve1_0,Pressure,Clean,0,TimesFM-2.5,0.23870722333425576,75.66666666666667,5
valve1_0,Pressure,Clean,0,TiRex,0.23719217282208233,78.0,5
valve1_0,Pressure,RPM 5%,0,Chronos-2,0.23867615276622492,67.33333333333333,5
valve1_0,Pressure,RPM 5%,0,TimesFM-2.5,0.23879290773786482,75.0,5
valve1_0,Pressure,RPM 5%,0,TiRex,0.23774804329178045,78.66666666666666,5
valve1_0,Pressure,RPM 5%,1,Chronos-2,0.23806564844123718,68.33333333333333,5
valve1_0,Pressure,RPM 5%,1,TimesFM-2.5,0.2384670861814278,75.0,5
valve1_0,Pressure,RPM 5%,1,TiRex,0.2382123057283263,79.66666666666666,5
valve1_0,Pressure,RPM 5%,2,Chronos-2,0.23821736025759316,68.66666666666667,5
valve1_0,Pressure,RPM 5%,2,TimesFM-2.5,0.2386311897533019,75.0,5
valve1_0,Pressure,RPM 5%,2,TiRex,0.23819761855560384,78.0,5
valve1_0,Pressure,RPM 5%,3,Chronos-2,0.23854097663317791,68.33333333333333,5
valve1_0,Pressure,RPM 5%,3,TimesFM-2.5,0.23868245298194907,75.33333333333333,5
valve1_0,Pressure,RPM 5%,3,TiRex,0.23862872299842636,80.33333333333333,5
valve1_0,Pressure,RPM 5%,4,Chronos-2,0.23842187624492045,68.66666666666667,5
valve1_0,Pressure,RPM 5%,4,TimesFM-2.5,0.2386572625161319,75.66666666666667,5
valve1_0,Pressure,RPM 5%,4,TiRex,0.23818852471251134,79.66666666666666,5
valve1_0,Pressure,RPM 5%,5,Chronos-2,0.23811302069134196,66.66666666666666,5
valve1_0,Pressure,RPM 5%,5,TimesFM-2.5,0.2386218731848715,75.0,5
valve1_0,Pressure,RPM 5%,5,TiRex,0.2383746987691057,78.0,5
valve1_0,Pressure,RPM 5%,6,Chronos-2,0.2383254009895823,68.66666666666667,5
valve1_0,Pressure,RPM 5%,6,TimesFM-2.5,0.2386582805088786,75.66666666666667,5
valve1_0,Pressure,RPM 5%,6,TiRex,0.23789832021973356,78.66666666666666,5
valve1_0,Pressure,RPM 5%,7,Chronos-2,0.23816858327347937,67.66666666666666,5
valve1_0,Pressure,RPM 5%,7,TimesFM-2.5,0.23876474231192615,75.0,5
valve1_0,Pressure,RPM 5%,7,TiRex,0.23806230671670137,78.0,5
valve1_0,Pressure,RPM 5%,8,Chronos-2,0.23813290573852008,68.33333333333333,5
valve1_0,Pressure,RPM 5%,8,TimesFM-2.5,0.2385686530141346,75.66666666666667,5
valve1_0,Pressure,RPM 5%,8,TiRex,0.23856153793288076,79.66666666666666,5
valve1_0,Pressure,RPM 5%,9,Chronos-2,0.23812698423823825,68.33333333333333,5
valve1_0,Pressure,RPM 5%,9,TimesFM-2.5,0.2384733310230352,75.66666666666667,5
valve1_0,Pressure,RPM 5%,9,TiRex,0.23792151341502904,79.0,5
valve1_0,Pressure,RPM 10%,0,Chronos-2,0.23792990446990525,68.0,5
valve1_0,Pressure,RPM 10%,0,TimesFM-2.5,0.23832541540858715,75.0,5
valve1_0,Pressure,RPM 10%,0,TiRex,0.23912124179837735,79.33333333333333,5
valve1_0,Pressure,RPM 10%,1,Chronos-2,0.23675669833092683,69.0,5
valve1_0,Pressure,RPM 10%,1,TimesFM-2.5,0.2380044159789514,71.0,5
valve1_0,Pressure,RPM 10%,1,TiRex,0.24003687865511003,78.33333333333333,5
valve1_0,Pressure,RPM 10%,2,Chronos-2,0.23824835475703296,67.0,5
valve1_0,Pressure,RPM 10%,2,TimesFM-2.5,0.23840192993882006,75.0,5
valve1_0,Pressure,RPM 10%,2,TiRex,0.23964846547592228,80.33333333333333,5
valve1_0,Pressure,RPM 10%,3,Chronos-2,0.23804565133317931,67.0,5
valve1_0,Pressure,RPM 10%,3,TimesFM-2.5,0.23914527426943596,75.0,5
valve1_0,Pressure,RPM 10%,3,TiRex,0.24021064229048023,78.66666666666666,5
valve1_0,Pressure,RPM 10%,4,Chronos-2,0.23792483910144208,67.66666666666666,5
valve1_0,Pressure,RPM 10%,4,TimesFM-2.5,0.23822618717470018,74.33333333333333,5
valve1_0,Pressure,RPM 10%,4,TiRex,0.23953880977406208,78.66666666666666,5
valve1_0,Pressure,RPM 10%,5,Chronos-2,0.23765603966345317,70.66666666666667,5
valve1_0,Pressure,RPM 10%,5,TimesFM-2.5,0.23768327081595347,74.66666666666667,5
valve1_0,Pressure,RPM 10%,5,TiRex,0.23895370149494993,79.33333333333333,5
valve1_0,Pressure,RPM 10%,6,Chronos-2,0.23812789982163482,68.0,5
valve1_0,Pressure,RPM 10%,6,TimesFM-2.5,0.23885885511407082,72.66666666666667,5
valve1_0,Pressure,RPM 10%,6,TiRex,0.23923678475028157,80.66666666666666,5
valve1_0,Pressure,RPM 10%,7,Chronos-2,0.23823655649416609,66.0,5
valve1_0,Pressure,RPM 10%,7,TimesFM-2.5,0.23840125033600806,74.33333333333333,5
valve1_0,Pressure,RPM 10%,7,TiRex,0.24010834294822214,79.66666666666666,5
valve1_0,Pressure,RPM 10%,8,Chronos-2,0.2381996343587099,69.33333333333334,5
valve1_0,Pressure,RPM 10%,8,TimesFM-2.5,0.2388807886967586,74.66666666666667,5
valve1_0,Pressure,RPM 10%,8,TiRex,0.23908665436875023,79.66666666666666,5
valve1_0,Pressure,RPM 10%,9,Chronos-2,0.23856788445964522,67.66666666666666,5
valve1_0,Pressure,RPM 10%,9,TimesFM-2.5,0.23865136575831045,74.66666666666667,5
valve1_0,Pressure,RPM 10%,9,TiRex,0.23968052246728988,80.0,5
valve1_0,Pressure,RPM 20%,0,Chronos-2,0.23750193387591692,68.66666666666667,5
valve1_0,Pressure,RPM 20%,0,TimesFM-2.5,0.23832579351202715,72.33333333333334,5
valve1_0,Pressure,RPM 20%,0,TiRex,0.2391164308057828,79.66666666666666,5
valve1_0,Pressure,RPM 20%,1,Chronos-2,0.2378743560927924,64.33333333333333,5
valve1_0,Pressure,RPM 20%,1,TimesFM-2.5,0.2382187981725373,71.66666666666667,5
valve1_0,Pressure,RPM 20%,1,TiRex,0.23904369357336785,80.0,5
valve1_0,Pressure,RPM 20%,2,Chronos-2,0.23788426454171138,68.33333333333333,5
valve1_0,Pressure,RPM 20%,2,TimesFM-2.5,0.23877868192001692,72.33333333333334,5
valve1_0,Pressure,RPM 20%,2,TiRex,0.24154374368041295,79.66666666666666,5
valve1_0,Pressure,RPM 20%,3,Chronos-2,0.23770847390920452,68.33333333333333,5
valve1_0,Pressure,RPM 20%,3,TimesFM-2.5,0.23812190492309704,70.33333333333334,5
valve1_0,Pressure,RPM 20%,3,TiRex,0.23967397776714977,79.66666666666666,5
valve1_0,Pressure,RPM 20%,4,Chronos-2,0.23819209527566287,66.0,5
valve1_0,Pressure,RPM 20%,4,TimesFM-2.5,0.2375889879896333,72.0,5
valve1_0,Pressure,RPM 20%,4,TiRex,0.24074205662930104,79.0,5
valve1_0,Pressure,RPM 20%,5,Chronos-2,0.2377365462917163,66.33333333333333,5
valve1_0,Pressure,RPM 20%,5,TimesFM-2.5,0.2381362611467378,73.0,5
valve1_0,Pressure,RPM 20%,5,TiRex,0.23915320185112962,81.66666666666667,5
valve1_0,Pressure,RPM 20%,6,Chronos-2,0.23784995877272938,69.66666666666667,5
valve1_0,Pressure,RPM 20%,6,TimesFM-2.5,0.23771399102734014,72.66666666666667,5
valve1_0,Pressure,RPM 20%,6,TiRex,0.23964772010741567,80.66666666666666,5
valve1_0,Pressure,RPM 20%,7,Chronos-2,0.23812919106593575,66.33333333333333,5
valve1_0,Pressure,RPM 20%,7,TimesFM-2.5,0.23980158191532103,73.0,5
valve1_0,Pressure,RPM 20%,7,TiRex,0.23932537243075389,79.0,5
valve1_0,Pressure,RPM 20%,8,Chronos-2,0.23846111443775583,69.33333333333334,5
valve1_0,Pressure,RPM 20%,8,TimesFM-2.5,0.23907976759050184,76.0,5
valve1_0,Pressure,RPM 20%,8,TiRex,0.24009299980344775,81.33333333333333,5
valve1_0,Pressure,RPM 20%,9,Chronos-2,0.23819133170455697,69.33333333333334,5
valve1_0,Pressure,RPM 20%,9,TimesFM-2.5,0.23789875753790177,73.66666666666667,5
valve1_0,Pressure,RPM 20%,9,TiRex,0.23952528323044883,81.66666666666667,5
valve1_0,Pressure,CBM 100,0,Chronos-2,0.23928667098486595,67.33333333333333,5
valve1_0,Pressure,CBM 100,0,TimesFM-2.5,0.23918199083626654,76.0,5
valve1_0,Pressure,CBM 100,0,TiRex,0.23731601840541627,79.33333333333333,5
valve1_0,Pressure,CBM 100,1,Chronos-2,0.23898211875104444,68.33333333333333,5
valve1_0,Pressure,CBM 100,1,TimesFM-2.5,0.23852054334733044,78.0,5
valve1_0,Pressure,CBM 100,1,TiRex,0.23825471303384807,78.33333333333333,5
valve1_0,Pressure,CBM 100,2,Chronos-2,0.2383009598287349,68.66666666666667,5
valve1_0,Pressure,CBM 100,2,TimesFM-2.5,0.23665492247893982,81.66666666666667,5
valve1_0,Pressure,CBM 100,2,TiRex,0.23759572050871333,77.66666666666666,5
valve1_0,Pressure,CBM 100,3,Chronos-2,0.2391446658935874,68.33333333333333,5
valve1_0,Pressure,CBM 100,3,TimesFM-2.5,0.2391905938250995,78.0,5
valve1_0,Pressure,CBM 100,3,TiRex,0.23784780768046113,78.0,5
valve1_0,Pressure,CBM 100,4,Chronos-2,0.23843340995635828,72.33333333333334,5
valve1_0,Pressure,CBM 100,4,TimesFM-2.5,0.23767305849748624,80.0,5
valve1_0,Pressure,CBM 100,4,TiRex,0.23843811828616354,78.33333333333333,5
valve1_0,Pressure,CBM 100,5,Chronos-2,0.23933287409938597,71.0,5
valve1_0,Pressure,CBM 100,5,TimesFM-2.5,0.23860271971941105,77.66666666666666,5
valve1_0,Pressure,CBM 100,5,TiRex,0.23809346383560953,76.33333333333333,5
valve1_0,Pressure,CBM 100,6,Chronos-2,0.2384520457431624,66.33333333333333,5
valve1_0,Pressure,CBM 100,6,TimesFM-2.5,0.2370283843274192,78.33333333333333,5
valve1_0,Pressure,CBM 100,6,TiRex,0.23735656138914854,78.33333333333333,5
valve1_0,Pressure,CBM 100,7,Chronos-2,0.23872046243716283,73.0,5
valve1_0,Pressure,CBM 100,7,TimesFM-2.5,0.23755896957298178,80.33333333333333,5
valve1_0,Pressure,CBM 100,7,TiRex,0.2380302011361785,78.33333333333333,5
valve1_0,Pressure,CBM 100,8,Chronos-2,0.23896106054595392,69.33333333333334,5
valve1_0,Pressure,CBM 100,8,TimesFM-2.5,0.23938200056390446,76.66666666666667,5
valve1_0,Pressure,CBM 100,8,TiRex,0.23878878786413063,80.66666666666666,5
valve1_0,Pressure,CBM 100,9,Chronos-2,0.23848506900370017,65.0,5
valve1_0,Pressure,CBM 100,9,TimesFM-2.5,0.23731321740494324,77.66666666666666,5
valve1_0,Pressure,CBM 100,9,TiRex,0.23717861013517633,77.0,5
valve1_0,Pressure,CBM 200,0,Chronos-2,0.23879402113155873,70.66666666666667,5
valve1_0,Pressure,CBM 200,0,TimesFM-2.5,0.24233923462904394,79.0,5
valve1_0,Pressure,CBM 200,0,TiRex,0.2374909379778366,78.66666666666666,5
valve1_0,Pressure,CBM 200,1,Chronos-2,0.23895308688848138,70.33333333333334,5
valve1_0,Pressure,CBM 200,1,TimesFM-2.5,0.23900392693544883,78.0,5
valve1_0,Pressure,CBM 200,1,TiRex,0.23848717671767178,79.66666666666666,5
valve1_0,Pressure,CBM 200,2,Chronos-2,0.2388488642139469,67.33333333333333,5
valve1_0,Pressure,CBM 200,2,TimesFM-2.5,0.24038607668923243,79.0,5
valve1_0,Pressure,CBM 200,2,TiRex,0.23797290741842497,80.0,5
valve1_0,Pressure,CBM 200,3,Chronos-2,0.23923347802252098,69.66666666666667,5
valve1_0,Pressure,CBM 200,3,TimesFM-2.5,0.23872317896180476,81.0,5
valve1_0,Pressure,CBM 200,3,TiRex,0.2385224139310722,77.33333333333333,5
valve1_0,Pressure,CBM 200,4,Chronos-2,0.2386181597870081,73.0,5
valve1_0,Pressure,CBM 200,4,TimesFM-2.5,0.238998281826677,77.33333333333333,5
valve1_0,Pressure,CBM 200,4,TiRex,0.23864978620363508,81.0,5
valve1_0,Pressure,CBM 200,5,Chronos-2,0.2391688177637837,71.66666666666667,5
valve1_0,Pressure,CBM 200,5,TimesFM-2.5,0.2362562608290947,80.0,5
valve1_0,Pressure,CBM 200,5,TiRex,0.23948079586701018,77.33333333333333,5
valve1_0,Pressure,CBM 200,6,Chronos-2,0.2394626782634345,65.33333333333333,5
valve1_0,Pressure,CBM 200,6,TimesFM-2.5,0.2390967429834166,80.33333333333333,5
valve1_0,Pressure,CBM 200,6,TiRex,0.23857069113013507,78.66666666666666,5
valve1_0,Pressure,CBM 200,7,Chronos-2,0.23889590368301844,66.66666666666666,5
valve1_0,Pressure,CBM 200,7,TimesFM-2.5,0.23929640300241306,80.33333333333333,5
valve1_0,Pressure,CBM 200,7,TiRex,0.238208632299713,79.0,5
valve1_0,Pressure,CBM 200,8,Chronos-2,0.23825935325630637,68.66666666666667,5
valve1_0,Pressure,CBM 200,8,TimesFM-2.5,0.23785036160591544,79.33333333333333,5
valve1_0,Pressure,CBM 200,8,TiRex,0.23801950647411055,79.33333333333333,5
valve1_0,Pressure,CBM 200,9,Chronos-2,0.23931267586446095,67.0,5
valve1_0,Pressure,CBM 200,9,TimesFM-2.5,0.23873004182585303,79.66666666666666,5
valve1_0,Pressure,CBM 200,9,TiRex,0.23804820332400872,79.33333333333333,5
valve1_0,Pressure,CBM 400,0,Chronos-2,0.24101177750788916,71.0,5
valve1_0,Pressure,CBM 400,0,TimesFM-2.5,0.23760529537315714,81.66666666666667,5
valve1_0,Pressure,CBM 400,0,TiRex,0.23857416391883648,81.66666666666667,5
valve1_0,Pressure,CBM 400,1,Chronos-2,0.23992385161975419,74.66666666666667,5
valve1_0,Pressure,CBM 400,1,TimesFM-2.5,0.2410908382767879,79.0,5
valve1_0,Pressure,CBM 400,1,TiRex,0.24066294210582073,79.66666666666666,5
valve1_0,Pressure,CBM 400,2,Chronos-2,0.23938131044902772,72.0,5
valve1_0,Pressure,CBM 400,2,TimesFM-2.5,0.23789387938529116,81.0,5
valve1_0,Pressure,CBM 400,2,TiRex,0.2392102719980656,80.66666666666666,5
valve1_0,Pressure,CBM 400,3,Chronos-2,0.24047967274413673,71.0,5
valve1_0,Pressure,CBM 400,3,TimesFM-2.5,0.24035005230038495,79.0,5
valve1_0,Pressure,CBM 400,3,TiRex,0.24029444058585092,80.0,5
valve1_0,Pressure,CBM 400,4,Chronos-2,0.23948747231467962,71.66666666666667,5
valve1_0,Pressure,CBM 400,4,TimesFM-2.5,0.2401563598000787,79.0,5
valve1_0,Pressure,CBM 400,4,TiRex,0.2400374033272841,80.66666666666666,5
valve1_0,Pressure,CBM 400,5,Chronos-2,0.2406679175157458,69.0,5
valve1_0,Pressure,CBM 400,5,TimesFM-2.5,0.2389722016804922,80.0,5
valve1_0,Pressure,CBM 400,5,TiRex,0.23998476043962935,78.66666666666666,5
valve1_0,Pressure,CBM 400,6,Chronos-2,0.24066444450554186,68.33333333333333,5
valve1_0,Pressure,CBM 400,6,TimesFM-2.5,0.23998449219008844,80.0,5
valve1_0,Pressure,CBM 400,6,TiRex,0.23973373147472532,78.0,5
valve1_0,Pressure,CBM 400,7,Chronos-2,0.24060594437790467,72.66666666666667,5
valve1_0,Pressure,CBM 400,7,TimesFM-2.5,0.23858018478916093,80.66666666666666,5
valve1_0,Pressure,CBM 400,7,TiRex,0.23928365858197148,78.33333333333333,5
valve1_0,Pressure,CBM 400,8,Chronos-2,0.24223177768493487,70.33333333333334,5
valve1_0,Pressure,CBM 400,8,TimesFM-2.5,0.2388621039975531,74.33333333333333,5
valve1_0,Pressure,CBM 400,8,TiRex,0.2395283863430284,76.66666666666667,5
valve1_0,Pressure,CBM 400,9,Chronos-2,0.24005436659826065,67.33333333333333,5
valve1_0,Pressure,CBM 400,9,TimesFM-2.5,0.24054570322555538,80.66666666666666,5
valve1_0,Pressure,CBM 400,9,TiRex,0.2399567993386854,78.0,5
valve1_0,Pressure,PAI +2σ at 1%,0,Chronos-2,0.23885337131861933,68.66666666666667,5
valve1_0,Pressure,PAI +2σ at 1%,0,TimesFM-2.5,0.23878026055809468,78.66666666666666,5
valve1_0,Pressure,PAI +2σ at 1%,0,TiRex,0.23709053942183286,77.66666666666666,5
valve1_0,Pressure,PAI +2σ at 1%,1,Chronos-2,0.2389375194662932,66.66666666666666,5
valve1_0,Pressure,PAI +2σ at 1%,1,TimesFM-2.5,0.23874152176603597,78.66666666666666,5
valve1_0,Pressure,PAI +2σ at 1%,1,TiRex,0.23797129271737114,79.66666666666666,5
valve1_0,Pressure,PAI +2σ at 1%,2,Chronos-2,0.23880419263072958,70.33333333333334,5
valve1_0,Pressure,PAI +2σ at 1%,2,TimesFM-2.5,0.23877960919302238,78.66666666666666,5
valve1_0,Pressure,PAI +2σ at 1%,2,TiRex,0.23754176107463632,80.0,5
valve1_0,Pressure,PAI +2σ at 1%,3,Chronos-2,0.23892859146820924,68.66666666666667,5
valve1_0,Pressure,PAI +2σ at 1%,3,TimesFM-2.5,0.23877860349525598,78.66666666666666,5
valve1_0,Pressure,PAI +2σ at 1%,3,TiRex,0.2372847308770888,78.66666666666666,5
valve1_0,Pressure,PAI +2σ at 1%,4,Chronos-2,0.23884885415703153,66.66666666666666,5
valve1_0,Pressure,PAI +2σ at 1%,4,TimesFM-2.5,0.23874645129426333,78.66666666666666,5
valve1_0,Pressure,PAI +2σ at 1%,4,TiRex,0.2374090478517815,78.66666666666666,5
valve1_0,Pressure,PAI +2σ at 1%,5,Chronos-2,0.23881288048523794,70.66666666666667,5
valve1_0,Pressure,PAI +2σ at 1%,5,TimesFM-2.5,0.23879807422228322,78.66666666666666,5
valve1_0,Pressure,PAI +2σ at 1%,5,TiRex,0.2372079905929343,80.0,5
valve1_0,Pressure,PAI +2σ at 1%,6,Chronos-2,0.23872531430847502,66.66666666666666,5
valve1_0,Pressure,PAI +2σ at 1%,6,TimesFM-2.5,0.23875388302342215,78.66666666666666,5
valve1_0,Pressure,PAI +2σ at 1%,6,TiRex,0.23722977455443597,78.66666666666666,5
valve1_0,Pressure,PAI +2σ at 1%,7,Chronos-2,0.2388029478589329,67.66666666666666,5
valve1_0,Pressure,PAI +2σ at 1%,7,TimesFM-2.5,0.23871803534765662,78.66666666666666,5
valve1_0,Pressure,PAI +2σ at 1%,7,TiRex,0.23735615477273206,77.66666666666666,5
valve1_0,Pressure,PAI +2σ at 1%,8,Chronos-2,0.23878916365424516,68.66666666666667,5
valve1_0,Pressure,PAI +2σ at 1%,8,TimesFM-2.5,0.2387685799043224,78.66666666666666,5
valve1_0,Pressure,PAI +2σ at 1%,8,TiRex,0.2378355519899609,79.33333333333333,5
valve1_0,Pressure,PAI +2σ at 1%,9,Chronos-2,0.23897376247828522,68.0,5
valve1_0,Pressure,PAI +2σ at 1%,9,TimesFM-2.5,0.2388077514841963,78.66666666666666,5
valve1_0,Pressure,PAI +2σ at 1%,9,TiRex,0.23740932139921597,79.33333333333333,5
valve1_0,Pressure,PAI +3σ at 1%,0,Chronos-2,0.23892464144740166,69.33333333333334,5
valve1_0,Pressure,PAI +3σ at 1%,0,TimesFM-2.5,0.23868755103557576,79.33333333333333,5
valve1_0,Pressure,PAI +3σ at 1%,0,TiRex,0.23777634742009882,78.33333333333333,5
valve1_0,Pressure,PAI +3σ at 1%,1,Chronos-2,0.23894563375808867,68.33333333333333,5
valve1_0,Pressure,PAI +3σ at 1%,1,TimesFM-2.5,0.23871667716212142,78.33333333333333,5
valve1_0,Pressure,PAI +3σ at 1%,1,TiRex,0.23767752093984967,78.0,5
valve1_0,Pressure,PAI +3σ at 1%,2,Chronos-2,0.23896897091187683,69.66666666666667,5
valve1_0,Pressure,PAI +3σ at 1%,2,TimesFM-2.5,0.23899686718569782,78.66666666666666,5
valve1_0,Pressure,PAI +3σ at 1%,2,TiRex,0.23768027322736623,79.33333333333333,5
valve1_0,Pressure,PAI +3σ at 1%,3,Chronos-2,0.23887269198306318,67.33333333333333,5
valve1_0,Pressure,PAI +3σ at 1%,3,TimesFM-2.5,0.23845463249827395,78.66666666666666,5
valve1_0,Pressure,PAI +3σ at 1%,3,TiRex,0.23753909880014282,79.66666666666666,5
valve1_0,Pressure,PAI +3σ at 1%,4,Chronos-2,0.2388545422380195,67.66666666666666,5
valve1_0,Pressure,PAI +3σ at 1%,4,TimesFM-2.5,0.2387972818725324,78.66666666666666,5
valve1_0,Pressure,PAI +3σ at 1%,4,TiRex,0.23764453881403821,78.33333333333333,5
valve1_0,Pressure,PAI +3σ at 1%,5,Chronos-2,0.2388377607662246,69.0,5
valve1_0,Pressure,PAI +3σ at 1%,5,TimesFM-2.5,0.23802834034786435,78.66666666666666,5
valve1_0,Pressure,PAI +3σ at 1%,5,TiRex,0.237986880204887,79.66666666666666,5
valve1_0,Pressure,PAI +3σ at 1%,6,Chronos-2,0.23881636194611833,68.33333333333333,5
valve1_0,Pressure,PAI +3σ at 1%,6,TimesFM-2.5,0.2386227659088995,79.0,5
valve1_0,Pressure,PAI +3σ at 1%,6,TiRex,0.2371326179721645,78.33333333333333,5
valve1_0,Pressure,PAI +3σ at 1%,7,Chronos-2,0.23883628745925425,72.0,5
valve1_0,Pressure,PAI +3σ at 1%,7,TimesFM-2.5,0.2388766385793888,79.0,5
valve1_0,Pressure,PAI +3σ at 1%,7,TiRex,0.23732460597840485,78.0,5
valve1_0,Pressure,PAI +3σ at 1%,8,Chronos-2,0.2388267397828809,68.33333333333333,5
valve1_0,Pressure,PAI +3σ at 1%,8,TimesFM-2.5,0.23889939117854242,79.0,5
valve1_0,Pressure,PAI +3σ at 1%,8,TiRex,0.2377383513938348,79.33333333333333,5
valve1_0,Pressure,PAI +3σ at 1%,9,Chronos-2,0.23893283056738332,70.0,5
valve1_0,Pressure,PAI +3σ at 1%,9,TimesFM-2.5,0.23873655842496116,79.0,5
valve1_0,Pressure,PAI +3σ at 1%,9,TiRex,0.2380047136338598,78.33333333333333,5
valve1_0,Pressure,PAI +5σ at 1%,0,Chronos-2,0.23878866534392362,71.66666666666667,5
valve1_0,Pressure,PAI +5σ at 1%,0,TimesFM-2.5,0.23687030237118148,81.0,5
valve1_0,Pressure,PAI +5σ at 1%,0,TiRex,0.23841390513872918,78.33333333333333,5
valve1_0,Pressure,PAI +5σ at 1%,1,Chronos-2,0.23887041437754614,71.0,5
valve1_0,Pressure,PAI +5σ at 1%,1,TimesFM-2.5,0.2377311461084693,82.33333333333334,5
valve1_0,Pressure,PAI +5σ at 1%,1,TiRex,0.23839259336943916,79.33333333333333,5
valve1_0,Pressure,PAI +5σ at 1%,2,Chronos-2,0.23880323114568164,66.33333333333333,5
valve1_0,Pressure,PAI +5σ at 1%,2,TimesFM-2.5,0.23746598785559875,76.66666666666667,5
valve1_0,Pressure,PAI +5σ at 1%,2,TiRex,0.238499618342572,78.66666666666666,5
valve1_0,Pressure,PAI +5σ at 1%,3,Chronos-2,0.2388408026146357,70.33333333333334,5
valve1_0,Pressure,PAI +5σ at 1%,3,TimesFM-2.5,0.23831205227112542,80.33333333333333,5
valve1_0,Pressure,PAI +5σ at 1%,3,TiRex,0.2382524615239133,76.66666666666667,5
valve1_0,Pressure,PAI +5σ at 1%,4,Chronos-2,0.23891988327356814,67.66666666666666,5
valve1_0,Pressure,PAI +5σ at 1%,4,TimesFM-2.5,0.23769447560262968,79.0,5
valve1_0,Pressure,PAI +5σ at 1%,4,TiRex,0.23825898215786884,79.33333333333333,5
valve1_0,Pressure,PAI +5σ at 1%,5,Chronos-2,0.2389039610687911,70.66666666666667,5
valve1_0,Pressure,PAI +5σ at 1%,5,TimesFM-2.5,0.23776251928859843,79.0,5
valve1_0,Pressure,PAI +5σ at 1%,5,TiRex,0.2383831765526335,77.33333333333333,5
valve1_0,Pressure,PAI +5σ at 1%,6,Chronos-2,0.23877885283808864,70.33333333333334,5
valve1_0,Pressure,PAI +5σ at 1%,6,TimesFM-2.5,0.2371203920002156,81.33333333333333,5
valve1_0,Pressure,PAI +5σ at 1%,6,TiRex,0.23785268640730056,80.0,5
valve1_0,Pressure,PAI +5σ at 1%,7,Chronos-2,0.23878146864221483,71.0,5
valve1_0,Pressure,PAI +5σ at 1%,7,TimesFM-2.5,0.23657529304441896,78.0,5
valve1_0,Pressure,PAI +5σ at 1%,7,TiRex,0.23863761159734484,79.33333333333333,5
valve1_0,Pressure,PAI +5σ at 1%,8,Chronos-2,0.23877327279107183,71.33333333333334,5
valve1_0,Pressure,PAI +5σ at 1%,8,TimesFM-2.5,0.23755952255886026,77.33333333333333,5
valve1_0,Pressure,PAI +5σ at 1%,8,TiRex,0.23724529350208895,79.0,5
valve1_0,Pressure,PAI +5σ at 1%,9,Chronos-2,0.23877693803076924,71.0,5
valve1_0,Pressure,PAI +5σ at 1%,9,TimesFM-2.5,0.2382827953570379,82.33333333333334,5
valve1_0,Pressure,PAI +5σ at 1%,9,TiRex,0.23847278163948363,79.66666666666666,5
valve1_0,Temperature,Clean,0,Chronos-2,0.5809120457269287,75.0,5
valve1_0,Temperature,Clean,0,TimesFM-2.5,0.6852680568306901,77.66666666666666,5
valve1_0,Temperature,Clean,0,TiRex,0.7100887663492549,77.66666666666666,5
valve1_0,Temperature,RPM 5%,0,Chronos-2,0.6104731445006067,78.66666666666666,5
valve1_0,Temperature,RPM 5%,0,TimesFM-2.5,0.6812250033557323,78.0,5
valve1_0,Temperature,RPM 5%,0,TiRex,0.6895236818973868,73.0,5
valve1_0,Temperature,RPM 5%,1,Chronos-2,0.6197959266765467,77.66666666666666,5
valve1_0,Temperature,RPM 5%,1,TimesFM-2.5,0.6892477583656346,77.66666666666666,5
valve1_0,Temperature,RPM 5%,1,TiRex,0.6997671605220898,71.66666666666667,5
valve1_0,Temperature,RPM 5%,2,Chronos-2,0.6068312807351313,76.33333333333333,5
valve1_0,Temperature,RPM 5%,2,TimesFM-2.5,0.6809903913558225,78.0,5
valve1_0,Temperature,RPM 5%,2,TiRex,0.7064377252238464,76.33333333333333,5
valve1_0,Temperature,RPM 5%,3,Chronos-2,0.6093730768682257,78.66666666666666,5
valve1_0,Temperature,RPM 5%,3,TimesFM-2.5,0.6963543855226542,77.0,5
valve1_0,Temperature,RPM 5%,3,TiRex,0.7141940575706262,73.33333333333333,5
valve1_0,Temperature,RPM 5%,4,Chronos-2,0.6233337988908475,74.33333333333333,5
valve1_0,Temperature,RPM 5%,4,TimesFM-2.5,0.6756831465395648,78.0,5
valve1_0,Temperature,RPM 5%,4,TiRex,0.6779249700786125,73.33333333333333,5
valve1_0,Temperature,RPM 5%,5,Chronos-2,0.6084861569500927,77.33333333333333,5
valve1_0,Temperature,RPM 5%,5,TimesFM-2.5,0.6869099626504034,78.33333333333333,5
valve1_0,Temperature,RPM 5%,5,TiRex,0.6837378924859233,79.33333333333333,5
valve1_0,Temperature,RPM 5%,6,Chronos-2,0.6214719311344004,78.0,5
valve1_0,Temperature,RPM 5%,6,TimesFM-2.5,0.6795588552046342,78.0,5
valve1_0,Temperature,RPM 5%,6,TiRex,0.7021910622663337,72.33333333333334,5
valve1_0,Temperature,RPM 5%,7,Chronos-2,0.6217025393252553,76.33333333333333,5
valve1_0,Temperature,RPM 5%,7,TimesFM-2.5,0.675870409772944,78.66666666666666,5
valve1_0,Temperature,RPM 5%,7,TiRex,0.7060652812605828,79.66666666666666,5
valve1_0,Temperature,RPM 5%,8,Chronos-2,0.6286018298748589,75.33333333333333,5
valve1_0,Temperature,RPM 5%,8,TimesFM-2.5,0.681949455266148,78.33333333333333,5
valve1_0,Temperature,RPM 5%,8,TiRex,0.702330715792887,71.33333333333334,5
valve1_0,Temperature,RPM 5%,9,Chronos-2,0.6264357024196106,77.0,5
valve1_0,Temperature,RPM 5%,9,TimesFM-2.5,0.6937190640511469,77.66666666666666,5
valve1_0,Temperature,RPM 5%,9,TiRex,0.6962110576003446,70.66666666666667,5
valve1_0,Temperature,RPM 10%,0,Chronos-2,0.6610468015680189,75.0,5
valve1_0,Temperature,RPM 10%,0,TimesFM-2.5,0.682770824681498,77.33333333333333,5
valve1_0,Temperature,RPM 10%,0,TiRex,0.6926575713855003,68.66666666666667,5
valve1_0,Temperature,RPM 10%,1,Chronos-2,0.6459228908671252,78.0,5
valve1_0,Temperature,RPM 10%,1,TimesFM-2.5,0.6745229180976583,76.66666666666667,5
valve1_0,Temperature,RPM 10%,1,TiRex,0.6974084857355031,67.33333333333333,5
valve1_0,Temperature,RPM 10%,2,Chronos-2,0.6176378492428364,78.33333333333333,5
valve1_0,Temperature,RPM 10%,2,TimesFM-2.5,0.6913568694080451,77.33333333333333,5
valve1_0,Temperature,RPM 10%,2,TiRex,0.6886998209719681,70.0,5
valve1_0,Temperature,RPM 10%,3,Chronos-2,0.615614240239668,79.0,5
valve1_0,Temperature,RPM 10%,3,TimesFM-2.5,0.6868402134945888,77.66666666666666,5
valve1_0,Temperature,RPM 10%,3,TiRex,0.6951634147866503,70.66666666666667,5
valve1_0,Temperature,RPM 10%,4,Chronos-2,0.6192909264223494,78.33333333333333,5
valve1_0,Temperature,RPM 10%,4,TimesFM-2.5,0.6757261811672293,77.66666666666666,5
valve1_0,Temperature,RPM 10%,4,TiRex,0.691641046857821,68.66666666666667,5
valve1_0,Temperature,RPM 10%,5,Chronos-2,0.6049550927080036,75.33333333333333,5
valve1_0,Temperature,RPM 10%,5,TimesFM-2.5,0.6725737312409711,77.33333333333333,5
valve1_0,Temperature,RPM 10%,5,TiRex,0.6902058553741115,70.66666666666667,5
valve1_0,Temperature,RPM 10%,6,Chronos-2,0.6015613783430737,78.0,5
valve1_0,Temperature,RPM 10%,6,TimesFM-2.5,0.6805339378235262,78.66666666666666,5
valve1_0,Temperature,RPM 10%,6,TiRex,0.694891866598467,70.66666666666667,5
valve1_0,Temperature,RPM 10%,7,Chronos-2,0.6185072461607306,75.0,5
valve1_0,Temperature,RPM 10%,7,TimesFM-2.5,0.6823019649130663,77.66666666666666,5
valve1_0,Temperature,RPM 10%,7,TiRex,0.6971959368472876,74.66666666666667,5
valve1_0,Temperature,RPM 10%,8,Chronos-2,0.6004581074190579,78.0,5
valve1_0,Temperature,RPM 10%,8,TimesFM-2.5,0.6716942529262867,77.66666666666666,5
valve1_0,Temperature,RPM 10%,8,TiRex,0.7089289443537174,70.66666666666667,5
valve1_0,Temperature,RPM 10%,9,Chronos-2,0.5748045898675971,78.66666666666666,5
valve1_0,Temperature,RPM 10%,9,TimesFM-2.5,0.6790469818329483,78.0,5
valve1_0,Temperature,RPM 10%,9,TiRex,0.6840554738757983,72.0,5
valve1_0,Temperature,RPM 20%,0,Chronos-2,0.6006620345896844,78.33333333333333,5
valve1_0,Temperature,RPM 20%,0,TimesFM-2.5,0.678542741508651,79.0,5
valve1_0,Temperature,RPM 20%,0,TiRex,0.6934788681899074,67.33333333333333,5
valve1_0,Temperature,RPM 20%,1,Chronos-2,0.6137057370162244,74.33333333333333,5
valve1_0,Temperature,RPM 20%,1,TimesFM-2.5,0.6707254813923659,78.66666666666666,5
valve1_0,Temperature,RPM 20%,1,TiRex,0.7221991787930044,64.66666666666666,5
valve1_0,Temperature,RPM 20%,2,Chronos-2,0.5478917484573876,77.66666666666666,5
valve1_0,Temperature,RPM 20%,2,TimesFM-2.5,0.6797736106878782,77.33333333333333,5
valve1_0,Temperature,RPM 20%,2,TiRex,0.7097820388720012,69.0,5
valve1_0,Temperature,RPM 20%,3,Chronos-2,0.5280526524147481,77.0,5
valve1_0,Temperature,RPM 20%,3,TimesFM-2.5,0.6835286117191495,77.66666666666666,5
valve1_0,Temperature,RPM 20%,3,TiRex,0.7052472736201061,68.66666666666667,5
valve1_0,Temperature,RPM 20%,4,Chronos-2,0.5646243221298773,78.66666666666666,5
valve1_0,Temperature,RPM 20%,4,TimesFM-2.5,0.6798300675020433,77.66666666666666,5
valve1_0,Temperature,RPM 20%,4,TiRex,0.7031594398170546,67.0,5
valve1_0,Temperature,RPM 20%,5,Chronos-2,0.5269408006765389,77.0,5
valve1_0,Temperature,RPM 20%,5,TimesFM-2.5,0.6874243751760785,77.33333333333333,5
valve1_0,Temperature,RPM 20%,5,TiRex,0.706873372448505,65.66666666666666,5
valve1_0,Temperature,RPM 20%,6,Chronos-2,0.6027954683664435,78.66666666666666,5
valve1_0,Temperature,RPM 20%,6,TimesFM-2.5,0.6872899302225364,78.33333333333333,5
valve1_0,Temperature,RPM 20%,6,TiRex,0.6990076510156131,65.0,5
valve1_0,Temperature,RPM 20%,7,Chronos-2,0.6092077726234787,78.66666666666666,5
valve1_0,Temperature,RPM 20%,7,TimesFM-2.5,0.692789940817251,77.33333333333333,5
valve1_0,Temperature,RPM 20%,7,TiRex,0.7132637228576963,65.0,5
valve1_0,Temperature,RPM 20%,8,Chronos-2,0.6055208438002562,78.0,5
valve1_0,Temperature,RPM 20%,8,TimesFM-2.5,0.6736451712734868,77.66666666666666,5
valve1_0,Temperature,RPM 20%,8,TiRex,0.6927983306602835,67.0,5
valve1_0,Temperature,RPM 20%,9,Chronos-2,0.5958537082516289,76.33333333333333,5
valve1_0,Temperature,RPM 20%,9,TimesFM-2.5,0.6812917465251253,77.0,5
valve1_0,Temperature,RPM 20%,9,TiRex,0.7011004388016449,65.0,5
valve1_0,Temperature,CBM 100,0,Chronos-2,0.6133128218693876,73.66666666666667,5
valve1_0,Temperature,CBM 100,0,TimesFM-2.5,0.6590024990331276,80.66666666666666,5
valve1_0,Temperature,CBM 100,0,TiRex,0.7097871106732019,77.66666666666666,5
valve1_0,Temperature,CBM 100,1,Chronos-2,0.6083317823408144,78.33333333333333,5
valve1_0,Temperature,CBM 100,1,TimesFM-2.5,0.6862123798290868,77.66666666666666,5
valve1_0,Temperature,CBM 100,1,TiRex,0.7380347750996261,77.66666666666666,5
valve1_0,Temperature,CBM 100,2,Chronos-2,0.6001356351626056,74.33333333333333,5
valve1_0,Temperature,CBM 100,2,TimesFM-2.5,0.6367487326459103,77.66666666666666,5
valve1_0,Temperature,CBM 100,2,TiRex,0.6976585506074252,77.66666666666666,5
valve1_0,Temperature,CBM 100,3,Chronos-2,0.5986009039456305,74.33333333333333,5
valve1_0,Temperature,CBM 100,3,TimesFM-2.5,0.6256437442677132,78.33333333333333,5
valve1_0,Temperature,CBM 100,3,TiRex,0.6941198178486325,77.66666666666666,5
valve1_0,Temperature,CBM 100,4,Chronos-2,0.6004723910490725,78.0,5
valve1_0,Temperature,CBM 100,4,TimesFM-2.5,0.6316720067893059,80.0,5
valve1_0,Temperature,CBM 100,4,TiRex,0.7143565077094012,77.66666666666666,5
valve1_0,Temperature,CBM 100,5,Chronos-2,0.6172589080999786,77.66666666666666,5
valve1_0,Temperature,CBM 100,5,TimesFM-2.5,0.6701119982881261,79.33333333333333,5
valve1_0,Temperature,CBM 100,5,TiRex,0.7110214306940359,78.0,5
valve1_0,Temperature,CBM 100,6,Chronos-2,0.5673474280247942,75.66666666666667,5
valve1_0,Temperature,CBM 100,6,TimesFM-2.5,0.626225313010887,77.66666666666666,5
valve1_0,Temperature,CBM 100,6,TiRex,0.6827163361701788,79.33333333333333,5
valve1_0,Temperature,CBM 100,7,Chronos-2,0.5784017750415795,78.33333333333333,5
valve1_0,Temperature,CBM 100,7,TimesFM-2.5,0.6689702142007241,77.66666666666666,5
valve1_0,Temperature,CBM 100,7,TiRex,0.7219772569283806,77.33333333333333,5
valve1_0,Temperature,CBM 100,8,Chronos-2,0.6380416958651519,74.66666666666667,5
valve1_0,Temperature,CBM 100,8,TimesFM-2.5,0.6459462160103375,77.66666666666666,5
valve1_0,Temperature,CBM 100,8,TiRex,0.6941898640975834,77.66666666666666,5
valve1_0,Temperature,CBM 100,9,Chronos-2,0.6106773454802343,77.0,5
valve1_0,Temperature,CBM 100,9,TimesFM-2.5,0.6713292686233036,79.66666666666666,5
valve1_0,Temperature,CBM 100,9,TiRex,0.736032426303439,79.33333333333333,5
valve1_0,Temperature,CBM 200,0,Chronos-2,0.670655899253805,79.0,5
valve1_0,Temperature,CBM 200,0,TimesFM-2.5,0.698940968843863,80.66666666666666,5
valve1_0,Temperature,CBM 200,0,TiRex,0.7092082264044963,81.33333333333333,5
valve1_0,Temperature,CBM 200,1,Chronos-2,0.6782646193415055,77.66666666666666,5
valve1_0,Temperature,CBM 200,1,TimesFM-2.5,0.6811273664376526,78.33333333333333,5
valve1_0,Temperature,CBM 200,1,TiRex,0.7273600067749797,77.66666666666666,5
valve1_0,Temperature,CBM 200,2,Chronos-2,0.6312017890562728,78.66666666666666,5
valve1_0,Temperature,CBM 200,2,TimesFM-2.5,0.6590548817448338,81.0,5
valve1_0,Temperature,CBM 200,2,TiRex,0.7224714153142933,78.0,5
valve1_0,Temperature,CBM 200,3,Chronos-2,0.6576660688753246,74.33333333333333,5
valve1_0,Temperature,CBM 200,3,TimesFM-2.5,0.6805026680470193,78.33333333333333,5
valve1_0,Temperature,CBM 200,3,TiRex,0.7484867769548267,77.0,5
valve1_0,Temperature,CBM 200,4,Chronos-2,0.6581059458657417,78.0,5
valve1_0,Temperature,CBM 200,4,TimesFM-2.5,0.6759899427102029,80.66666666666666,5
valve1_0,Temperature,CBM 200,4,TiRex,0.7514742360987933,77.66666666666666,5
valve1_0,Temperature,CBM 200,5,Chronos-2,0.5201271320502694,75.33333333333333,5
valve1_0,Temperature,CBM 200,5,TimesFM-2.5,0.6846065071274835,80.33333333333333,5
valve1_0,Temperature,CBM 200,5,TiRex,0.7216503135965527,81.0,5
valve1_0,Temperature,CBM 200,6,Chronos-2,0.6776883061723394,76.0,5
valve1_0,Temperature,CBM 200,6,TimesFM-2.5,0.7191564694141569,78.66666666666666,5
valve1_0,Temperature,CBM 200,6,TiRex,0.7358656232653615,79.66666666666666,5
valve1_0,Temperature,CBM 200,7,Chronos-2,0.62319400230562,78.0,5
valve1_0,Temperature,CBM 200,7,TimesFM-2.5,0.6655637212550104,79.0,5
valve1_0,Temperature,CBM 200,7,TiRex,0.699030980598634,79.66666666666666,5
valve1_0,Temperature,CBM 200,8,Chronos-2,0.6353767575809761,77.0,5
valve1_0,Temperature,CBM 200,8,TimesFM-2.5,0.6944217297449135,79.33333333333333,5
valve1_0,Temperature,CBM 200,8,TiRex,0.7203448789743185,78.33333333333333,5
valve1_0,Temperature,CBM 200,9,Chronos-2,0.6219036100671422,78.0,5
valve1_0,Temperature,CBM 200,9,TimesFM-2.5,0.6791448849756268,79.0,5
valve1_0,Temperature,CBM 200,9,TiRex,0.7374927157354,79.33333333333333,5
valve1_0,Temperature,CBM 400,0,Chronos-2,0.7669334816635841,74.33333333333333,5
valve1_0,Temperature,CBM 400,0,TimesFM-2.5,0.7537227454240933,75.33333333333333,5
valve1_0,Temperature,CBM 400,0,TiRex,0.7521283168565239,79.0,5
valve1_0,Temperature,CBM 400,1,Chronos-2,0.7476778404977902,78.33333333333333,5
valve1_0,Temperature,CBM 400,1,TimesFM-2.5,0.7524503215402012,79.0,5
valve1_0,Temperature,CBM 400,1,TiRex,0.7109862485987846,80.33333333333333,5
valve1_0,Temperature,CBM 400,2,Chronos-2,0.7511002711823996,77.66666666666666,5
valve1_0,Temperature,CBM 400,2,TimesFM-2.5,0.7465771716066821,75.0,5
valve1_0,Temperature,CBM 400,2,TiRex,0.7106666435754251,78.66666666666666,5
valve1_0,Temperature,CBM 400,3,Chronos-2,0.7852363868277319,74.33333333333333,5
valve1_0,Temperature,CBM 400,3,TimesFM-2.5,0.7296982221750058,74.0,5
valve1_0,Temperature,CBM 400,3,TiRex,0.7067105522749667,77.66666666666666,5
valve1_0,Temperature,CBM 400,4,Chronos-2,0.7506720192430967,77.66666666666666,5
valve1_0,Temperature,CBM 400,4,TimesFM-2.5,0.750233271672333,76.33333333333333,5
valve1_0,Temperature,CBM 400,4,TiRex,0.7445609719114992,78.33333333333333,5
valve1_0,Temperature,CBM 400,5,Chronos-2,0.695508993860908,78.33333333333333,5
valve1_0,Temperature,CBM 400,5,TimesFM-2.5,0.7385673023585888,72.0,5
valve1_0,Temperature,CBM 400,5,TiRex,0.7506739862554,79.0,5
valve1_0,Temperature,CBM 400,6,Chronos-2,0.7056783842413652,78.66666666666666,5
valve1_0,Temperature,CBM 400,6,TimesFM-2.5,0.7350703143859921,74.0,5
valve1_0,Temperature,CBM 400,6,TiRex,0.7563633329542482,78.33333333333333,5
valve1_0,Temperature,CBM 400,7,Chronos-2,0.7250921932955496,74.66666666666667,5
valve1_0,Temperature,CBM 400,7,TimesFM-2.5,0.7326311808225191,75.33333333333333,5
valve1_0,Temperature,CBM 400,7,TiRex,0.8071707445257221,75.66666666666667,5
valve1_0,Temperature,CBM 400,8,Chronos-2,0.6899241599207904,77.66666666666666,5
valve1_0,Temperature,CBM 400,8,TimesFM-2.5,0.7325798661631896,75.33333333333333,5
valve1_0,Temperature,CBM 400,8,TiRex,0.7938707535737994,79.33333333333333,5
valve1_0,Temperature,CBM 400,9,Chronos-2,0.7348613329598326,77.0,5
valve1_0,Temperature,CBM 400,9,TimesFM-2.5,0.7364265318558123,76.33333333333333,5
valve1_0,Temperature,CBM 400,9,TiRex,0.7130890194869185,78.66666666666666,5
valve1_0,Temperature,PAI +2σ at 1%,0,Chronos-2,0.6199527259803468,78.66666666666666,5
valve1_0,Temperature,PAI +2σ at 1%,0,TimesFM-2.5,0.6999012477409796,79.33333333333333,5
valve1_0,Temperature,PAI +2σ at 1%,0,TiRex,0.705456869009413,80.33333333333333,5
valve1_0,Temperature,PAI +2σ at 1%,1,Chronos-2,0.6140805887064092,78.66666666666666,5
valve1_0,Temperature,PAI +2σ at 1%,1,TimesFM-2.5,0.6994165719321861,80.66666666666666,5
valve1_0,Temperature,PAI +2σ at 1%,1,TiRex,0.6980642174707278,81.0,5
valve1_0,Temperature,PAI +2σ at 1%,2,Chronos-2,0.6261247326879005,77.0,5
valve1_0,Temperature,PAI +2σ at 1%,2,TimesFM-2.5,0.6839440953612622,80.0,5
valve1_0,Temperature,PAI +2σ at 1%,2,TiRex,0.6951181473110843,81.0,5
valve1_0,Temperature,PAI +2σ at 1%,3,Chronos-2,0.6091812491232886,78.66666666666666,5
valve1_0,Temperature,PAI +2σ at 1%,3,TimesFM-2.5,0.7054347891677825,78.66666666666666,5
valve1_0,Temperature,PAI +2σ at 1%,3,TiRex,0.7020672188774656,81.0,5
valve1_0,Temperature,PAI +2σ at 1%,4,Chronos-2,0.5824474883365992,77.66666666666666,5
valve1_0,Temperature,PAI +2σ at 1%,4,TimesFM-2.5,0.703627673511676,75.33333333333333,5
valve1_0,Temperature,PAI +2σ at 1%,4,TiRex,0.7292174734043873,80.66666666666666,5
valve1_0,Temperature,PAI +2σ at 1%,5,Chronos-2,0.5957694594391454,79.33333333333333,5
valve1_0,Temperature,PAI +2σ at 1%,5,TimesFM-2.5,0.6898024297870037,78.33333333333333,5
valve1_0,Temperature,PAI +2σ at 1%,5,TiRex,0.7136664763745192,78.0,5
valve1_0,Temperature,PAI +2σ at 1%,6,Chronos-2,0.5948776809505153,77.33333333333333,5
valve1_0,Temperature,PAI +2σ at 1%,6,TimesFM-2.5,0.6993105897135004,79.66666666666666,5
valve1_0,Temperature,PAI +2σ at 1%,6,TiRex,0.7035148302855713,78.0,5
valve1_0,Temperature,PAI +2σ at 1%,7,Chronos-2,0.6009265049169146,77.33333333333333,5
valve1_0,Temperature,PAI +2σ at 1%,7,TimesFM-2.5,0.6958644612158917,75.33333333333333,5
valve1_0,Temperature,PAI +2σ at 1%,7,TiRex,0.7076605791275146,80.0,5
valve1_0,Temperature,PAI +2σ at 1%,8,Chronos-2,0.5996203150056011,77.66666666666666,5
valve1_0,Temperature,PAI +2σ at 1%,8,TimesFM-2.5,0.7174967320157595,78.66666666666666,5
valve1_0,Temperature,PAI +2σ at 1%,8,TiRex,0.7051969127539837,81.0,5
valve1_0,Temperature,PAI +2σ at 1%,9,Chronos-2,0.601851547138291,78.0,5
valve1_0,Temperature,PAI +2σ at 1%,9,TimesFM-2.5,0.6858543626854888,79.0,5
valve1_0,Temperature,PAI +2σ at 1%,9,TiRex,0.6926135364501895,81.0,5
valve1_0,Temperature,PAI +3σ at 1%,0,Chronos-2,0.5938340005568067,78.0,5
valve1_0,Temperature,PAI +3σ at 1%,0,TimesFM-2.5,0.7087926854216823,73.33333333333333,5
valve1_0,Temperature,PAI +3σ at 1%,0,TiRex,0.7153800232805377,81.0,5
valve1_0,Temperature,PAI +3σ at 1%,1,Chronos-2,0.6120000282432966,78.66666666666666,5
valve1_0,Temperature,PAI +3σ at 1%,1,TimesFM-2.5,0.7279522109109208,76.33333333333333,5
valve1_0,Temperature,PAI +3σ at 1%,1,TiRex,0.6960492642866627,81.0,5
valve1_0,Temperature,PAI +3σ at 1%,2,Chronos-2,0.6070135372271717,78.66666666666666,5
valve1_0,Temperature,PAI +3σ at 1%,2,TimesFM-2.5,0.7308157358800986,79.0,5
valve1_0,Temperature,PAI +3σ at 1%,2,TiRex,0.6957137290629527,79.33333333333333,5
valve1_0,Temperature,PAI +3σ at 1%,3,Chronos-2,0.591581956640437,78.0,5
valve1_0,Temperature,PAI +3σ at 1%,3,TimesFM-2.5,0.7228389628323191,75.66666666666667,5
valve1_0,Temperature,PAI +3σ at 1%,3,TiRex,0.7063909736220784,80.33333333333333,5
valve1_0,Temperature,PAI +3σ at 1%,4,Chronos-2,0.588699603023632,79.0,5
valve1_0,Temperature,PAI +3σ at 1%,4,TimesFM-2.5,0.6963828400788743,75.66666666666667,5
valve1_0,Temperature,PAI +3σ at 1%,4,TiRex,0.6868447742110608,79.66666666666666,5
valve1_0,Temperature,PAI +3σ at 1%,5,Chronos-2,0.6116315005588434,78.33333333333333,5
valve1_0,Temperature,PAI +3σ at 1%,5,TimesFM-2.5,0.7086817700088056,76.0,5
valve1_0,Temperature,PAI +3σ at 1%,5,TiRex,0.7033380536393117,80.33333333333333,5
valve1_0,Temperature,PAI +3σ at 1%,6,Chronos-2,0.6117860769759427,78.66666666666666,5
valve1_0,Temperature,PAI +3σ at 1%,6,TimesFM-2.5,0.7163222352240987,75.66666666666667,5
valve1_0,Temperature,PAI +3σ at 1%,6,TiRex,0.7113016168051972,79.66666666666666,5
valve1_0,Temperature,PAI +3σ at 1%,7,Chronos-2,0.5855954638384526,77.66666666666666,5
valve1_0,Temperature,PAI +3σ at 1%,7,TimesFM-2.5,0.7210575776013005,76.66666666666667,5
valve1_0,Temperature,PAI +3σ at 1%,7,TiRex,0.7014037555713161,79.66666666666666,5
valve1_0,Temperature,PAI +3σ at 1%,8,Chronos-2,0.6254624890456606,79.0,5
valve1_0,Temperature,PAI +3σ at 1%,8,TimesFM-2.5,0.7208415106078474,79.33333333333333,5
valve1_0,Temperature,PAI +3σ at 1%,8,TiRex,0.6932616153187074,80.33333333333333,5
valve1_0,Temperature,PAI +3σ at 1%,9,Chronos-2,0.6112575765911534,78.0,5
valve1_0,Temperature,PAI +3σ at 1%,9,TimesFM-2.5,0.7202061626059303,78.33333333333333,5
valve1_0,Temperature,PAI +3σ at 1%,9,TiRex,0.710837713073324,78.0,5
valve1_0,Temperature,PAI +5σ at 1%,0,Chronos-2,0.6047579876573959,78.33333333333333,5
valve1_0,Temperature,PAI +5σ at 1%,0,TimesFM-2.5,0.709364571278259,77.0,5
valve1_0,Temperature,PAI +5σ at 1%,0,TiRex,0.6956629561572909,79.33333333333333,5
valve1_0,Temperature,PAI +5σ at 1%,1,Chronos-2,0.6445518802889713,76.66666666666667,5
valve1_0,Temperature,PAI +5σ at 1%,1,TimesFM-2.5,0.7312487622605048,75.66666666666667,5
valve1_0,Temperature,PAI +5σ at 1%,1,TiRex,0.7080983431951936,79.0,5
valve1_0,Temperature,PAI +5σ at 1%,2,Chronos-2,0.5887457017897635,76.33333333333333,5
valve1_0,Temperature,PAI +5σ at 1%,2,TimesFM-2.5,0.7137934827654652,78.66666666666666,5
valve1_0,Temperature,PAI +5σ at 1%,2,TiRex,0.7227159844656523,80.33333333333333,5
valve1_0,Temperature,PAI +5σ at 1%,3,Chronos-2,0.5977994788100636,79.33333333333333,5
valve1_0,Temperature,PAI +5σ at 1%,3,TimesFM-2.5,0.7515658872501335,78.0,5
valve1_0,Temperature,PAI +5σ at 1%,3,TiRex,0.7092788660467265,78.66666666666666,5
valve1_0,Temperature,PAI +5σ at 1%,4,Chronos-2,0.5990080091201722,78.33333333333333,5
valve1_0,Temperature,PAI +5σ at 1%,4,TimesFM-2.5,0.7433698868066758,74.66666666666667,5
valve1_0,Temperature,PAI +5σ at 1%,4,TiRex,0.7087993547884323,76.33333333333333,5
valve1_0,Temperature,PAI +5σ at 1%,5,Chronos-2,0.5931359866169507,78.66666666666666,5
valve1_0,Temperature,PAI +5σ at 1%,5,TimesFM-2.5,0.7079368872214379,73.66666666666667,5
valve1_0,Temperature,PAI +5σ at 1%,5,TiRex,0.7172380184762158,75.66666666666667,5
valve1_0,Temperature,PAI +5σ at 1%,6,Chronos-2,0.6139505516624497,79.33333333333333,5
valve1_0,Temperature,PAI +5σ at 1%,6,TimesFM-2.5,0.7418705729880232,74.0,5
valve1_0,Temperature,PAI +5σ at 1%,6,TiRex,0.694051046095583,75.33333333333333,5
valve1_0,Temperature,PAI +5σ at 1%,7,Chronos-2,0.604533084223938,79.33333333333333,5
valve1_0,Temperature,PAI +5σ at 1%,7,TimesFM-2.5,0.7258041900485035,75.66666666666667,5
valve1_0,Temperature,PAI +5σ at 1%,7,TiRex,0.6987524150892147,79.0,5
valve1_0,Temperature,PAI +5σ at 1%,8,Chronos-2,0.5869175407079954,74.33333333333333,5
valve1_0,Temperature,PAI +5σ at 1%,8,TimesFM-2.5,0.7319556408370091,77.66666666666666,5
valve1_0,Temperature,PAI +5σ at 1%,8,TiRex,0.6905529594481175,79.66666666666666,5
valve1_0,Temperature,PAI +5σ at 1%,9,Chronos-2,0.6338392161235908,77.33333333333333,5
valve1_0,Temperature,PAI +5σ at 1%,9,TimesFM-2.5,0.7247593811140214,75.0,5
valve1_0,Temperature,PAI +5σ at 1%,9,TiRex,0.716611125168057,77.33333333333333,5
valve1_0,Thermocouple,Clean,0,Chronos-2,0.011669068649456493,94.66666666666667,5
valve1_0,Thermocouple,Clean,0,TimesFM-2.5,0.011091723409611029,95.66666666666667,5
valve1_0,Thermocouple,Clean,0,TiRex,0.013796714241330627,91.66666666666666,5
valve1_0,Thermocouple,RPM 5%,0,Chronos-2,0.010610991793484292,92.33333333333333,5
valve1_0,Thermocouple,RPM 5%,0,TimesFM-2.5,0.010982308161690968,96.33333333333334,5
valve1_0,Thermocouple,RPM 5%,0,TiRex,0.013652564422244915,85.0,5
valve1_0,Thermocouple,RPM 5%,1,Chronos-2,0.010821175379398987,93.0,5
valve1_0,Thermocouple,RPM 5%,1,TimesFM-2.5,0.010992927669590941,96.0,5
valve1_0,Thermocouple,RPM 5%,1,TiRex,0.013602383227931659,85.0,5
valve1_0,Thermocouple,RPM 5%,2,Chronos-2,0.011019614861530618,92.33333333333333,5
valve1_0,Thermocouple,RPM 5%,2,TimesFM-2.5,0.011029996501274756,96.33333333333334,5
valve1_0,Thermocouple,RPM 5%,2,TiRex,0.013878180804594653,86.33333333333333,5
valve1_0,Thermocouple,RPM 5%,3,Chronos-2,0.011686748415824672,92.66666666666666,5
valve1_0,Thermocouple,RPM 5%,3,TimesFM-2.5,0.01081193805203206,96.33333333333334,5
valve1_0,Thermocouple,RPM 5%,3,TiRex,0.013499706338634296,88.0,5
valve1_0,Thermocouple,RPM 5%,4,Chronos-2,0.011044090808367232,92.0,5
valve1_0,Thermocouple,RPM 5%,4,TimesFM-2.5,0.01090726233274661,96.33333333333334,5
valve1_0,Thermocouple,RPM 5%,4,TiRex,0.013784971062075655,86.33333333333333,5
valve1_0,Thermocouple,RPM 5%,5,Chronos-2,0.01097723586792419,94.66666666666667,5
valve1_0,Thermocouple,RPM 5%,5,TimesFM-2.5,0.010776900091183919,96.66666666666667,5
valve1_0,Thermocouple,RPM 5%,5,TiRex,0.014203537971508183,83.33333333333334,5
valve1_0,Thermocouple,RPM 5%,6,Chronos-2,0.010974591880784142,92.66666666666666,5
valve1_0,Thermocouple,RPM 5%,6,TimesFM-2.5,0.010947924484673528,96.0,5
valve1_0,Thermocouple,RPM 5%,6,TiRex,0.01406551124927023,79.66666666666666,5
valve1_0,Thermocouple,RPM 5%,7,Chronos-2,0.011459293172737348,91.0,5
valve1_0,Thermocouple,RPM 5%,7,TimesFM-2.5,0.011001363131755464,96.66666666666667,5
valve1_0,Thermocouple,RPM 5%,7,TiRex,0.013619307217074163,86.0,5
valve1_0,Thermocouple,RPM 5%,8,Chronos-2,0.01117367012575167,94.66666666666667,5
valve1_0,Thermocouple,RPM 5%,8,TimesFM-2.5,0.01098339187935484,96.33333333333334,5
valve1_0,Thermocouple,RPM 5%,8,TiRex,0.013455893071666987,86.33333333333333,5
valve1_0,Thermocouple,RPM 5%,9,Chronos-2,0.01105345630160342,92.66666666666666,5
valve1_0,Thermocouple,RPM 5%,9,TimesFM-2.5,0.010970360499687517,96.66666666666667,5
valve1_0,Thermocouple,RPM 5%,9,TiRex,0.013909442864613354,88.0,5
valve1_0,Thermocouple,RPM 10%,0,Chronos-2,0.011619147656620137,92.33333333333333,5
valve1_0,Thermocouple,RPM 10%,0,TimesFM-2.5,0.011032567058501848,96.0,5
valve1_0,Thermocouple,RPM 10%,0,TiRex,0.013791730477956097,80.66666666666666,5
valve1_0,Thermocouple,RPM 10%,1,Chronos-2,0.011671084401743722,89.33333333333333,5
valve1_0,Thermocouple,RPM 10%,1,TimesFM-2.5,0.010978519365552239,97.0,5
valve1_0,Thermocouple,RPM 10%,1,TiRex,0.014126001369022778,78.0,5
valve1_0,Thermocouple,RPM 10%,2,Chronos-2,0.011303305538722436,92.66666666666666,5
valve1_0,Thermocouple,RPM 10%,2,TimesFM-2.5,0.011134557220636799,96.33333333333334,5
valve1_0,Thermocouple,RPM 10%,2,TiRex,0.013725509954849854,74.33333333333333,5
valve1_0,Thermocouple,RPM 10%,3,Chronos-2,0.011499002177224885,90.66666666666666,5
valve1_0,Thermocouple,RPM 10%,3,TimesFM-2.5,0.010884712295747149,96.66666666666667,5
valve1_0,Thermocouple,RPM 10%,3,TiRex,0.014161834352309714,79.66666666666666,5
valve1_0,Thermocouple,RPM 10%,4,Chronos-2,0.011320013439498686,92.0,5
valve1_0,Thermocouple,RPM 10%,4,TimesFM-2.5,0.011364791679047616,96.66666666666667,5
valve1_0,Thermocouple,RPM 10%,4,TiRex,0.013542728480381523,82.33333333333334,5
valve1_0,Thermocouple,RPM 10%,5,Chronos-2,0.011249559098898658,93.66666666666667,5
valve1_0,Thermocouple,RPM 10%,5,TimesFM-2.5,0.011297847098056785,96.33333333333334,5
valve1_0,Thermocouple,RPM 10%,5,TiRex,0.013796384040302713,80.0,5
valve1_0,Thermocouple,RPM 10%,6,Chronos-2,0.011624622199055629,91.0,5
valve1_0,Thermocouple,RPM 10%,6,TimesFM-2.5,0.011255307491352935,96.0,5
valve1_0,Thermocouple,RPM 10%,6,TiRex,0.014808710258828078,74.0,5
valve1_0,Thermocouple,RPM 10%,7,Chronos-2,0.01085061294072638,95.0,5
valve1_0,Thermocouple,RPM 10%,7,TimesFM-2.5,0.011557271926404229,95.0,5
valve1_0,Thermocouple,RPM 10%,7,TiRex,0.01341195555482764,84.66666666666667,5
valve1_0,Thermocouple,RPM 10%,8,Chronos-2,0.011033708225316366,90.0,5
valve1_0,Thermocouple,RPM 10%,8,TimesFM-2.5,0.010979284824127317,97.0,5
valve1_0,Thermocouple,RPM 10%,8,TiRex,0.013630002366971015,81.66666666666667,5
valve1_0,Thermocouple,RPM 10%,9,Chronos-2,0.010915171182456149,92.66666666666666,5
valve1_0,Thermocouple,RPM 10%,9,TimesFM-2.5,0.011037279952878357,96.33333333333334,5
valve1_0,Thermocouple,RPM 10%,9,TiRex,0.014296526841970386,78.0,5
valve1_0,Thermocouple,RPM 20%,0,Chronos-2,0.012907311115233636,86.0,5
valve1_0,Thermocouple,RPM 20%,0,TimesFM-2.5,0.011092537098256831,95.0,5
valve1_0,Thermocouple,RPM 20%,0,TiRex,0.013828452399891812,80.33333333333333,5
valve1_0,Thermocouple,RPM 20%,1,Chronos-2,0.011594135208140961,89.0,5
valve1_0,Thermocouple,RPM 20%,1,TimesFM-2.5,0.011274115928055375,95.0,5
valve1_0,Thermocouple,RPM 20%,1,TiRex,0.014034658554803943,77.0,5
valve1_0,Thermocouple,RPM 20%,2,Chronos-2,0.011989677112128847,89.66666666666666,5
valve1_0,Thermocouple,RPM 20%,2,TimesFM-2.5,0.011215941482591455,97.0,5
valve1_0,Thermocouple,RPM 20%,2,TiRex,0.014284839932734971,81.33333333333333,5
valve1_0,Thermocouple,RPM 20%,3,Chronos-2,0.012134610544903142,91.66666666666666,5
valve1_0,Thermocouple,RPM 20%,3,TimesFM-2.5,0.011732054883789802,94.33333333333334,5
valve1_0,Thermocouple,RPM 20%,3,TiRex,0.013115608540963972,85.0,5
valve1_0,Thermocouple,RPM 20%,4,Chronos-2,0.011679665152846722,90.66666666666666,5
valve1_0,Thermocouple,RPM 20%,4,TimesFM-2.5,0.011469009075113895,96.0,5
valve1_0,Thermocouple,RPM 20%,4,TiRex,0.01383132181881597,78.33333333333333,5
valve1_0,Thermocouple,RPM 20%,5,Chronos-2,0.012973773071225627,89.33333333333333,5
valve1_0,Thermocouple,RPM 20%,5,TimesFM-2.5,0.011193632117084412,95.66666666666667,5
valve1_0,Thermocouple,RPM 20%,5,TiRex,0.014212695293445909,79.0,5
valve1_0,Thermocouple,RPM 20%,6,Chronos-2,0.012968457344531038,88.66666666666667,5
valve1_0,Thermocouple,RPM 20%,6,TimesFM-2.5,0.011357453891161017,95.66666666666667,5
valve1_0,Thermocouple,RPM 20%,6,TiRex,0.015514305280458076,76.0,5
valve1_0,Thermocouple,RPM 20%,7,Chronos-2,0.011872234465894095,89.0,5
valve1_0,Thermocouple,RPM 20%,7,TimesFM-2.5,0.011619743293975077,95.0,5
valve1_0,Thermocouple,RPM 20%,7,TiRex,0.013369590776838861,81.66666666666667,5
valve1_0,Thermocouple,RPM 20%,8,Chronos-2,0.012470828824335041,90.0,5
valve1_0,Thermocouple,RPM 20%,8,TimesFM-2.5,0.011603834415051794,95.0,5
valve1_0,Thermocouple,RPM 20%,8,TiRex,0.015021217838989884,73.66666666666667,5
valve1_0,Thermocouple,RPM 20%,9,Chronos-2,0.011640264070716529,91.0,5
valve1_0,Thermocouple,RPM 20%,9,TimesFM-2.5,0.011917827362931703,91.66666666666666,5
valve1_0,Thermocouple,RPM 20%,9,TiRex,0.01424534893748098,77.0,5
valve1_0,Thermocouple,CBM 100,0,Chronos-2,0.011182985107178025,93.66666666666667,5
valve1_0,Thermocouple,CBM 100,0,TimesFM-2.5,0.011017729709109678,97.0,5
valve1_0,Thermocouple,CBM 100,0,TiRex,0.013737974553624556,91.66666666666666,5
valve1_0,Thermocouple,CBM 100,1,Chronos-2,0.010869578646227817,95.0,5
valve1_0,Thermocouple,CBM 100,1,TimesFM-2.5,0.011232394234462406,96.0,5
valve1_0,Thermocouple,CBM 100,1,TiRex,0.013895057000094685,91.66666666666666,5
valve1_0,Thermocouple,CBM 100,2,Chronos-2,0.01100203951591565,95.66666666666667,5
valve1_0,Thermocouple,CBM 100,2,TimesFM-2.5,0.011740073634167333,97.33333333333334,5
valve1_0,Thermocouple,CBM 100,2,TiRex,0.01509222237433566,90.0,5
valve1_0,Thermocouple,CBM 100,3,Chronos-2,0.011098266922036975,94.33333333333334,5
valve1_0,Thermocouple,CBM 100,3,TimesFM-2.5,0.011447486153118098,96.33333333333334,5
valve1_0,Thermocouple,CBM 100,3,TiRex,0.01324760521497656,93.33333333333333,5
valve1_0,Thermocouple,CBM 100,4,Chronos-2,0.010665095937404029,97.66666666666667,5
valve1_0,Thermocouple,CBM 100,4,TimesFM-2.5,0.011807466250226379,94.66666666666667,5
valve1_0,Thermocouple,CBM 100,4,TiRex,0.013402338765028625,94.33333333333334,5
valve1_0,Thermocouple,CBM 100,5,Chronos-2,0.0117868050707802,94.33333333333334,5
valve1_0,Thermocouple,CBM 100,5,TimesFM-2.5,0.011522875796194196,91.33333333333333,5
valve1_0,Thermocouple,CBM 100,5,TiRex,0.014042166765066505,89.66666666666666,5
valve1_0,Thermocouple,CBM 100,6,Chronos-2,0.011510013891887333,94.66666666666667,5
valve1_0,Thermocouple,CBM 100,6,TimesFM-2.5,0.011538366318537942,95.66666666666667,5
valve1_0,Thermocouple,CBM 100,6,TiRex,0.013986271061705626,91.0,5
valve1_0,Thermocouple,CBM 100,7,Chronos-2,0.010744764447206031,91.33333333333333,5
valve1_0,Thermocouple,CBM 100,7,TimesFM-2.5,0.012478488086611502,90.33333333333333,5
valve1_0,Thermocouple,CBM 100,7,TiRex,0.014284251077566803,88.66666666666667,5
valve1_0,Thermocouple,CBM 100,8,Chronos-2,0.011252161854794988,97.0,5
valve1_0,Thermocouple,CBM 100,8,TimesFM-2.5,0.01156628783202977,96.0,5
valve1_0,Thermocouple,CBM 100,8,TiRex,0.013454841465381149,91.66666666666666,5
valve1_0,Thermocouple,CBM 100,9,Chronos-2,0.011553746780631959,92.0,5
valve1_0,Thermocouple,CBM 100,9,TimesFM-2.5,0.012587391873832218,96.33333333333334,5
valve1_0,Thermocouple,CBM 100,9,TiRex,0.013104676863860826,95.66666666666667,5
valve1_0,Thermocouple,CBM 200,0,Chronos-2,0.012057400181846428,89.0,5
valve1_0,Thermocouple,CBM 200,0,TimesFM-2.5,0.012067275941286978,87.33333333333333,5
valve1_0,Thermocouple,CBM 200,0,TiRex,0.014176705531877146,88.33333333333333,5
valve1_0,Thermocouple,CBM 200,1,Chronos-2,0.01167743835843659,97.33333333333334,5
valve1_0,Thermocouple,CBM 200,1,TimesFM-2.5,0.01156417156810136,97.0,5
valve1_0,Thermocouple,CBM 200,1,TiRex,0.012337164824525005,99.33333333333333,5
valve1_0,Thermocouple,CBM 200,2,Chronos-2,0.012383709750433082,90.0,5
valve1_0,Thermocouple,CBM 200,2,TimesFM-2.5,0.012420711650958097,90.66666666666666,5
valve1_0,Thermocouple,CBM 200,2,TiRex,0.015145362113811959,90.0,5
valve1_0,Thermocouple,CBM 200,3,Chronos-2,0.01352839281437145,93.66666666666667,5
valve1_0,Thermocouple,CBM 200,3,TimesFM-2.5,0.011593705570792392,97.66666666666667,5
valve1_0,Thermocouple,CBM 200,3,TiRex,0.012819236958548507,96.66666666666667,5
valve1_0,Thermocouple,CBM 200,4,Chronos-2,0.012409454780699042,88.33333333333333,5
valve1_0,Thermocouple,CBM 200,4,TimesFM-2.5,0.012515533488221639,89.66666666666666,5
valve1_0,Thermocouple,CBM 200,4,TiRex,0.01456393804837839,90.66666666666666,5
valve1_0,Thermocouple,CBM 200,5,Chronos-2,0.011663435824465138,91.33333333333333,5
valve1_0,Thermocouple,CBM 200,5,TimesFM-2.5,0.01406987552726137,89.33333333333333,5
valve1_0,Thermocouple,CBM 200,5,TiRex,0.01498893345284051,89.0,5
valve1_0,Thermocouple,CBM 200,6,Chronos-2,0.011892592317604835,95.0,5
valve1_0,Thermocouple,CBM 200,6,TimesFM-2.5,0.012303940637442026,95.0,5
valve1_0,Thermocouple,CBM 200,6,TiRex,0.013819257311474964,96.0,5
valve1_0,Thermocouple,CBM 200,7,Chronos-2,0.010632664145699399,94.0,5
valve1_0,Thermocouple,CBM 200,7,TimesFM-2.5,0.012756925828640289,96.66666666666667,5
valve1_0,Thermocouple,CBM 200,7,TiRex,0.013234810230829125,99.0,5
valve1_0,Thermocouple,CBM 200,8,Chronos-2,0.010690796754869393,94.33333333333334,5
valve1_0,Thermocouple,CBM 200,8,TimesFM-2.5,0.010861284994687219,98.33333333333333,5
valve1_0,Thermocouple,CBM 200,8,TiRex,0.018544262367448158,97.0,5
valve1_0,Thermocouple,CBM 200,9,Chronos-2,0.01003861688856891,96.66666666666667,5
valve1_0,Thermocouple,CBM 200,9,TimesFM-2.5,0.012494842224626355,97.33333333333334,5
valve1_0,Thermocouple,CBM 200,9,TiRex,0.013155753335454956,98.0,5
valve1_0,Thermocouple,CBM 400,0,Chronos-2,0.01448336301967962,80.66666666666666,5
valve1_0,Thermocouple,CBM 400,0,TimesFM-2.5,0.033856298611592804,79.33333333333333,5
valve1_0,Thermocouple,CBM 400,0,TiRex,0.013963972032216372,94.0,5
valve1_0,Thermocouple,CBM 400,1,Chronos-2,0.014301191133498372,82.0,5
valve1_0,Thermocouple,CBM 400,1,TimesFM-2.5,0.024761449265007267,82.33333333333334,5
valve1_0,Thermocouple,CBM 400,1,TiRex,0.01389373298521514,90.0,5
valve1_0,Thermocouple,CBM 400,2,Chronos-2,0.014174518180855982,83.66666666666667,5
valve1_0,Thermocouple,CBM 400,2,TimesFM-2.5,0.02479552856005128,87.66666666666667,5
valve1_0,Thermocouple,CBM 400,2,TiRex,0.013936551560593632,99.0,5
valve1_0,Thermocouple,CBM 400,3,Chronos-2,0.014756031161525691,79.33333333333333,5
valve1_0,Thermocouple,CBM 400,3,TimesFM-2.5,0.021696391032449282,86.0,5
valve1_0,Thermocouple,CBM 400,3,TiRex,0.013919862239871097,89.66666666666666,5
valve1_0,Thermocouple,CBM 400,4,Chronos-2,0.014771556936444896,84.0,5
valve1_0,Thermocouple,CBM 400,4,TimesFM-2.5,0.03201737196490711,82.33333333333334,5
valve1_0,Thermocouple,CBM 400,4,TiRex,0.013037858531213259,99.0,5
valve1_0,Thermocouple,CBM 400,5,Chronos-2,0.013152885902607723,85.33333333333334,5
valve1_0,Thermocouple,CBM 400,5,TimesFM-2.5,0.032044442268771484,82.66666666666667,5
valve1_0,Thermocouple,CBM 400,5,TiRex,0.013479565461622225,98.66666666666667,5
valve1_0,Thermocouple,CBM 400,6,Chronos-2,0.010775344436827459,96.33333333333334,5
valve1_0,Thermocouple,CBM 400,6,TimesFM-2.5,0.016724914394140648,95.0,5
valve1_0,Thermocouple,CBM 400,6,TiRex,0.014375832210116079,97.33333333333334,5
valve1_0,Thermocouple,CBM 400,7,Chronos-2,0.013263546725429256,83.33333333333334,5
valve1_0,Thermocouple,CBM 400,7,TimesFM-2.5,0.023429590544128718,85.0,5
valve1_0,Thermocouple,CBM 400,7,TiRex,0.013191560503196262,91.0,5
valve1_0,Thermocouple,CBM 400,8,Chronos-2,0.012208273330717502,92.66666666666666,5
valve1_0,Thermocouple,CBM 400,8,TimesFM-2.5,0.015753826053247655,97.66666666666667,5
valve1_0,Thermocouple,CBM 400,8,TiRex,0.013968391977334361,97.0,5
valve1_0,Thermocouple,CBM 400,9,Chronos-2,0.011757972349078018,96.66666666666667,5
valve1_0,Thermocouple,CBM 400,9,TimesFM-2.5,0.011028770008911573,98.33333333333333,5
valve1_0,Thermocouple,CBM 400,9,TiRex,0.013738746183608309,97.33333333333334,5
valve1_0,Thermocouple,PAI +2σ at 1%,0,Chronos-2,0.011226209450664267,95.0,5
valve1_0,Thermocouple,PAI +2σ at 1%,0,TimesFM-2.5,0.012550932535115295,91.0,5
valve1_0,Thermocouple,PAI +2σ at 1%,0,TiRex,0.012640515760093018,91.66666666666666,5
valve1_0,Thermocouple,PAI +2σ at 1%,1,Chronos-2,0.011053378274352668,95.33333333333334,5
valve1_0,Thermocouple,PAI +2σ at 1%,1,TimesFM-2.5,0.01188786050846105,90.33333333333333,5
valve1_0,Thermocouple,PAI +2σ at 1%,1,TiRex,0.013446157672394632,90.66666666666666,5
valve1_0,Thermocouple,PAI +2σ at 1%,2,Chronos-2,0.011077621758949649,95.33333333333334,5
valve1_0,Thermocouple,PAI +2σ at 1%,2,TimesFM-2.5,0.011822186226755318,86.66666666666667,5
valve1_0,Thermocouple,PAI +2σ at 1%,2,TiRex,0.013002812351041816,90.66666666666666,5
valve1_0,Thermocouple,PAI +2σ at 1%,3,Chronos-2,0.011136144867085963,94.66666666666667,5
valve1_0,Thermocouple,PAI +2σ at 1%,3,TimesFM-2.5,0.012600498944723405,87.0,5
valve1_0,Thermocouple,PAI +2σ at 1%,3,TiRex,0.013139631351599292,91.0,5
valve1_0,Thermocouple,PAI +2σ at 1%,4,Chronos-2,0.011186926304439843,94.0,5
valve1_0,Thermocouple,PAI +2σ at 1%,4,TimesFM-2.5,0.012063063849332482,87.0,5
valve1_0,Thermocouple,PAI +2σ at 1%,4,TiRex,0.013055781494693906,92.0,5
valve1_0,Thermocouple,PAI +2σ at 1%,5,Chronos-2,0.010566491248663492,95.33333333333334,5
valve1_0,Thermocouple,PAI +2σ at 1%,5,TimesFM-2.5,0.012628848640400816,84.66666666666667,5
valve1_0,Thermocouple,PAI +2σ at 1%,5,TiRex,0.013326832824709794,90.33333333333333,5
valve1_0,Thermocouple,PAI +2σ at 1%,6,Chronos-2,0.011012713890544376,95.33333333333334,5
valve1_0,Thermocouple,PAI +2σ at 1%,6,TimesFM-2.5,0.012438114011478514,88.66666666666667,5
valve1_0,Thermocouple,PAI +2σ at 1%,6,TiRex,0.012380322215376452,91.66666666666666,5
valve1_0,Thermocouple,PAI +2σ at 1%,7,Chronos-2,0.010770022032938737,96.66666666666667,5
valve1_0,Thermocouple,PAI +2σ at 1%,7,TimesFM-2.5,0.012495582770974298,87.33333333333333,5
valve1_0,Thermocouple,PAI +2σ at 1%,7,TiRex,0.013622531056733068,91.0,5
valve1_0,Thermocouple,PAI +2σ at 1%,8,Chronos-2,0.010900730323584296,94.66666666666667,5
valve1_0,Thermocouple,PAI +2σ at 1%,8,TimesFM-2.5,0.012040141039555292,91.66666666666666,5
valve1_0,Thermocouple,PAI +2σ at 1%,8,TiRex,0.012633527248379187,92.33333333333333,5
valve1_0,Thermocouple,PAI +2σ at 1%,9,Chronos-2,0.011078243336163706,95.66666666666667,5
valve1_0,Thermocouple,PAI +2σ at 1%,9,TimesFM-2.5,0.01319111918130256,86.66666666666667,5
valve1_0,Thermocouple,PAI +2σ at 1%,9,TiRex,0.012560703933390099,91.66666666666666,5
valve1_0,Thermocouple,PAI +3σ at 1%,0,Chronos-2,0.01110871965276643,94.66666666666667,5
valve1_0,Thermocouple,PAI +3σ at 1%,0,TimesFM-2.5,0.012502974054277277,84.33333333333334,5
valve1_0,Thermocouple,PAI +3σ at 1%,0,TiRex,0.012802121082751907,90.66666666666666,5
valve1_0,Thermocouple,PAI +3σ at 1%,1,Chronos-2,0.011071537093461785,94.33333333333334,5
valve1_0,Thermocouple,PAI +3σ at 1%,1,TimesFM-2.5,0.012579690906935748,84.0,5
valve1_0,Thermocouple,PAI +3σ at 1%,1,TiRex,0.012780769777044945,91.33333333333333,5
valve1_0,Thermocouple,PAI +3σ at 1%,2,Chronos-2,0.011042385433722874,95.0,5
valve1_0,Thermocouple,PAI +3σ at 1%,2,TimesFM-2.5,0.01172129107459606,88.0,5
valve1_0,Thermocouple,PAI +3σ at 1%,2,TiRex,0.012971696471420597,91.66666666666666,5
valve1_0,Thermocouple,PAI +3σ at 1%,3,Chronos-2,0.010587011017687649,95.0,5
valve1_0,Thermocouple,PAI +3σ at 1%,3,TimesFM-2.5,0.01215217395079881,88.0,5
valve1_0,Thermocouple,PAI +3σ at 1%,3,TiRex,0.01299202690197263,90.33333333333333,5
valve1_0,Thermocouple,PAI +3σ at 1%,4,Chronos-2,0.01089831397837638,94.33333333333334,5
valve1_0,Thermocouple,PAI +3σ at 1%,4,TimesFM-2.5,0.012881370866163139,83.33333333333334,5
valve1_0,Thermocouple,PAI +3σ at 1%,4,TiRex,0.013098576618450099,91.0,5
valve1_0,Thermocouple,PAI +3σ at 1%,5,Chronos-2,0.011057747147148066,94.0,5
valve1_0,Thermocouple,PAI +3σ at 1%,5,TimesFM-2.5,0.011930250537923362,87.33333333333333,5
valve1_0,Thermocouple,PAI +3σ at 1%,5,TiRex,0.013100193303365513,91.0,5
valve1_0,Thermocouple,PAI +3σ at 1%,6,Chronos-2,0.01169423084495525,92.0,5
valve1_0,Thermocouple,PAI +3σ at 1%,6,TimesFM-2.5,0.015924935873682013,86.0,5
valve1_0,Thermocouple,PAI +3σ at 1%,6,TiRex,0.013160496047558997,88.66666666666667,5
valve1_0,Thermocouple,PAI +3σ at 1%,7,Chronos-2,0.010593624701864342,95.0,5
valve1_0,Thermocouple,PAI +3σ at 1%,7,TimesFM-2.5,0.011983171109933374,86.33333333333333,5
valve1_0,Thermocouple,PAI +3σ at 1%,7,TiRex,0.012498645192263527,92.0,5
valve1_0,Thermocouple,PAI +3σ at 1%,8,Chronos-2,0.010777972147698513,95.0,5
valve1_0,Thermocouple,PAI +3σ at 1%,8,TimesFM-2.5,0.012503216127051235,84.0,5
valve1_0,Thermocouple,PAI +3σ at 1%,8,TiRex,0.012491506155079166,91.66666666666666,5
valve1_0,Thermocouple,PAI +3σ at 1%,9,Chronos-2,0.011114070207665307,93.66666666666667,5
valve1_0,Thermocouple,PAI +3σ at 1%,9,TimesFM-2.5,0.012101894988672071,87.0,5
valve1_0,Thermocouple,PAI +3σ at 1%,9,TiRex,0.012953953507824002,92.66666666666666,5
valve1_0,Thermocouple,PAI +5σ at 1%,0,Chronos-2,0.011332392652479623,94.0,5
valve1_0,Thermocouple,PAI +5σ at 1%,0,TimesFM-2.5,0.011618876375063921,89.0,5
valve1_0,Thermocouple,PAI +5σ at 1%,0,TiRex,0.012020070424884295,92.33333333333333,5
valve1_0,Thermocouple,PAI +5σ at 1%,1,Chronos-2,0.01090267320046247,93.33333333333333,5
valve1_0,Thermocouple,PAI +5σ at 1%,1,TimesFM-2.5,0.013397467759043992,84.0,5
valve1_0,Thermocouple,PAI +5σ at 1%,1,TiRex,0.012390618476404266,91.0,5
valve1_0,Thermocouple,PAI +5σ at 1%,2,Chronos-2,0.010929083690428385,95.0,5
valve1_0,Thermocouple,PAI +5σ at 1%,2,TimesFM-2.5,0.013082117170528164,85.66666666666667,5
valve1_0,Thermocouple,PAI +5σ at 1%,2,TiRex,0.012398960212520554,92.66666666666666,5
valve1_0,Thermocouple,PAI +5σ at 1%,3,Chronos-2,0.011202905309810867,94.66666666666667,5
valve1_0,Thermocouple,PAI +5σ at 1%,3,TimesFM-2.5,0.011946923500644505,87.0,5
valve1_0,Thermocouple,PAI +5σ at 1%,3,TiRex,0.01247775855146827,92.33333333333333,5
valve1_0,Thermocouple,PAI +5σ at 1%,4,Chronos-2,0.01061544318450371,94.0,5
valve1_0,Thermocouple,PAI +5σ at 1%,4,TimesFM-2.5,0.012903928199817956,86.66666666666667,5
valve1_0,Thermocouple,PAI +5σ at 1%,4,TiRex,0.01236180068560853,92.66666666666666,5
valve1_0,Thermocouple,PAI +5σ at 1%,5,Chronos-2,0.010739486244186911,95.0,5
valve1_0,Thermocouple,PAI +5σ at 1%,5,TimesFM-2.5,0.012420576649500453,83.0,5
valve1_0,Thermocouple,PAI +5σ at 1%,5,TiRex,0.012298358414468987,90.66666666666666,5
valve1_0,Thermocouple,PAI +5σ at 1%,6,Chronos-2,0.011237095622256759,94.0,5
valve1_0,Thermocouple,PAI +5σ at 1%,6,TimesFM-2.5,0.013512097226714268,83.0,5
valve1_0,Thermocouple,PAI +5σ at 1%,6,TiRex,0.011975024068692495,91.33333333333333,5
valve1_0,Thermocouple,PAI +5σ at 1%,7,Chronos-2,0.011649494463218857,91.33333333333333,5
valve1_0,Thermocouple,PAI +5σ at 1%,7,TimesFM-2.5,0.01230574842975132,84.33333333333334,5
valve1_0,Thermocouple,PAI +5σ at 1%,7,TiRex,0.012719994811080734,90.66666666666666,5
valve1_0,Thermocouple,PAI +5σ at 1%,8,Chronos-2,0.010545110745243344,95.33333333333334,5
valve1_0,Thermocouple,PAI +5σ at 1%,8,TimesFM-2.5,0.012814592149897197,84.66666666666667,5
valve1_0,Thermocouple,PAI +5σ at 1%,8,TiRex,0.012498153477319814,92.66666666666666,5
valve1_0,Thermocouple,PAI +5σ at 1%,9,Chronos-2,0.010799560037694432,93.33333333333333,5
valve1_0,Thermocouple,PAI +5σ at 1%,9,TimesFM-2.5,0.012622101991598777,84.33333333333334,5
valve1_0,Thermocouple,PAI +5σ at 1%,9,TiRex,0.012570280278653366,91.33333333333333,5
valve1_0,Voltage,Clean,0,Chronos-2,11.130269802088593,76.33333333333333,5
valve1_0,Voltage,Clean,0,TimesFM-2.5,11.094821720802724,77.66666666666666,5
valve1_0,Voltage,Clean,0,TiRex,11.12071103777622,79.33333333333333,5
valve1_0,Voltage,RPM 5%,0,Chronos-2,11.136374945738918,76.66666666666667,5
valve1_0,Voltage,RPM 5%,0,TimesFM-2.5,11.095759084057223,78.66666666666666,5
valve1_0,Voltage,RPM 5%,0,TiRex,11.141892786645895,79.66666666666666,5
valve1_0,Voltage,RPM 5%,1,Chronos-2,11.129774535823683,75.66666666666667,5
valve1_0,Voltage,RPM 5%,1,TimesFM-2.5,11.09470708950339,77.33333333333333,5
valve1_0,Voltage,RPM 5%,1,TiRex,11.133393921750967,80.0,5
valve1_0,Voltage,RPM 5%,2,Chronos-2,11.127313247132667,76.33333333333333,5
valve1_0,Voltage,RPM 5%,2,TimesFM-2.5,11.096950016729481,77.66666666666666,5
valve1_0,Voltage,RPM 5%,2,TiRex,11.142489824814918,79.66666666666666,5
valve1_0,Voltage,RPM 5%,3,Chronos-2,11.130384795157843,77.0,5
valve1_0,Voltage,RPM 5%,3,TimesFM-2.5,11.106009354908647,78.0,5
valve1_0,Voltage,RPM 5%,3,TiRex,11.12782397324252,79.66666666666666,5
valve1_0,Voltage,RPM 5%,4,Chronos-2,11.129183293984198,75.33333333333333,5
valve1_0,Voltage,RPM 5%,4,TimesFM-2.5,11.08982307578997,78.0,5
valve1_0,Voltage,RPM 5%,4,TiRex,11.12814859534383,80.0,5
valve1_0,Voltage,RPM 5%,5,Chronos-2,11.130157451370366,75.0,5
valve1_0,Voltage,RPM 5%,5,TimesFM-2.5,11.092637680346664,77.66666666666666,5
valve1_0,Voltage,RPM 5%,5,TiRex,11.162165319533427,79.33333333333333,5
valve1_0,Voltage,RPM 5%,6,Chronos-2,11.129268687278486,75.66666666666667,5
valve1_0,Voltage,RPM 5%,6,TimesFM-2.5,11.09831102918837,77.0,5
valve1_0,Voltage,RPM 5%,6,TiRex,11.14030999077264,80.0,5
valve1_0,Voltage,RPM 5%,7,Chronos-2,11.131527813920053,75.33333333333333,5
valve1_0,Voltage,RPM 5%,7,TimesFM-2.5,11.095543587435401,78.0,5
valve1_0,Voltage,RPM 5%,7,TiRex,11.13068423360362,79.0,5
valve1_0,Voltage,RPM 5%,8,Chronos-2,11.125032404353146,75.0,5
valve1_0,Voltage,RPM 5%,8,TimesFM-2.5,11.093840980292192,78.33333333333333,5
valve1_0,Voltage,RPM 5%,8,TiRex,11.131938921293107,79.66666666666666,5
valve1_0,Voltage,RPM 5%,9,Chronos-2,11.129111562652502,76.0,5
valve1_0,Voltage,RPM 5%,9,TimesFM-2.5,11.09302770914436,77.66666666666666,5
valve1_0,Voltage,RPM 5%,9,TiRex,11.119265758301154,79.66666666666666,5
valve1_0,Voltage,RPM 10%,0,Chronos-2,11.122642489704797,76.33333333333333,5
valve1_0,Voltage,RPM 10%,0,TimesFM-2.5,11.155285925508476,77.0,5
valve1_0,Voltage,RPM 10%,0,TiRex,11.14793160969066,80.0,5
valve1_0,Voltage,RPM 10%,1,Chronos-2,11.128879179710056,75.33333333333333,5
valve1_0,Voltage,RPM 10%,1,TimesFM-2.5,11.140225508145887,78.0,5
valve1_0,Voltage,RPM 10%,1,TiRex,11.176818217261891,79.33333333333333,5
valve1_0,Voltage,RPM 10%,2,Chronos-2,11.135999599254198,75.66666666666667,5
valve1_0,Voltage,RPM 10%,2,TimesFM-2.5,11.123698887266821,78.66666666666666,5
valve1_0,Voltage,RPM 10%,2,TiRex,11.179604221049324,80.33333333333333,5
valve1_0,Voltage,RPM 10%,3,Chronos-2,11.131083883635403,76.66666666666667,5
valve1_0,Voltage,RPM 10%,3,TimesFM-2.5,11.124815455729275,78.33333333333333,5
valve1_0,Voltage,RPM 10%,3,TiRex,11.146508101240903,79.66666666666666,5
valve1_0,Voltage,RPM 10%,4,Chronos-2,11.120796372199978,76.33333333333333,5
valve1_0,Voltage,RPM 10%,4,TimesFM-2.5,11.105743014505972,77.66666666666666,5
valve1_0,Voltage,RPM 10%,4,TiRex,11.17746198290674,79.33333333333333,5
valve1_0,Voltage,RPM 10%,5,Chronos-2,11.127099569679512,75.66666666666667,5
valve1_0,Voltage,RPM 10%,5,TimesFM-2.5,11.099053815319687,78.33333333333333,5
valve1_0,Voltage,RPM 10%,5,TiRex,11.191327642181232,80.66666666666666,5
valve1_0,Voltage,RPM 10%,6,Chronos-2,11.13945362973587,75.0,5
valve1_0,Voltage,RPM 10%,6,TimesFM-2.5,11.11828652569582,76.0,5
valve1_0,Voltage,RPM 10%,6,TiRex,11.171965448701364,79.66666666666666,5
valve1_0,Voltage,RPM 10%,7,Chronos-2,11.125021640694744,76.33333333333333,5
valve1_0,Voltage,RPM 10%,7,TimesFM-2.5,11.131003524448694,77.66666666666666,5
valve1_0,Voltage,RPM 10%,7,TiRex,11.205600484955875,79.66666666666666,5
valve1_0,Voltage,RPM 10%,8,Chronos-2,11.133218601456417,76.0,5
valve1_0,Voltage,RPM 10%,8,TimesFM-2.5,11.097626372478231,76.33333333333333,5
valve1_0,Voltage,RPM 10%,8,TiRex,11.17571640017316,79.66666666666666,5
valve1_0,Voltage,RPM 10%,9,Chronos-2,11.13871924159661,76.0,5
valve1_0,Voltage,RPM 10%,9,TimesFM-2.5,11.101553651697794,78.33333333333333,5
valve1_0,Voltage,RPM 10%,9,TiRex,11.210522352664146,78.66666666666666,5
valve1_0,Voltage,RPM 20%,0,Chronos-2,11.119951252864185,75.0,5
valve1_0,Voltage,RPM 20%,0,TimesFM-2.5,11.124538808818091,76.66666666666667,5
valve1_0,Voltage,RPM 20%,0,TiRex,11.199803407910938,79.33333333333333,5
valve1_0,Voltage,RPM 20%,1,Chronos-2,11.139001555511964,75.66666666666667,5
valve1_0,Voltage,RPM 20%,1,TimesFM-2.5,11.12203695938183,75.66666666666667,5
valve1_0,Voltage,RPM 20%,1,TiRex,11.169496707955046,78.66666666666666,5
valve1_0,Voltage,RPM 20%,2,Chronos-2,11.117816031593787,76.66666666666667,5
valve1_0,Voltage,RPM 20%,2,TimesFM-2.5,11.109090627347395,78.0,5
valve1_0,Voltage,RPM 20%,2,TiRex,11.171241492130761,80.33333333333333,5
valve1_0,Voltage,RPM 20%,3,Chronos-2,11.109353415715786,75.0,5
valve1_0,Voltage,RPM 20%,3,TimesFM-2.5,11.175703585099594,76.66666666666667,5
valve1_0,Voltage,RPM 20%,3,TiRex,11.142305393197148,80.0,5
valve1_0,Voltage,RPM 20%,4,Chronos-2,11.128243257370675,75.33333333333333,5
valve1_0,Voltage,RPM 20%,4,TimesFM-2.5,11.1142455030065,75.66666666666667,5
valve1_0,Voltage,RPM 20%,4,TiRex,11.209671016401897,79.33333333333333,5
valve1_0,Voltage,RPM 20%,5,Chronos-2,11.130698512269333,75.33333333333333,5
valve1_0,Voltage,RPM 20%,5,TimesFM-2.5,11.130473347647973,77.33333333333333,5
valve1_0,Voltage,RPM 20%,5,TiRex,11.20348715499388,79.33333333333333,5
valve1_0,Voltage,RPM 20%,6,Chronos-2,11.122477801168731,75.0,5
valve1_0,Voltage,RPM 20%,6,TimesFM-2.5,11.12860334148168,76.66666666666667,5
valve1_0,Voltage,RPM 20%,6,TiRex,11.184764666461701,79.33333333333333,5
valve1_0,Voltage,RPM 20%,7,Chronos-2,11.135586413653598,75.0,5
valve1_0,Voltage,RPM 20%,7,TimesFM-2.5,11.10971725350741,77.0,5
valve1_0,Voltage,RPM 20%,7,TiRex,11.196955016592497,78.33333333333333,5
valve1_0,Voltage,RPM 20%,8,Chronos-2,11.12136465944552,74.66666666666667,5
valve1_0,Voltage,RPM 20%,8,TimesFM-2.5,11.125234505402544,76.66666666666667,5
valve1_0,Voltage,RPM 20%,8,TiRex,11.195796108216141,79.66666666666666,5
valve1_0,Voltage,RPM 20%,9,Chronos-2,11.127161385210636,75.0,5
valve1_0,Voltage,RPM 20%,9,TimesFM-2.5,11.116285394605708,77.0,5
valve1_0,Voltage,RPM 20%,9,TiRex,11.152213185640818,79.0,5
valve1_0,Voltage,CBM 100,0,Chronos-2,11.127527214404049,77.0,5
valve1_0,Voltage,CBM 100,0,TimesFM-2.5,11.199707157895201,79.0,5
valve1_0,Voltage,CBM 100,0,TiRex,11.138571022610344,78.66666666666666,5
valve1_0,Voltage,CBM 100,1,Chronos-2,11.11809285502097,76.33333333333333,5
valve1_0,Voltage,CBM 100,1,TimesFM-2.5,11.112923507565581,78.33333333333333,5
valve1_0,Voltage,CBM 100,1,TiRex,11.152516776138732,78.66666666666666,5
valve1_0,Voltage,CBM 100,2,Chronos-2,11.120804816165503,76.66666666666667,5
valve1_0,Voltage,CBM 100,2,TimesFM-2.5,11.218514725455874,78.33333333333333,5
valve1_0,Voltage,CBM 100,2,TiRex,11.108340907496306,78.66666666666666,5
valve1_0,Voltage,CBM 100,3,Chronos-2,11.115498054268045,76.33333333333333,5
valve1_0,Voltage,CBM 100,3,TimesFM-2.5,11.113215608948781,78.0,5
valve1_0,Voltage,CBM 100,3,TiRex,11.114639025284456,79.33333333333333,5
valve1_0,Voltage,CBM 100,4,Chronos-2,11.121798162429036,77.0,5
valve1_0,Voltage,CBM 100,4,TimesFM-2.5,11.142208902681546,79.33333333333333,5
valve1_0,Voltage,CBM 100,4,TiRex,11.13644120350959,80.33333333333333,5
valve1_0,Voltage,CBM 100,5,Chronos-2,11.122451804320432,76.66666666666667,5
valve1_0,Voltage,CBM 100,5,TimesFM-2.5,11.121784753893877,79.0,5
valve1_0,Voltage,CBM 100,5,TiRex,11.110745757197401,79.66666666666666,5
valve1_0,Voltage,CBM 100,6,Chronos-2,11.126244051672797,76.66666666666667,5
valve1_0,Voltage,CBM 100,6,TimesFM-2.5,11.10779414519457,79.0,5
valve1_0,Voltage,CBM 100,6,TiRex,11.115903587074667,79.0,5
valve1_0,Voltage,CBM 100,7,Chronos-2,11.13076791844043,76.33333333333333,5
valve1_0,Voltage,CBM 100,7,TimesFM-2.5,11.124225139873595,78.33333333333333,5
valve1_0,Voltage,CBM 100,7,TiRex,11.097810227972657,79.66666666666666,5
valve1_0,Voltage,CBM 100,8,Chronos-2,11.133596308723359,76.66666666666667,5
valve1_0,Voltage,CBM 100,8,TimesFM-2.5,11.133214584128433,79.0,5
valve1_0,Voltage,CBM 100,8,TiRex,11.08990058806805,78.33333333333333,5
valve1_0,Voltage,CBM 100,9,Chronos-2,11.139951152019806,76.33333333333333,5
valve1_0,Voltage,CBM 100,9,TimesFM-2.5,11.147452858470094,79.0,5
valve1_0,Voltage,CBM 100,9,TiRex,11.12297258486348,79.66666666666666,5
valve1_0,Voltage,CBM 200,0,Chronos-2,11.14386771096351,77.66666666666666,5
valve1_0,Voltage,CBM 200,0,TimesFM-2.5,11.203190289297195,79.33333333333333,5
valve1_0,Voltage,CBM 200,0,TiRex,11.127380433772963,80.0,5
valve1_0,Voltage,CBM 200,1,Chronos-2,11.126764958346639,77.0,5
valve1_0,Voltage,CBM 200,1,TimesFM-2.5,11.192848032172448,79.0,5
valve1_0,Voltage,CBM 200,1,TiRex,11.135309494571763,79.33333333333333,5
valve1_0,Voltage,CBM 200,2,Chronos-2,11.133535093706971,76.66666666666667,5
valve1_0,Voltage,CBM 200,2,TimesFM-2.5,11.13375293116062,78.66666666666666,5
valve1_0,Voltage,CBM 200,2,TiRex,11.117116598576528,78.33333333333333,5
valve1_0,Voltage,CBM 200,3,Chronos-2,11.143280605562808,77.66666666666666,5
valve1_0,Voltage,CBM 200,3,TimesFM-2.5,11.206576313329078,80.33333333333333,5
valve1_0,Voltage,CBM 200,3,TiRex,11.119527800843818,79.33333333333333,5
valve1_0,Voltage,CBM 200,4,Chronos-2,11.121627147616294,78.33333333333333,5
valve1_0,Voltage,CBM 200,4,TimesFM-2.5,11.175648556546172,80.0,5
valve1_0,Voltage,CBM 200,4,TiRex,11.171196713225392,78.33333333333333,5
valve1_0,Voltage,CBM 200,5,Chronos-2,11.124068035209687,76.66666666666667,5
valve1_0,Voltage,CBM 200,5,TimesFM-2.5,11.209010885946508,79.66666666666666,5
valve1_0,Voltage,CBM 200,5,TiRex,11.129372702811487,78.33333333333333,5
valve1_0,Voltage,CBM 200,6,Chronos-2,11.112999733489412,77.0,5
valve1_0,Voltage,CBM 200,6,TimesFM-2.5,11.197696036829118,80.0,5
valve1_0,Voltage,CBM 200,6,TiRex,11.13338225793741,80.0,5
valve1_0,Voltage,CBM 200,7,Chronos-2,11.124554249616915,77.0,5
valve1_0,Voltage,CBM 200,7,TimesFM-2.5,11.22578093787914,79.0,5
valve1_0,Voltage,CBM 200,7,TiRex,11.121691165635283,79.33333333333333,5
valve1_0,Voltage,CBM 200,8,Chronos-2,11.126665478453937,76.66666666666667,5
valve1_0,Voltage,CBM 200,8,TimesFM-2.5,11.149161048134905,80.0,5
valve1_0,Voltage,CBM 200,8,TiRex,11.127629264291814,78.0,5
valve1_0,Voltage,CBM 200,9,Chronos-2,11.11061228521046,77.33333333333333,5
valve1_0,Voltage,CBM 200,9,TimesFM-2.5,11.282193254983438,79.33333333333333,5
valve1_0,Voltage,CBM 200,9,TiRex,11.104702267880366,79.66666666666666,5
valve1_0,Voltage,CBM 400,0,Chronos-2,11.14708168576505,78.33333333333333,5
valve1_0,Voltage,CBM 400,0,TimesFM-2.5,11.23307310705938,80.33333333333333,5
valve1_0,Voltage,CBM 400,0,TiRex,11.157286455579397,79.33333333333333,5
valve1_0,Voltage,CBM 400,1,Chronos-2,11.117343021476099,78.0,5
valve1_0,Voltage,CBM 400,1,TimesFM-2.5,11.257029294084242,80.0,5
valve1_0,Voltage,CBM 400,1,TiRex,11.179607524891777,79.33333333333333,5
valve1_0,Voltage,CBM 400,2,Chronos-2,11.131309224696071,78.0,5
valve1_0,Voltage,CBM 400,2,TimesFM-2.5,11.210155121175521,81.33333333333333,5
valve1_0,Voltage,CBM 400,2,TiRex,11.208671670883206,79.33333333333333,5
valve1_0,Voltage,CBM 400,3,Chronos-2,11.114510323349617,77.66666666666666,5
valve1_0,Voltage,CBM 400,3,TimesFM-2.5,11.188332103920567,79.33333333333333,5
valve1_0,Voltage,CBM 400,3,TiRex,11.166601261509067,78.66666666666666,5
valve1_0,Voltage,CBM 400,4,Chronos-2,11.126703100211492,76.66666666666667,5
valve1_0,Voltage,CBM 400,4,TimesFM-2.5,11.281045767615995,80.0,5
valve1_0,Voltage,CBM 400,4,TiRex,11.208260202698083,78.66666666666666,5
valve1_0,Voltage,CBM 400,5,Chronos-2,11.151714234500567,78.0,5
valve1_0,Voltage,CBM 400,5,TimesFM-2.5,11.170968211991951,80.33333333333333,5
valve1_0,Voltage,CBM 400,5,TiRex,11.18801554078143,79.0,5
valve1_0,Voltage,CBM 400,6,Chronos-2,11.111719734956095,77.66666666666666,5
valve1_0,Voltage,CBM 400,6,TimesFM-2.5,11.21137257474618,80.0,5
valve1_0,Voltage,CBM 400,6,TiRex,11.171594371784142,79.33333333333333,5
valve1_0,Voltage,CBM 400,7,Chronos-2,11.134685171715056,78.33333333333333,5
valve1_0,Voltage,CBM 400,7,TimesFM-2.5,11.144518152642387,79.66666666666666,5
valve1_0,Voltage,CBM 400,7,TiRex,11.19662013977106,79.66666666666666,5
valve1_0,Voltage,CBM 400,8,Chronos-2,11.12515415784964,77.0,5
valve1_0,Voltage,CBM 400,8,TimesFM-2.5,11.208774659161225,80.66666666666666,5
valve1_0,Voltage,CBM 400,8,TiRex,11.126115296414497,79.66666666666666,5
valve1_0,Voltage,CBM 400,9,Chronos-2,11.133457352672812,77.33333333333333,5
valve1_0,Voltage,CBM 400,9,TimesFM-2.5,11.21166448563519,80.0,5
valve1_0,Voltage,CBM 400,9,TiRex,11.186751390991104,79.0,5
valve1_0,Voltage,PAI +2σ at 1%,0,Chronos-2,11.131708711591116,76.33333333333333,5
valve1_0,Voltage,PAI +2σ at 1%,0,TimesFM-2.5,11.09724581812332,78.66666666666666,5
valve1_0,Voltage,PAI +2σ at 1%,0,TiRex,11.12603876872574,79.66666666666666,5
valve1_0,Voltage,PAI +2σ at 1%,1,Chronos-2,11.136680340593141,76.33333333333333,5
valve1_0,Voltage,PAI +2σ at 1%,1,TimesFM-2.5,11.092637967822242,78.33333333333333,5
valve1_0,Voltage,PAI +2σ at 1%,1,TiRex,11.122316183041692,79.66666666666666,5
valve1_0,Voltage,PAI +2σ at 1%,2,Chronos-2,11.138612142903423,77.0,5
valve1_0,Voltage,PAI +2σ at 1%,2,TimesFM-2.5,11.091989136218961,78.33333333333333,5
valve1_0,Voltage,PAI +2σ at 1%,2,TiRex,11.126710607520895,80.0,5
valve1_0,Voltage,PAI +2σ at 1%,3,Chronos-2,11.135741208743635,76.66666666666667,5
valve1_0,Voltage,PAI +2σ at 1%,3,TimesFM-2.5,11.098808835620046,78.33333333333333,5
valve1_0,Voltage,PAI +2σ at 1%,3,TiRex,11.122257233434434,79.33333333333333,5
valve1_0,Voltage,PAI +2σ at 1%,4,Chronos-2,11.128031225510842,77.0,5
valve1_0,Voltage,PAI +2σ at 1%,4,TimesFM-2.5,11.09464744581308,78.0,5
valve1_0,Voltage,PAI +2σ at 1%,4,TiRex,11.121839012600226,80.0,5
valve1_0,Voltage,PAI +2σ at 1%,5,Chronos-2,11.13756411976315,77.0,5
valve1_0,Voltage,PAI +2σ at 1%,5,TimesFM-2.5,11.09910788901174,78.33333333333333,5
valve1_0,Voltage,PAI +2σ at 1%,5,TiRex,11.124147512785951,79.66666666666666,5
valve1_0,Voltage,PAI +2σ at 1%,6,Chronos-2,11.133421718931471,76.66666666666667,5
valve1_0,Voltage,PAI +2σ at 1%,6,TimesFM-2.5,11.098126259185024,78.0,5
valve1_0,Voltage,PAI +2σ at 1%,6,TiRex,11.119832634663092,79.66666666666666,5
valve1_0,Voltage,PAI +2σ at 1%,7,Chronos-2,11.136812846126018,77.0,5
valve1_0,Voltage,PAI +2σ at 1%,7,TimesFM-2.5,11.08957699198668,78.0,5
valve1_0,Voltage,PAI +2σ at 1%,7,TiRex,11.11336240706022,79.66666666666666,5
valve1_0,Voltage,PAI +2σ at 1%,8,Chronos-2,11.138458567548087,77.0,5
valve1_0,Voltage,PAI +2σ at 1%,8,TimesFM-2.5,11.095742662252126,78.0,5
valve1_0,Voltage,PAI +2σ at 1%,8,TiRex,11.115056363937809,79.33333333333333,5
valve1_0,Voltage,PAI +2σ at 1%,9,Chronos-2,11.131999261923285,77.0,5
valve1_0,Voltage,PAI +2σ at 1%,9,TimesFM-2.5,11.102930524815964,78.33333333333333,5
valve1_0,Voltage,PAI +2σ at 1%,9,TiRex,11.12310917888294,80.0,5
valve1_0,Voltage,PAI +3σ at 1%,0,Chronos-2,11.138873531434896,77.0,5
valve1_0,Voltage,PAI +3σ at 1%,0,TimesFM-2.5,11.103967941929364,78.0,5
valve1_0,Voltage,PAI +3σ at 1%,0,TiRex,11.122164558222199,79.66666666666666,5
valve1_0,Voltage,PAI +3σ at 1%,1,Chronos-2,11.140052036802095,77.33333333333333,5
valve1_0,Voltage,PAI +3σ at 1%,1,TimesFM-2.5,11.096718437127993,79.33333333333333,5
valve1_0,Voltage,PAI +3σ at 1%,1,TiRex,11.123782247653487,80.0,5
valve1_0,Voltage,PAI +3σ at 1%,2,Chronos-2,11.138396290914876,77.66666666666666,5
valve1_0,Voltage,PAI +3σ at 1%,2,TimesFM-2.5,11.103136112092447,79.33333333333333,5
valve1_0,Voltage,PAI +3σ at 1%,2,TiRex,11.12645369803971,79.0,5
valve1_0,Voltage,PAI +3σ at 1%,3,Chronos-2,11.13533347050064,77.33333333333333,5
valve1_0,Voltage,PAI +3σ at 1%,3,TimesFM-2.5,11.10069922645712,78.66666666666666,5
valve1_0,Voltage,PAI +3σ at 1%,3,TiRex,11.12134948881053,80.33333333333333,5
valve1_0,Voltage,PAI +3σ at 1%,4,Chronos-2,11.135305922609014,76.66666666666667,5
valve1_0,Voltage,PAI +3σ at 1%,4,TimesFM-2.5,11.095712955263618,78.33333333333333,5
valve1_0,Voltage,PAI +3σ at 1%,4,TiRex,11.128150490866702,80.33333333333333,5
valve1_0,Voltage,PAI +3σ at 1%,5,Chronos-2,11.13597095636121,77.0,5
valve1_0,Voltage,PAI +3σ at 1%,5,TimesFM-2.5,11.108111559789426,80.0,5
valve1_0,Voltage,PAI +3σ at 1%,5,TiRex,11.123123948894989,80.33333333333333,5
valve1_0,Voltage,PAI +3σ at 1%,6,Chronos-2,11.13446826766884,77.33333333333333,5
valve1_0,Voltage,PAI +3σ at 1%,6,TimesFM-2.5,11.095157219190549,78.66666666666666,5
valve1_0,Voltage,PAI +3σ at 1%,6,TiRex,11.128510487675792,80.0,5
valve1_0,Voltage,PAI +3σ at 1%,7,Chronos-2,11.143668384970209,79.0,5
valve1_0,Voltage,PAI +3σ at 1%,7,TimesFM-2.5,11.104605231508167,79.0,5
valve1_0,Voltage,PAI +3σ at 1%,7,TiRex,11.123611672662882,80.0,5
valve1_0,Voltage,PAI +3σ at 1%,8,Chronos-2,11.137865913602663,77.0,5
valve1_0,Voltage,PAI +3σ at 1%,8,TimesFM-2.5,11.095827000261417,78.33333333333333,5
valve1_0,Voltage,PAI +3σ at 1%,8,TiRex,11.102162023933012,80.0,5
valve1_0,Voltage,PAI +3σ at 1%,9,Chronos-2,11.134617454540424,77.66666666666666,5
valve1_0,Voltage,PAI +3σ at 1%,9,TimesFM-2.5,11.093989888945748,79.33333333333333,5
valve1_0,Voltage,PAI +3σ at 1%,9,TiRex,11.102901930183762,80.0,5
valve1_0,Voltage,PAI +5σ at 1%,0,Chronos-2,11.135811115974281,77.33333333333333,5
valve1_0,Voltage,PAI +5σ at 1%,0,TimesFM-2.5,11.131189786882198,79.33333333333333,5
valve1_0,Voltage,PAI +5σ at 1%,0,TiRex,11.130990737620968,80.66666666666666,5
valve1_0,Voltage,PAI +5σ at 1%,1,Chronos-2,11.134891832369428,76.66666666666667,5
valve1_0,Voltage,PAI +5σ at 1%,1,TimesFM-2.5,11.183090691701056,77.33333333333333,5
valve1_0,Voltage,PAI +5σ at 1%,1,TiRex,11.107930916510751,80.66666666666666,5
valve1_0,Voltage,PAI +5σ at 1%,2,Chronos-2,11.139481815039368,78.0,5
valve1_0,Voltage,PAI +5σ at 1%,2,TimesFM-2.5,11.134374582386515,78.66666666666666,5
valve1_0,Voltage,PAI +5σ at 1%,2,TiRex,11.124572602778567,80.66666666666666,5
valve1_0,Voltage,PAI +5σ at 1%,3,Chronos-2,11.137083395572454,77.66666666666666,5
valve1_0,Voltage,PAI +5σ at 1%,3,TimesFM-2.5,11.097389236306684,77.66666666666666,5
valve1_0,Voltage,PAI +5σ at 1%,3,TiRex,11.123147814928481,80.0,5
valve1_0,Voltage,PAI +5σ at 1%,4,Chronos-2,11.13834134633615,78.0,5
valve1_0,Voltage,PAI +5σ at 1%,4,TimesFM-2.5,11.125395319095306,79.0,5
valve1_0,Voltage,PAI +5σ at 1%,4,TiRex,11.134718574448662,81.0,5
valve1_0,Voltage,PAI +5σ at 1%,5,Chronos-2,11.136738180364402,77.33333333333333,5
valve1_0,Voltage,PAI +5σ at 1%,5,TimesFM-2.5,11.13899316749818,78.0,5
valve1_0,Voltage,PAI +5σ at 1%,5,TiRex,11.12721356705448,81.0,5
valve1_0,Voltage,PAI +5σ at 1%,6,Chronos-2,11.141922177328054,77.66666666666666,5
valve1_0,Voltage,PAI +5σ at 1%,6,TimesFM-2.5,11.158153148930678,78.66666666666666,5
valve1_0,Voltage,PAI +5σ at 1%,6,TiRex,11.123599933543248,80.0,5
valve1_0,Voltage,PAI +5σ at 1%,7,Chronos-2,11.13671819451435,77.66666666666666,5
valve1_0,Voltage,PAI +5σ at 1%,7,TimesFM-2.5,11.126484326276058,78.0,5
valve1_0,Voltage,PAI +5σ at 1%,7,TiRex,11.124608698398172,80.33333333333333,5
valve1_0,Voltage,PAI +5σ at 1%,8,Chronos-2,11.144670621332146,78.0,5
valve1_0,Voltage,PAI +5σ at 1%,8,TimesFM-2.5,11.155268053908218,78.0,5
valve1_0,Voltage,PAI +5σ at 1%,8,TiRex,11.12726824851165,80.33333333333333,5
valve1_0,Voltage,PAI +5σ at 1%,9,Chronos-2,11.137663378347801,77.33333333333333,5
valve1_0,Voltage,PAI +5σ at 1%,9,TimesFM-2.5,11.120367603724281,79.33333333333333,5
valve1_0,Voltage,PAI +5σ at 1%,9,TiRex,11.128611667703048,79.66666666666666,5
